{
    "$schema": "http://schema.management.azure.com/schemas/2015-01-01/deploymentTemplate.json#",
    "contentVersion": "1.0.0.0",
    "parameters": {
        "factoryName": {
            "type": "string",
            "metadata": "Data Factory Name",
            "defaultValue": "ba-dev-adf"
        }
    },
    "variables": {
        "factoryId": "[concat('Microsoft.DataFactory/factories/', parameters('factoryName'))]"
    },
    "resources": [
        {
            "name": "[concat(parameters('factoryName'), '/df_adls_badevdb_DimPOLineDetails')]",
            "type": "Microsoft.DataFactory/factories/dataflows",
            "apiVersion": "2018-06-01",
            "properties": {
                "folder": {
                    "name": "QAD"
                },
                "type": "MappingDataFlow",
                "typeProperties": {
                    "sources": [
                        {
                            "dataset": {
                                "referenceName": "in_df_ds_adls_qad_pod_det",
                                "type": "DatasetReference"
                            },
                            "name": "srcPodDet",
                            "typeProperties": {},
                            "script": "source(output(\n\t\tprrowid as string,\n\t\tpod_nbr as string,\n\t\tpod_due_date as string,\n\t\tpod_line as string,\n\t\tpod_part as string,\n\t\tpod_qty_ord as string,\n\t\tpod_qty_rcvd as string,\n\t\tpod_pur_cost as string,\n\t\tpod_std_cost as string,\n\t\tpod_so_job as string,\n\t\tpod_qty_chg as string,\n\t\tpod_cost_chg as string,\n\t\tpod_bo_chg as string,\n\t\tpod_acct as string,\n\t\tpod_per_date as string,\n\t\tpod_type as string,\n\t\tpod_insp_rqd as string,\n\t\tpod_wo_lot as string,\n\t\tpod_vpart as string,\n\t\tpod_need as string,\n\t\tpod_taxable as string,\n\t\tpod_desc as string,\n\t\tpod_cc as string,\n\t\t{pod__qad04##1} as string,\n\t\t{pod__qad04##2} as string,\n\t\t{pod__qad04##3} as string,\n\t\t{pod__qad04##4} as string,\n\t\t{pod__qad04##5} as string,\n\t\tpod_um as string,\n\t\tpod_disc_pct as string,\n\t\tpod_req_nbr as string,\n\t\tpod__qad10 as string,\n\t\tpod_um_conv as string,\n\t\tpod_loc as string,\n\t\tpod_serial as string,\n\t\tpod_op as string,\n\t\tpod_contract as string,\n\t\tpod_status as string,\n\t\tpod_rev as string,\n\t\tpod_cmtindx as string,\n\t\tpod_req_line as string,\n\t\tpod_project as string,\n\t\tpod_ps_chg as string,\n\t\tpod_cst_up as string,\n\t\tpod_rum as string,\n\t\tpod_user1 as string,\n\t\tpod_user2 as string,\n\t\tpod_vat as string,\n\t\tpod__qad16 as string,\n\t\tpod__qad06 as string,\n\t\tpod_pst as string,\n\t\tpod__qad13 as string,\n\t\tpod__qad07 as string,\n\t\tpod_pay_um as string,\n\t\tpod_pum_conv as string,\n\t\tpod__qad15 as string,\n\t\tpod_site as string,\n\t\tpod_rum_conv as string,\n\t\tpod_qty_rtnd as string,\n\t\tpod_blanket as string,\n\t\tpod_blnkt_ln as string,\n\t\tpod_item_rev_date as string,\n\t\tpod__qad02 as string,\n\t\tpod__qad03 as string,\n\t\tpod__qad05 as string,\n\t\tpod__qad08 as string,\n\t\tpod__qad09 as string,\n\t\tpod__qad11 as string,\n\t\tpod__qad12 as string,\n\t\tpod__qad14 as string,\n\t\tpod_rel_nbr as string,\n\t\tpod_rel_qty as string,\n\t\tpod_reason as string,\n\t\tpod_request as string,\n\t\tpod_approve as string,\n\t\tpod__chr01 as string,\n\t\tpod__chr02 as string,\n\t\tpod__chr03 as string,\n\t\tpod__chr04 as string,\n\t\tpod__chr05 as string,\n\t\tpod__chr06 as string,\n\t\tpod__chr07 as string,\n\t\tpod__chr08 as string,\n\t\tpod__chr09 as string,\n\t\tpod__chr10 as string,\n\t\tpod__dte01 as string,\n\t\tpod__dte02 as string,\n\t\tpod__dec01 as string,\n\t\tpod__dec02 as string,\n\t\tpod__log01 as string,\n\t\tpod_rma_type as string,\n\t\tpod_tax_max as string,\n\t\t{pod_cum_qty##1} as string,\n\t\t{pod_cum_qty##2} as string,\n\t\t{pod_cum_qty##3} as string,\n\t\t{pod_cum_qty##4} as string,\n\t\t{pod_cum_date##1} as string,\n\t\t{pod_cum_date##2} as string,\n\t\t{pod_cum_date##3} as string,\n\t\t{pod_cum_date##4} as string,\n\t\tpod_contr_id as string,\n\t\tpod_apr_code as string,\n\t\tpod_taxc as string,\n\t\tpod_po_site as string,\n\t\tpod_po_db as string,\n\t\tpod_firm_weeks as string,\n\t\tpod_mrp_pct as string,\n\t\tpod_raw_weeks as string,\n\t\tpod_fab_weeks as string,\n\t\tpod_plan_weeks as string,\n\t\t{pod_curr_rlse_id##1} as string,\n\t\t{pod_curr_rlse_id##2} as string,\n\t\t{pod_curr_rlse_id##3} as string,\n\t\tpod_sched as string,\n\t\tpod_ord_mult as string,\n\t\tpod_pkg_code as string,\n\t\tpod_sch_mrp as string,\n\t\tpod_sch_data as string,\n\t\tpod_rlse_nbr as string,\n\t\tpod_ship_weeks as string,\n\t\tpod_translt_days as string,\n\t\tpod_fsm_type as string,\n\t\tpod_sd_pat as string,\n\t\tpod_sd_time as string,\n\t\tpod_plan_days as string,\n\t\tpod_plan_mths as string,\n\t\tpod_firm_days as string,\n\t\t{pod_start_eff##1} as string,\n\t\t{pod_start_eff##2} as string,\n\t\t{pod_start_eff##3} as string,\n\t\t{pod_start_eff##4} as string,\n\t\t{pod_end_eff##1} as string,\n\t\t{pod_end_eff##2} as string,\n\t\t{pod_end_eff##3} as string,\n\t\t{pod_end_eff##4} as string,\n\t\tpod_raw_days as string,\n\t\tpod_fab_days as string,\n\t\tpod_tax_usage as string,\n\t\tpod_tax_in as string,\n\t\tpod_sched_chgd as string,\n\t\tpod_pr_list as string,\n\t\tpod_dock as string,\n\t\tpod_pastdue as string,\n\t\tpod_drp_ref as string,\n\t\tpod_tax_env as string,\n\t\tpod_crt_int as string,\n\t\tpod_translt_hrs as string,\n\t\tpod_sftylt_days as string,\n\t\tpod_sftylt_hrs as string,\n\t\tpod_fix_pr as string,\n\t\tpod_fr_list as string,\n\t\tpod_lot_next as string,\n\t\tpod_lot_rcpt as string,\n\t\tpod_grade as string,\n\t\tpod_expire as string,\n\t\tpod_rctstat as string,\n\t\tpod_assay as string,\n\t\tpod_rctstat_active as string,\n\t\tpod_pricing_dt as string,\n\t\tpod_pr_lst_tp as string,\n\t\tpod_ers_opt as string,\n\t\tpod_zero_sched_count as string,\n\t\tpod__qadd02 as string,\n\t\tpod__qadd03 as string,\n\t\tpod_sod_line as string,\n\t\tpod_so_status as string,\n\t\tpod_sub_ship_date as string,\n\t\tpod_sub_type as string,\n\t\tpod_sub as string,\n\t\tpod_wip_lotser as string,\n\t\tpod_pjs_line as string,\n\t\tpod_consignment as string,\n\t\tpod_max_aging_days as string,\n\t\tpod_multi_due_dates as string,\n\t\tpod_domain as string,\n\t\toid_pod_det as string,\n\t\tpod__qadd04 as string,\n\t\tpod__qadt01 as string,\n\t\tPro2SrcPDB as string,\n\t\tpro2created as string,\n\t\tpro2modified as string\n\t),\n\tallowSchemaDrift: true,\n\tvalidateSchema: false) ~> srcPodDet"
                        },
                        {
                            "dataset": {
                                "referenceName": "in_df_ds_adls_qad_po_mstr",
                                "type": "DatasetReference"
                            },
                            "name": "srcPoMstr",
                            "typeProperties": {},
                            "script": "source(output(\n\t\tprrowid as string,\n\t\tpo_nbr as string,\n\t\tpo_vend as string,\n\t\tpo_ship as string,\n\t\tpo_ord_date as string,\n\t\tpo_rmks as string,\n\t\tpo_cr_terms as string,\n\t\tpo_buyer as string,\n\t\tpo_shipvia as string,\n\t\tpo_fob as string,\n\t\tpo_bill as string,\n\t\tpo__qad04 as string,\n\t\tpo_partial as string,\n\t\tpo_rev as string,\n\t\tpo_stat as string,\n\t\tpo_ap_acct as string,\n\t\tpo_ap_cc as string,\n\t\tpo_frt as string,\n\t\tpo_serv_chg as string,\n\t\tpo_spec_chg as string,\n\t\t{po_tax_pct##1} as string,\n\t\t{po_tax_pct##2} as string,\n\t\t{po_tax_pct##3} as string,\n\t\tpo_disc_pct as string,\n\t\tpo_prepaid as string,\n\t\tpo_contact as string,\n\t\tpo_confirm as string,\n\t\tpo_cmtindx as string,\n\t\tpo_print as string,\n\t\tpo_cls_date as string,\n\t\tpo_taxable as string,\n\t\tpo_user1 as string,\n\t\tpo_user2 as string,\n\t\tpo_curr as string,\n\t\tpo_ex_rate as string,\n\t\tpo_lang as string,\n\t\tpo_fst_id as string,\n\t\tpo_pst_id as string,\n\t\tpo_pst as string,\n\t\tpo_duty_type as string,\n\t\tpo__qad05 as string,\n\t\tpo__qad07 as string,\n\t\tpo__qad08 as string,\n\t\tpo_site as string,\n\t\tpo_blanket as string,\n\t\tpo_rev_date as string,\n\t\tpo__qad02 as string,\n\t\tpo__qad03 as string,\n\t\tpo_contract as string,\n\t\tpo_del_to as string,\n\t\tpo_due_date as string,\n\t\tpo_eff_strt as string,\n\t\tpo_eff_to as string,\n\t\tpo_est_value as string,\n\t\tpo__qad06 as string,\n\t\tpo_project as string,\n\t\tpo_rel_nbr as string,\n\t\tpo_req_id as string,\n\t\tpo_type as string,\n\t\tpo_user_id as string,\n\t\tpo__qad09 as string,\n\t\tpo_release as string,\n\t\tpo_recurr as string,\n\t\tpo_cycl as string,\n\t\tpo__chr01 as string,\n\t\tpo__chr02 as string,\n\t\tpo__chr03 as string,\n\t\tpo__chr04 as string,\n\t\tpo__chr05 as string,\n\t\tpo__chr06 as string,\n\t\tpo__chr07 as string,\n\t\tpo__chr08 as string,\n\t\tpo__chr09 as string,\n\t\tpo__chr10 as string,\n\t\tpo__dte01 as string,\n\t\tpo__dte02 as string,\n\t\tpo__dec01 as string,\n\t\tpo__dec02 as string,\n\t\tpo__log01 as string,\n\t\tpo_inv_mthd as string,\n\t\tpo_fix_rate as string,\n\t\tpo_ent_ex as string,\n\t\tpo_tax_date as string,\n\t\tpo_fsm_type as string,\n\t\tpo_bank as string,\n\t\tpo_pr_list as string,\n\t\tpo_tax_env as string,\n\t\tpo_sched as string,\n\t\tpo_pr_list2 as string,\n\t\tpo_tax_usage as string,\n\t\tpo_fix_pr as string,\n\t\tpo_sch_mthd as string,\n\t\tpo_taxc as string,\n\t\tpo_priced_dt as string,\n\t\tpo_pricing_dt as string,\n\t\tpo_ers_opt as string,\n\t\tpo_pr_lst_tp as string,\n\t\tpo_consign_cost_point as string,\n\t\tpo__qadc02 as string,\n\t\tpo__qadd01 as string,\n\t\tpo__qadd02 as string,\n\t\tpo_zero_sched as string,\n\t\tpo__qadi02 as string,\n\t\tpo_so_nbr as string,\n\t\tpo_is_btb as string,\n\t\tpo_so_hold as string,\n\t\tpo_xmit as string,\n\t\tpo_ex_rate2 as string,\n\t\tpo_ex_ratetype as string,\n\t\tpo_exru_seq as string,\n\t\tpo_ap_sub as string,\n\t\tpo_crt_int as string,\n\t\tpo_consignment as string,\n\t\tpo_max_aging_days as string,\n\t\tpo_app_owner as string,\n\t\tpo_tot_terms_code as string,\n\t\tpo_translt_days as string,\n\t\tpo_domain as string,\n\t\toid_po_mstr as string,\n\t\tpo_trade_sale as string,\n\t\tpo_trade_sale_so as string,\n\t\tpo_incl_iss as string,\n\t\tpo__qadc03 as string,\n\t\tpo__qadi03 as string,\n\t\tpo__qadt01 as string,\n\t\tpo_daybookset as string,\n\t\tpo_nrm as string,\n\t\tpo_tax_in as string,\n\t\tPro2SrcPDB as string,\n\t\tpro2created as string,\n\t\tpro2modified as string\n\t),\n\tallowSchemaDrift: true,\n\tvalidateSchema: false) ~> srcPoMstr"
                        }
                    ],
                    "sinks": [
                        {
                            "dataset": {
                                "referenceName": "out_df_ds_badevdb_DimPOLineDetails",
                                "type": "DatasetReference"
                            },
                            "name": "snkDimPOLineDetails",
                            "script": "dervDataType sink(input(\n\t\tPOId as integer,\n\t\tPONumber as string,\n\t\tPOLine as integer,\n\t\tPOPart as string,\n\t\tPOUnitCost as decimal(10,3),\n\t\tPODomain as string,\n\t\tPOSite as string,\n\t\tPOCurrency as string,\n\t\tPOExchangeRate as decimal(10,3),\n\t\tPOQtyOrd as decimal(10,3)\n\t),\n\tallowSchemaDrift: true,\n\tvalidateSchema: false,\n\tformat: 'table',\n\tdeletable:false,\n\tinsertable:true,\n\tupdateable:false,\n\tupsertable:false,\n\tmapColumn(\n\t\tPONumber = pod_nbr,\n\t\tPOLine,\n\t\tPOPart = pod_part,\n\t\tPOUnitCost,\n\t\tPODomain = pod_domain,\n\t\tPOSite = pod_site,\n\t\tPOCurrency = po_curr,\n\t\tPOExchangeRate,\n\t\tPOQtyOrd\n\t),\n\ttruncate:true) ~> snkDimPOLineDetails"
                        }
                    ],
                    "transformations": [
                        {
                            "name": "joinwithPoMstr",
                            "script": "srcPodDet, srcPoMstr join(pod_nbr == po_nbr\n\t&& pod_domain == po_domain,\n\tjoinType:'inner',\n\tbroadcast: 'none')~> joinwithPoMstr"
                        },
                        {
                            "name": "dervDataType",
                            "script": "joinwithPoMstr derive(POLine = toInteger(pod_line),\n\t\tPOUnitCost = toDecimal(pod_pur_cost,10,3),\n\t\tPOExchangeRate = toDecimal(po_ex_rate,10,3),\n\t\tPOQtyOrd = toDecimal(pod_qty_ord,10,3)) ~> dervDataType"
                        }
                    ]
                }
            },
            "dependsOn": []
        },
        {
            "name": "[concat(parameters('factoryName'), '/df_adls_badevdb_DimShippingMode')]",
            "type": "Microsoft.DataFactory/factories/dataflows",
            "apiVersion": "2018-06-01",
            "properties": {
                "folder": {
                    "name": "QAD"
                },
                "type": "MappingDataFlow",
                "typeProperties": {
                    "sources": [
                        {
                            "dataset": {
                                "referenceName": "in_df_dimshippingmode_ds_adls_qad_po_mstr",
                                "type": "DatasetReference"
                            },
                            "name": "srcPoMstr",
                            "typeProperties": {},
                            "script": "source(output(\n\t\tprrowid as string,\n\t\tpo_nbr as string,\n\t\tpo_vend as string,\n\t\tpo_ship as string,\n\t\tpo_ord_date as string,\n\t\tpo_rmks as string,\n\t\tpo_cr_terms as string,\n\t\tpo_buyer as string,\n\t\tpo_shipvia as string,\n\t\tpo_fob as string,\n\t\tpo_bill as string,\n\t\tpo__qad04 as string,\n\t\tpo_partial as string,\n\t\tpo_rev as string,\n\t\tpo_stat as string,\n\t\tpo_ap_acct as string,\n\t\tpo_ap_cc as string,\n\t\tpo_frt as string,\n\t\tpo_serv_chg as string,\n\t\tpo_spec_chg as string,\n\t\t{po_tax_pct##1} as string,\n\t\t{po_tax_pct##2} as string,\n\t\t{po_tax_pct##3} as string,\n\t\tpo_disc_pct as string,\n\t\tpo_prepaid as string,\n\t\tpo_contact as string,\n\t\tpo_confirm as string,\n\t\tpo_cmtindx as string,\n\t\tpo_print as string,\n\t\tpo_cls_date as string,\n\t\tpo_taxable as string,\n\t\tpo_user1 as string,\n\t\tpo_user2 as string,\n\t\tpo_curr as string,\n\t\tpo_ex_rate as string,\n\t\tpo_lang as string,\n\t\tpo_fst_id as string,\n\t\tpo_pst_id as string,\n\t\tpo_pst as string,\n\t\tpo_duty_type as string,\n\t\tpo__qad05 as string,\n\t\tpo__qad07 as string,\n\t\tpo__qad08 as string,\n\t\tpo_site as string,\n\t\tpo_blanket as string,\n\t\tpo_rev_date as string,\n\t\tpo__qad02 as string,\n\t\tpo__qad03 as string,\n\t\tpo_contract as string,\n\t\tpo_del_to as string,\n\t\tpo_due_date as string,\n\t\tpo_eff_strt as string,\n\t\tpo_eff_to as string,\n\t\tpo_est_value as string,\n\t\tpo__qad06 as string,\n\t\tpo_project as string,\n\t\tpo_rel_nbr as string,\n\t\tpo_req_id as string,\n\t\tpo_type as string,\n\t\tpo_user_id as string,\n\t\tpo__qad09 as string,\n\t\tpo_release as string,\n\t\tpo_recurr as string,\n\t\tpo_cycl as string,\n\t\tpo__chr01 as string,\n\t\tpo__chr02 as string,\n\t\tpo__chr03 as string,\n\t\tpo__chr04 as string,\n\t\tpo__chr05 as string,\n\t\tpo__chr06 as string,\n\t\tpo__chr07 as string,\n\t\tpo__chr08 as string,\n\t\tpo__chr09 as string,\n\t\tpo__chr10 as string,\n\t\tpo__dte01 as string,\n\t\tpo__dte02 as string,\n\t\tpo__dec01 as string,\n\t\tpo__dec02 as string,\n\t\tpo__log01 as string,\n\t\tpo_inv_mthd as string,\n\t\tpo_fix_rate as string,\n\t\tpo_ent_ex as string,\n\t\tpo_tax_date as string,\n\t\tpo_fsm_type as string,\n\t\tpo_bank as string,\n\t\tpo_pr_list as string,\n\t\tpo_tax_env as string,\n\t\tpo_sched as string,\n\t\tpo_pr_list2 as string,\n\t\tpo_tax_usage as string,\n\t\tpo_fix_pr as string,\n\t\tpo_sch_mthd as string,\n\t\tpo_taxc as string,\n\t\tpo_priced_dt as string,\n\t\tpo_pricing_dt as string,\n\t\tpo_ers_opt as string,\n\t\tpo_pr_lst_tp as string,\n\t\tpo_consign_cost_point as string,\n\t\tpo__qadc02 as string,\n\t\tpo__qadd01 as string,\n\t\tpo__qadd02 as string,\n\t\tpo_zero_sched as string,\n\t\tpo__qadi02 as string,\n\t\tpo_so_nbr as string,\n\t\tpo_is_btb as string,\n\t\tpo_so_hold as string,\n\t\tpo_xmit as string,\n\t\tpo_ex_rate2 as string,\n\t\tpo_ex_ratetype as string,\n\t\tpo_exru_seq as string,\n\t\tpo_ap_sub as string,\n\t\tpo_crt_int as string,\n\t\tpo_consignment as string,\n\t\tpo_max_aging_days as string,\n\t\tpo_app_owner as string,\n\t\tpo_tot_terms_code as string,\n\t\tpo_translt_days as string,\n\t\tpo_domain as string,\n\t\toid_po_mstr as string,\n\t\tpo_trade_sale as string,\n\t\tpo_trade_sale_so as string,\n\t\tpo_incl_iss as string,\n\t\tpo__qadc03 as string,\n\t\tpo__qadi03 as string,\n\t\tpo__qadt01 as string,\n\t\tpo_daybookset as string,\n\t\tpo_nrm as string,\n\t\tpo_tax_in as string,\n\t\tPro2SrcPDB as string,\n\t\tpro2created as string,\n\t\tpro2modified as string\n\t),\n\tallowSchemaDrift: true,\n\tvalidateSchema: false) ~> srcPoMstr"
                        }
                    ],
                    "sinks": [
                        {
                            "dataset": {
                                "referenceName": "out_df_ds_badevdb_DimShippingMode",
                                "type": "DatasetReference"
                            },
                            "name": "snkDimShippingMode",
                            "script": "aggShipVia sink(input(\n\t\tShippingModeId as integer,\n\t\tShippingMode as string\n\t),\n\tallowSchemaDrift: true,\n\tvalidateSchema: false,\n\tformat: 'table',\n\tdeletable:false,\n\tinsertable:true,\n\tupdateable:false,\n\tupsertable:false,\n\tmapColumn(\n\t\tShippingMode = ShipViaFirst\n\t),\n\ttruncate:true) ~> snkDimShippingMode"
                        }
                    ],
                    "transformations": [
                        {
                            "name": "selectShipVia",
                            "script": "srcPoMstr select(mapColumn(\n\t\tShipVia = po_shipvia\n\t))~> selectShipVia"
                        },
                        {
                            "name": "aggShipVia",
                            "script": "DerivedColumn1 aggregate(groupBy(ShipVia),\n\tShipViaFirst = first(ShipVia)) ~> aggShipVia"
                        },
                        {
                            "name": "DerivedColumn1",
                            "script": "selectShipVia derive(ShipVia = upper(trim(ShipVia))) ~> DerivedColumn1"
                        }
                    ]
                }
            },
            "dependsOn": []
        },
        {
            "name": "[concat(parameters('factoryName'), '/df_adls_badevdb_DimSupplier')]",
            "type": "Microsoft.DataFactory/factories/dataflows",
            "apiVersion": "2018-06-01",
            "properties": {
                "folder": {
                    "name": "QAD"
                },
                "type": "MappingDataFlow",
                "typeProperties": {
                    "sources": [
                        {
                            "dataset": {
                                "referenceName": "in_df_ds_adls_qad_vd_mstr",
                                "type": "DatasetReference"
                            },
                            "name": "srcVdMstr",
                            "typeProperties": {},
                            "script": "source(output(\n\t\tprrowid as string,\n\t\tvd_addr as string,\n\t\tvd_cr_terms as string,\n\t\tvd_buyer as string,\n\t\tvd_disc_pct as string,\n\t\tvd_shipvia as string,\n\t\tvd_partial as string,\n\t\tvd_rmks as string,\n\t\tvd_ap_acct as string,\n\t\tvd_ap_cc as string,\n\t\tvd_pur_acct as string,\n\t\tvd_pur_cc as string,\n\t\tvd_pur_cntct as string,\n\t\tvd_ap_cntct as string,\n\t\tvd_1099 as string,\n\t\tvd_sort as string,\n\t\tvd_last_ck as string,\n\t\tvd_balance as string,\n\t\tvd_hold as string,\n\t\tvd_tax_id as string,\n\t\tvd_taxable as string,\n\t\tvd_user1 as string,\n\t\tvd_user2 as string,\n\t\tvd_curr as string,\n\t\tvd_lang as string,\n\t\tvd_vt_id as string,\n\t\tvd__chr01 as string,\n\t\tvd__chr02 as string,\n\t\tvd__chr03 as string,\n\t\tvd__chr04 as string,\n\t\tvd__chr05 as string,\n\t\tvd__chr06 as string,\n\t\tvd__chr07 as string,\n\t\tvd__chr08 as string,\n\t\tvd__chr09 as string,\n\t\tvd__chr10 as string,\n\t\tvd__dte01 as string,\n\t\tvd__dte02 as string,\n\t\tvd__dec01 as string,\n\t\tvd__dec02 as string,\n\t\tvd__log01 as string,\n\t\tvd_fob as string,\n\t\tvd_debtor as string,\n\t\tvd_bank as string,\n\t\tvd_ckfrm as string,\n\t\tvd_pay_spec as string,\n\t\tvd_remit as string,\n\t\tvd_type as string,\n\t\tvd_mod_date as string,\n\t\tvd_userid as string,\n\t\tvd_prepay as string,\n\t\tvd_conrep_logic as string,\n\t\tvd_pr_list as string,\n\t\tvd_fr_list as string,\n\t\tvd_fr_terms as string,\n\t\tvd_fr_min_wt as string,\n\t\tvd_drft_bal as string,\n\t\tvd_lc_bal as string,\n\t\tvd_pr_list2 as string,\n\t\tvd_fix_pr as string,\n\t\tvd_tid_notice as string,\n\t\tvd_promo as string,\n\t\tvd_misc_cr as string,\n\t\tvd_rcv_so_price as string,\n\t\tvd_rcv_held_so as string,\n\t\tvd_tp_use_pct as string,\n\t\tvd_tp_pct as string,\n\t\tvd_ex_ratetype as string,\n\t\tvd_db as string,\n\t\tvd__qadc01 as string,\n\t\tvd__qadc02 as string,\n\t\tvd__qadc03 as string,\n\t\tvd__qadc04 as string,\n\t\tvd__qadd01 as string,\n\t\tvd__qadd02 as string,\n\t\tvd__qadl01 as string,\n\t\tvd__qadl02 as string,\n\t\tvd__qadt01 as string,\n\t\tvd__qadt02 as string,\n\t\tvd__qadi01 as string,\n\t\tvd__qadi02 as string,\n\t\tvd__qadl03 as string,\n\t\tvd__qadl04 as string,\n\t\tvd_ap_sub as string,\n\t\tvd_pur_sub as string,\n\t\tvd_tot_terms_code as string,\n\t\tvd_domain as string,\n\t\toid_vd_mstr as string,\n\t\tvd_carrier_id as string,\n\t\tvd_kanban_supplier as string,\n\t\toid_btr_mstr as string,\n\t\tvd_active as string,\n\t\tvd_data_complete as string,\n\t\tvd_tax_zone as string,\n\t\tvd_taxc as string,\n\t\tvd_tax_usage as string,\n\t\tvd_gst_id as string,\n\t\tvd_pst_id as string,\n\t\tvd_misc1_id as string,\n\t\tvd_misc2_id as string,\n\t\tvd_misc3_id as string,\n\t\tvd_tax_in as string,\n\t\tvd_tax_in_city as string,\n\t\tvd_daybookset as string,\n\t\tvd_site as string,\n\t\tPro2SrcPDB as string,\n\t\tpro2created as string,\n\t\tpro2modified as string\n\t),\n\tallowSchemaDrift: true,\n\tvalidateSchema: false) ~> srcVdMstr"
                        },
                        {
                            "dataset": {
                                "referenceName": "in_df_dimsupplier_ds_adls_qad_ad_mstr",
                                "type": "DatasetReference"
                            },
                            "name": "srcAdMstr",
                            "typeProperties": {},
                            "script": "source(output(\n\t\tprrowid as string,\n\t\tad_addr as string,\n\t\tad_name as string,\n\t\tad_line1 as string,\n\t\tad_line2 as string,\n\t\tad_city as string,\n\t\tad_state as string,\n\t\tad_zip as string,\n\t\tad_type as string,\n\t\tad_attn as string,\n\t\tad_phone as string,\n\t\tad_ext as string,\n\t\tad_ref as string,\n\t\tad_sort as string,\n\t\tad_country as string,\n\t\tad_attn2 as string,\n\t\tad_phone2 as string,\n\t\tad_ext2 as string,\n\t\tad_fax as string,\n\t\tad_fax2 as string,\n\t\tad_line3 as string,\n\t\tad_user1 as string,\n\t\tad_user2 as string,\n\t\tad_lang as string,\n\t\tad_pst_id as string,\n\t\tad_date as string,\n\t\tad_county as string,\n\t\tad_temp as string,\n\t\tad_bk_acct1 as string,\n\t\tad_bk_acct2 as string,\n\t\tad_format as string,\n\t\tad_vat_reg as string,\n\t\tad_coc_reg as string,\n\t\tad_gst_id as string,\n\t\tad_tax_type as string,\n\t\tad_taxc as string,\n\t\tad_taxable as string,\n\t\tad_tax_in as string,\n\t\tad_edi_tpid as string,\n\t\tad_timezone as string,\n\t\tad_mod_date as string,\n\t\tad_userid as string,\n\t\tad_edi_id as string,\n\t\t{ad_edi_ctrl##1} as string,\n\t\t{ad_edi_ctrl##2} as string,\n\t\t{ad_edi_ctrl##3} as string,\n\t\t{ad_edi_ctrl##4} as string,\n\t\t{ad_edi_ctrl##5} as string,\n\t\tad_conrep as string,\n\t\tad_barlbl_prt as string,\n\t\tad_barlbl_val as string,\n\t\tad_calendar as string,\n\t\tad_edi_std as string,\n\t\tad_edi_level as string,\n\t\tad__qad01 as string,\n\t\tad__qad02 as string,\n\t\tad__qad03 as string,\n\t\tad__qad04 as string,\n\t\tad__qad05 as string,\n\t\tad__chr01 as string,\n\t\tad__chr02 as string,\n\t\tad__chr03 as string,\n\t\tad__chr04 as string,\n\t\tad__chr05 as string,\n\t\tad_tp_loc_code as string,\n\t\tad_ctry as string,\n\t\tad_tax_zone as string,\n\t\tad_tax_usage as string,\n\t\tad_misc1_id as string,\n\t\tad_misc2_id as string,\n\t\tad_misc3_id as string,\n\t\tad_wk_offset as string,\n\t\tad_inv_mthd as string,\n\t\tad_sch_mthd as string,\n\t\tad_po_mthd as string,\n\t\tad_asn_data as string,\n\t\tad_intr_division as string,\n\t\tad_tax_report as string,\n\t\tad_name_control as string,\n\t\tad_last_file as string,\n\t\tad_domain as string,\n\t\toid_ad_mstr as string,\n\t\tad_email as string,\n\t\tad_email2 as string,\n\t\tad_bus_relation as string,\n\t\tad_priority as string,\n\t\tad_route as string,\n\t\tad_loadseq as string,\n\t\tad_pick_by_date as string,\n\t\tad_profile as string,\n\t\tad_address_id as string,\n\t\tad_tax_in_city as string,\n\t\tad_ns_pr_list as string,\n\t\tad_alt_um as string,\n\t\tad_city_code as string,\n\t\tPro2SrcPDB as string,\n\t\tpro2created as string,\n\t\tpro2modified as string\n\t),\n\tallowSchemaDrift: true,\n\tvalidateSchema: false) ~> srcAdMstr"
                        }
                    ],
                    "sinks": [
                        {
                            "dataset": {
                                "referenceName": "out_df_ds_badevdb_DimSupplier",
                                "type": "DatasetReference"
                            },
                            "name": "snkDimSupplier",
                            "script": "dervSupplierInitial sink(input(\n\t\tSupplierRowId as integer,\n\t\tSupplierID as string,\n\t\tSupplierName as string,\n\t\tSupplier as string,\n\t\tSupplierInitial as string,\n\t\tSupplierRegion as string,\n\t\tSupplierCountry as string,\n\t\tSupplierCity as string,\n\t\tSupplierZipCode as string\n\t),\n\tallowSchemaDrift: true,\n\tvalidateSchema: false,\n\tformat: 'table',\n\tdeletable:false,\n\tinsertable:true,\n\tupdateable:false,\n\tupsertable:false,\n\tmapColumn(\n\t\tSupplierID = vd_addr,\n\t\tSupplierName = ad_name,\n\t\tSupplier,\n\t\tSupplierInitial,\n\t\tSupplierRegion = vd_domain,\n\t\tSupplierCountry = ad_country,\n\t\tSupplierCity = ad_city,\n\t\tSupplierZipCode = ad_zip\n\t),\n\ttruncate:true) ~> snkDimSupplier"
                        }
                    ],
                    "transformations": [
                        {
                            "name": "joinwithAdMstr",
                            "script": "srcVdMstr, srcAdMstr join(vd_domain == ad_domain\n\t&& vd_addr == ad_addr,\n\tjoinType:'inner',\n\tbroadcast: 'none')~> joinwithAdMstr"
                        },
                        {
                            "name": "filterSupplier",
                            "script": "joinwithAdMstr filter(ad_type == 'supplier') ~> filterSupplier"
                        },
                        {
                            "name": "dervSupplierInitial",
                            "script": "filterSupplier derive(SupplierInitial = substring(ad_name,1,1),\n\t\tSupplier = concat(toString(vd_addr),concat(' - ',toString(ad_name))),\n\t\tad_name = iif(trim(ad_name,' ') == '' || isNull(ad_name) ,'No name entered', ad_name)) ~> dervSupplierInitial"
                        }
                    ]
                }
            },
            "dependsOn": []
        },
        {
            "name": "[concat(parameters('factoryName'), '/df_adls_badevdb_DimTransactionType')]",
            "type": "Microsoft.DataFactory/factories/dataflows",
            "apiVersion": "2018-06-01",
            "properties": {
                "folder": {
                    "name": "QAD"
                },
                "type": "MappingDataFlow",
                "typeProperties": {
                    "sources": [
                        {
                            "dataset": {
                                "referenceName": "in_ds_adls_manual_TransactionType",
                                "type": "DatasetReference"
                            },
                            "name": "srcCodeMstr",
                            "typeProperties": {},
                            "script": "source(output(\n\t\tTransactionType as string,\n\t\tDescription as string\n\t),\n\tallowSchemaDrift: true,\n\tvalidateSchema: false) ~> srcCodeMstr"
                        }
                    ],
                    "sinks": [
                        {
                            "dataset": {
                                "referenceName": "out_df_ds_badevdb_DimTransactionType",
                                "type": "DatasetReference"
                            },
                            "name": "snkDimTransactionType",
                            "script": "srcCodeMstr sink(input(\n\t\tTransactionTypeId as integer,\n\t\tTransactionTypeCode as string,\n\t\tDescription as string\n\t),\n\tallowSchemaDrift: true,\n\tvalidateSchema: false,\n\tformat: 'table',\n\tdeletable:false,\n\tinsertable:true,\n\tupdateable:false,\n\tupsertable:false,\n\tmapColumn(\n\t\tTransactionTypeCode = TransactionType,\n\t\tDescription\n\t),\n\ttruncate:true) ~> snkDimTransactionType"
                        }
                    ],
                    "transformations": []
                }
            },
            "dependsOn": []
        },
        {
            "name": "[concat(parameters('factoryName'), '/df_adls_badevdb_FactPurchasing')]",
            "type": "Microsoft.DataFactory/factories/dataflows",
            "apiVersion": "2018-06-01",
            "properties": {
                "folder": {
                    "name": "QAD"
                },
                "type": "MappingDataFlow",
                "typeProperties": {
                    "sources": [
                        {
                            "dataset": {
                                "referenceName": "in_ds_adls_stagging_Factpurchasing",
                                "type": "DatasetReference"
                            },
                            "name": "srcFactPurchaseStaging",
                            "typeProperties": {},
                            "script": "source(output(\n\t\tTime_Id as date 'yyyy-MM-dd',\n\t\tTime_Id_Order as date 'yyyy-MM-dd',\n\t\tTime_Id_Perform as date 'yyyy-MM-dd',\n\t\tTime_Id_Ship as date 'yyyy-MM-dd',\n\t\tSiteID as integer,\n\t\tPartMasterID as integer,\n\t\tTransactionTypeId as integer,\n\t\tSupplierID as integer,\n\t\tDomainId as integer,\n\t\tCurrencyId as integer,\n\t\tShippingModeId as integer,\n\t\tItemPlanningId as integer,\n\t\tDeliveryprecisionID as integer,\n\t\tSiteCode as string,\n\t\tDomain as string,\n\t\tDaysLate as integer,\n\t\tPONumber as string,\n\t\tPOLine as integer,\n\t\tNoLines as integer,\n\t\tQtyReceived as double '000000000.000',\n\t\tQtyOrdered as double '000000000.000',\n\t\tCycleDays as integer,\n\t\tUnitCost as double '000000000.000',\n\t\tStandardCostNOK as double '000000000.000',\n\t\tStandardCostTotalNOK as double '000000000.000',\n\t\tPurchaseCostNOK as double '000000000.000',\n\t\tPurchaseCostTotalNOK as double '000000000.000',\n\t\tReceiptCost as double '000000000.000',\n\t\tPOCurrency as string,\n\t\tPOType as string,\n\t\tPOReturnType as string,\n\t\tShippingMode as string,\n\t\tPartID as string,\n\t\tVendorID as string,\n\t\tSupplierName as string,\n\t\tExchangeRate as string,\n\t\tWeight as double '000000000.000',\n\t\tVolume as double '000000000.000'\n\t),\n\tallowSchemaDrift: true,\n\tvalidateSchema: false) ~> srcFactPurchaseStaging"
                        }
                    ],
                    "sinks": [
                        {
                            "dataset": {
                                "referenceName": "out_ds_basqldb_Factpurchasing",
                                "type": "DatasetReference"
                            },
                            "name": "snkFactPurchasing",
                            "script": "srcFactPurchaseStaging sink(input(\n\t\tRowId as integer,\n\t\tTime_Id as date,\n\t\tTime_Id_Order as date,\n\t\tTime_Id_Perform as date,\n\t\tTime_Id_Ship as date,\n\t\tSiteID as integer,\n\t\tPartMasterID as integer,\n\t\tTransactionTypeId as integer,\n\t\tSupplierID as integer,\n\t\tDomainId as integer,\n\t\tCurrencyId as integer,\n\t\tShippingModeId as integer,\n\t\tItemPlanningId as integer,\n\t\tDeliveryprecisionID as integer,\n\t\tSiteCode as string,\n\t\tDomain as string,\n\t\tDaysLate as integer,\n\t\tPONumber as string,\n\t\tPOLine as integer,\n\t\tNoLines as integer,\n\t\tQtyReceived as decimal(15,3),\n\t\tQtyOrdered as decimal(15,3),\n\t\tCycleDays as integer,\n\t\tUnitCost as decimal(15,3),\n\t\tStandardCostNOK as decimal(15,3),\n\t\tStandardCostTotalNOK as decimal(15,3),\n\t\tPurchaseCostNOK as decimal(15,3),\n\t\tPurchaseCostTotalNOK as decimal(15,3),\n\t\tReceiptCost as decimal(15,3),\n\t\tPOCurrency as string,\n\t\tPOType as string,\n\t\tPOReturnType as string,\n\t\tShippingMode as string,\n\t\tPartID as string,\n\t\tVendorID as string,\n\t\tSupplierName as string,\n\t\tExchangeRate as string,\n\t\tWeight as decimal(15,3),\n\t\tVolume as decimal(15,3)\n\t),\n\tallowSchemaDrift: true,\n\tvalidateSchema: false,\n\tformat: 'table',\n\tdeletable:false,\n\tinsertable:true,\n\tupdateable:false,\n\tupsertable:false,\n\ttruncate:true) ~> snkFactPurchasing"
                        }
                    ],
                    "transformations": []
                }
            },
            "dependsOn": []
        },
        {
            "name": "[concat(parameters('factoryName'), '/df_cp_adls_asqldb_DimPartMaster')]",
            "type": "Microsoft.DataFactory/factories/dataflows",
            "apiVersion": "2018-06-01",
            "properties": {
                "folder": {
                    "name": "QAD"
                },
                "type": "MappingDataFlow",
                "typeProperties": {
                    "sources": [
                        {
                            "dataset": {
                                "referenceName": "in_ds_cp_adls_DimPartMaster",
                                "type": "DatasetReference"
                            },
                            "name": "srcPartMstr",
                            "typeProperties": {},
                            "script": "source(output(\n\t\tID as string,\n\t\tPartID as string,\n\t\tPartName1 as string,\n\t\tPartName2 as string,\n\t\tPartName as string,\n\t\tItemStatus as string,\n\t\tPartDescription as string,\n\t\tProductFamilyID as string,\n\t\tProductFamily as string,\n\t\tProductLineID as string,\n\t\tProductLine as string,\n\t\tProductGroupID as string,\n\t\tProductGroup as string,\n\t\tProductTypeID as string,\n\t\tProductType as string,\n\t\tMetric_Ship_Weight as string,\n\t\tMetric_Ship_Weight_UoM as string,\n\t\tMetric_Ship_Weight_KG as string,\n\t\tLength as string,\n\t\tWidth as string,\n\t\tHeight as string,\n\t\tVolume_CM as string,\n\t\t{L/W/H UoM} as string,\n\t\tGTIN as string,\n\t\tLotSerial as string,\n\t\tCountryOfOrigin as string,\n\t\tCommodityCode as string\n\t),\n\tallowSchemaDrift: true,\n\tvalidateSchema: false) ~> srcPartMstr"
                        }
                    ],
                    "sinks": [
                        {
                            "dataset": {
                                "referenceName": "out_ds_cp_adls_DimPartMaster",
                                "type": "DatasetReference"
                            },
                            "name": "snkDimPartMstr",
                            "script": "srcPartMstr sink(input(\n\t\tID as integer,\n\t\tPartID as string,\n\t\tPartName1 as string,\n\t\tPartName2 as string,\n\t\tPartName as string,\n\t\tItemStatus as string,\n\t\tPartDescription as string,\n\t\tProductFamilyID as string,\n\t\tProductFamily as string,\n\t\tProductLineID as string,\n\t\tProductLine as string,\n\t\tProductGroupID as string,\n\t\tProductGroup as string,\n\t\tProductTypeID as string,\n\t\tProductType as string,\n\t\tMetric_Ship_Weight as string,\n\t\tMetric_Ship_Weight_UoM as string,\n\t\tMetric_Ship_Weight_KG as string,\n\t\tLength as string,\n\t\tWidth as string,\n\t\tHeight as string,\n\t\tVolume_CM as string,\n\t\t{L/W/H UoM} as string,\n\t\tGTIN as string,\n\t\tLotSerial as string,\n\t\tCountryOfOrigin as string,\n\t\tCommodityCode as string\n\t),\n\tallowSchemaDrift: true,\n\tvalidateSchema: false,\n\tformat: 'table',\n\tdeletable:false,\n\tinsertable:true,\n\tupdateable:false,\n\tupsertable:false,\n\tmapColumn(\n\t\tPartID,\n\t\tPartName1,\n\t\tPartName2,\n\t\tPartName,\n\t\tItemStatus,\n\t\tPartDescription,\n\t\tProductFamilyID,\n\t\tProductFamily,\n\t\tProductLineID,\n\t\tProductLine,\n\t\tProductGroupID,\n\t\tProductGroup,\n\t\tProductTypeID,\n\t\tProductType,\n\t\tMetric_Ship_Weight,\n\t\tMetric_Ship_Weight_UoM,\n\t\tMetric_Ship_Weight_KG,\n\t\tLength,\n\t\tWidth,\n\t\tHeight,\n\t\tVolume_CM,\n\t\t{L/W/H UoM},\n\t\tGTIN,\n\t\tLotSerial,\n\t\tCountryOfOrigin,\n\t\tCommodityCode\n\t),\n\ttruncate:true) ~> snkDimPartMstr"
                        }
                    ],
                    "transformations": []
                }
            },
            "dependsOn": []
        },
        {
            "name": "[concat(parameters('factoryName'), '/df_cp_adls_badevdb_DimBuyerPlanner')]",
            "type": "Microsoft.DataFactory/factories/dataflows",
            "apiVersion": "2018-06-01",
            "properties": {
                "folder": {
                    "name": "QAD"
                },
                "type": "MappingDataFlow",
                "typeProperties": {
                    "sources": [
                        {
                            "dataset": {
                                "referenceName": "in_df_ds_adls_qad_code_mstr",
                                "type": "DatasetReference"
                            },
                            "name": "srcCodeMstr",
                            "typeProperties": {},
                            "script": "source(output(\n\t\tprrowid as string,\n\t\tcode_fldname as string,\n\t\tcode_value as string,\n\t\tcode_cmmt as string,\n\t\tcode_user1 as string,\n\t\tcode_user2 as string,\n\t\tcode_desc as string,\n\t\tcode__qadc01 as string,\n\t\tcode_domain as string,\n\t\toid_code_mstr as string,\n\t\tcode_group as string,\n\t\tPro2SrcPDB as string,\n\t\tpro2created as string,\n\t\tpro2modified as string\n\t),\n\tallowSchemaDrift: true,\n\tvalidateSchema: false) ~> srcCodeMstr"
                        }
                    ],
                    "sinks": [
                        {
                            "dataset": {
                                "referenceName": "ds_out_cp_adls_qad_badevadb_DimBuyerPlanner",
                                "type": "DatasetReference"
                            },
                            "name": "snkDimBuyerplan",
                            "script": "dervBuyerPlanner sink(input(\n\t\tBuyerPlannerId as integer,\n\t\tBuyerPlannerCode as string,\n\t\tBuyerPlannerName as string,\n\t\tBuyerPlanner as string\n\t),\n\tallowSchemaDrift: true,\n\tvalidateSchema: false,\n\tformat: 'table',\n\tdeletable:false,\n\tinsertable:true,\n\tupdateable:false,\n\tupsertable:false,\n\tmapColumn(\n\t\tBuyerPlannerCode = code_value,\n\t\tBuyerPlannerName = code_cmmt,\n\t\tBuyerPlanner\n\t),\n\ttruncate:true) ~> snkDimBuyerplan"
                        }
                    ],
                    "transformations": [
                        {
                            "name": "aggBuyerPlanner",
                            "script": "Filter1 aggregate(groupBy(code_value),\n\tcode_cmmt = max(code_cmmt)) ~> aggBuyerPlanner"
                        },
                        {
                            "name": "dervBuyerPlanner",
                            "script": "Filter2 derive(BuyerPlanner = concat(toString(code_value),concat(' - ',toString(code_cmmt)))) ~> dervBuyerPlanner"
                        },
                        {
                            "name": "Filter1",
                            "script": "srcCodeMstr filter(or(code_fldname == 'pt_buyer', code_fldname == 'ptp_buyer')) ~> Filter1"
                        },
                        {
                            "name": "Filter2",
                            "script": "aggBuyerPlanner filter(not(isNull(code_value))) ~> Filter2"
                        }
                    ]
                }
            },
            "dependsOn": []
        },
        {
            "name": "[concat(parameters('factoryName'), '/df_cp_adls_badevdb_DimInventoryLocation')]",
            "type": "Microsoft.DataFactory/factories/dataflows",
            "apiVersion": "2018-06-01",
            "properties": {
                "folder": {
                    "name": "QAD"
                },
                "type": "MappingDataFlow",
                "typeProperties": {
                    "sources": [
                        {
                            "dataset": {
                                "referenceName": "in_ds_cp_adls_badevdb_DimInventoryLocation",
                                "type": "DatasetReference"
                            },
                            "name": "srcLocMstr",
                            "typeProperties": {},
                            "script": "source(output(\n\t\tprrowid as string,\n\t\tloc_loc as string,\n\t\tloc__qad01 as string,\n\t\tloc_date as string,\n\t\tloc_perm as string,\n\t\tloc__qadc01 as string,\n\t\tloc__qadc02 as string,\n\t\tloc_project as string,\n\t\tloc_site as string,\n\t\tloc_status as string,\n\t\tloc_user1 as string,\n\t\tloc_user2 as string,\n\t\tloc_single as string,\n\t\tloc_type as string,\n\t\tloc_cap as string,\n\t\tloc_cap_um as string,\n\t\tloc_desc as string,\n\t\tloc_phys_addr as string,\n\t\tloc_xfer_ownership as string,\n\t\tloc_domain as string,\n\t\toid_loc_mstr as string,\n\t\tPro2SrcPDB as string,\n\t\tpro2created as string,\n\t\tpro2modified as string\n\t),\n\tallowSchemaDrift: true,\n\tvalidateSchema: false) ~> srcLocMstr"
                        }
                    ],
                    "sinks": [
                        {
                            "dataset": {
                                "referenceName": "out_ds_cp_adls_badevdb_DimInventoryLocation",
                                "type": "DatasetReference"
                            },
                            "name": "snkDimInventoryLocation",
                            "script": "dervdiscription sink(input(\n\t\tInventoryLocationId as integer,\n\t\tDomain as string,\n\t\tLocation as string,\n\t\tSite as string,\n\t\tLocationStatus as string,\n\t\tInventoryType as string,\n\t\tDescription as string\n\t),\n\tallowSchemaDrift: true,\n\tvalidateSchema: false,\n\tformat: 'table',\n\tdeletable:false,\n\tinsertable:true,\n\tupdateable:false,\n\tupsertable:false,\n\tmapColumn(\n\t\tDomain = loc_domain,\n\t\tLocation = loc_loc,\n\t\tSite = loc_site,\n\t\tLocationStatus = loc_status,\n\t\tInventoryType = loc_type,\n\t\tDescription\n\t),\n\ttruncate:true) ~> snkDimInventoryLocation"
                        }
                    ],
                    "transformations": [
                        {
                            "name": "selectColumns",
                            "script": "srcLocMstr select(mapColumn(\n\t\tloc_loc,\n\t\tloc_site,\n\t\tloc_status,\n\t\tloc_type,\n\t\tloc_desc,\n\t\tloc_domain\n\t))~> selectColumns"
                        },
                        {
                            "name": "dervdiscription",
                            "script": "selectColumns derive(Description = concat(iif(isNull(loc_desc),'NA',loc_desc),concat(' (',concat(iif(isNull(loc_site),' ',loc_site),concat(' - ',concat(iif(isNull(loc_loc),' ',loc_loc),')')))))) ~> dervdiscription"
                        }
                    ]
                }
            },
            "dependsOn": []
        },
        {
            "name": "[concat(parameters('factoryName'), '/df_cp_adls_badevdb_FactInventoryLocation')]",
            "type": "Microsoft.DataFactory/factories/dataflows",
            "apiVersion": "2018-06-01",
            "properties": {
                "folder": {
                    "name": "QAD"
                },
                "type": "MappingDataFlow",
                "typeProperties": {
                    "sources": [
                        {
                            "dataset": {
                                "referenceName": "ds_in_cp_adls_badevdb_FactInventoryLocation",
                                "type": "DatasetReference"
                            },
                            "name": "srcStagingFactInventoryLocation",
                            "typeProperties": {},
                            "script": "source(output(\n\t\tTime_Id as timestamp,\n\t\tInventoryLocationId as integer,\n\t\tPartId as integer,\n\t\tBuyerPlannerId as integer,\n\t\tSupplierId as integer,\n\t\tItemPlanningId as integer,\n\t\tSiteId as integer,\n\t\tDomainId as integer,\n\t\tCurrencyId as integer,\n\t\t{Lot/Serial} as string,\n\t\tLocationStatus as string,\n\t\tDomainCode as string,\n\t\tSiteCode as string,\n\t\tPartCode as string,\n\t\tItemStatus as string,\n\t\tQtyOnHand as double,\n\t\tQtyAllocated as double,\n\t\tStandardCost as double,\n\t\tInventoryValue as double,\n\t\tQtyAvailable as double,\n\t\tNoOfLines as integer,\n\t\tWeight as double,\n\t\tVolume as double\n\t),\n\tallowSchemaDrift: true,\n\tvalidateSchema: false) ~> srcStagingFactInventoryLocation"
                        }
                    ],
                    "sinks": [
                        {
                            "dataset": {
                                "referenceName": "ds_out_cp_adls_badevdb_FactInventoryLocation",
                                "type": "DatasetReference"
                            },
                            "name": "snkFactInventory",
                            "script": "dervTimeID sink(input(\n\t\tRowId as integer,\n\t\tTime_Id as date,\n\t\tTime_Stamp as timestamp,\n\t\tInventoryLocationId as integer,\n\t\tPartId as integer,\n\t\tBuyerPlannerId as integer,\n\t\tSupplierId as integer,\n\t\tItemPlanningId as integer,\n\t\tSiteId as integer,\n\t\tDomainId as integer,\n\t\tCurrencyId as integer,\n\t\tDomainCode as string,\n\t\t{Lot/Serial} as string,\n\t\tLocationStatus as string,\n\t\tSiteCode as string,\n\t\tPartCode as string,\n\t\tItemStatus as string,\n\t\tQtyOnHand as decimal(15,3),\n\t\tQtyAllocated as decimal(15,3),\n\t\tStandardCost as decimal(15,3),\n\t\tInventoryValue as decimal(15,3),\n\t\tQtyAvailable as decimal(15,3),\n\t\tNoOfLines as integer,\n\t\tWeight as decimal(15,3),\n\t\tVolume as decimal(15,3)\n\t),\n\tallowSchemaDrift: true,\n\tvalidateSchema: false,\n\tformat: 'table',\n\tdeletable:false,\n\tinsertable:true,\n\tupdateable:false,\n\tupsertable:false,\n\tmapColumn(\n\t\tTime_Id = Time_Id_new,\n\t\tTime_Stamp = Time_Id,\n\t\tInventoryLocationId,\n\t\tPartId,\n\t\tBuyerPlannerId,\n\t\tSupplierId,\n\t\tItemPlanningId,\n\t\tSiteId,\n\t\tDomainId,\n\t\tCurrencyId,\n\t\tDomainCode,\n\t\t{Lot/Serial},\n\t\tLocationStatus,\n\t\tSiteCode,\n\t\tPartCode,\n\t\tItemStatus,\n\t\tQtyOnHand,\n\t\tQtyAllocated,\n\t\tStandardCost,\n\t\tInventoryValue,\n\t\tQtyAvailable,\n\t\tNoOfLines,\n\t\tWeight,\n\t\tVolume\n\t),\n\ttruncate:true) ~> snkFactInventory"
                        }
                    ],
                    "transformations": [
                        {
                            "name": "dervTimeID",
                            "script": "srcStagingFactInventoryLocation derive(Time_Id_new = toDate(substring(toString(Time_Id),1,10), 'yyyy-MM-dd')) ~> dervTimeID"
                        }
                    ]
                }
            },
            "dependsOn": []
        },
        {
            "name": "[concat(parameters('factoryName'), '/df_cp_pro2qad_adls_ptp_det')]",
            "type": "Microsoft.DataFactory/factories/dataflows",
            "apiVersion": "2018-06-01",
            "properties": {
                "folder": {
                    "name": "QAD"
                },
                "type": "MappingDataFlow",
                "typeProperties": {
                    "sources": [
                        {
                            "dataset": {
                                "referenceName": "in_ds_db_pro2qad_ptp_det",
                                "type": "DatasetReference"
                            },
                            "name": "source1",
                            "typeProperties": {},
                            "script": "source(output(\n\t\tprrowid as string,\n\t\tptp_part as string,\n\t\tptp_site as string,\n\t\tptp_batch as decimal(38,10),\n\t\tptp_bom_code as string,\n\t\tptp__qad01 as timestamp,\n\t\tptp_buyer as string,\n\t\tptp_cum_lead as integer,\n\t\tptp__qad02 as decimal(38,10),\n\t\tptp_ins_lead as integer,\n\t\tptp_ins_rqd as boolean,\n\t\tptp_iss_pol as boolean,\n\t\tptp_mfg_lead as decimal(38,10),\n\t\tptp_ms as boolean,\n\t\tptp_ord_max as decimal(38,10),\n\t\tptp_ord_min as decimal(38,10),\n\t\tptp_ord_mult as decimal(38,10),\n\t\tptp_ord_per as integer,\n\t\tptp_ord_pol as string,\n\t\tptp_ord_qty as decimal(38,10),\n\t\tptp_phantom as boolean,\n\t\tptp_plan_ord as boolean,\n\t\tptp_pm_code as string,\n\t\tptp_pur_lead as integer,\n\t\tptp_rev as string,\n\t\tptp_rop as decimal(38,10),\n\t\tptp_routing as string,\n\t\tptp_run as decimal(38,10),\n\t\tptp_run_ll as decimal(38,10),\n\t\tptp_setup as decimal(38,10),\n\t\tptp_setup_ll as decimal(38,10),\n\t\tptp_sfty_stk as decimal(38,10),\n\t\tptp_sfty_tme as decimal(38,10),\n\t\tptp_timefnce as integer,\n\t\tptp_user1 as string,\n\t\tptp_user2 as string,\n\t\tptp_vend as string,\n\t\tptp_yld_pct as decimal(38,10),\n\t\tptp_assay as decimal(38,10),\n\t\tptp_grade as string,\n\t\tptp_ll_bom as integer,\n\t\tptp_eco_pend as boolean,\n\t\tptp_rollup as boolean,\n\t\tptp_added as timestamp,\n\t\tptp_draw as string,\n\t\tptp_trantype as string,\n\t\tptp__chr01 as string,\n\t\tptp__chr02 as string,\n\t\tptp__chr03 as string,\n\t\tptp__chr04 as string,\n\t\tptp__chr05 as string,\n\t\tptp__chr06 as string,\n\t\tptp__chr07 as string,\n\t\tptp__chr08 as string,\n\t\tptp__chr09 as string,\n\t\tptp__chr10 as string,\n\t\tptp__dte01 as timestamp,\n\t\tptp__dte02 as timestamp,\n\t\tptp__dec01 as decimal(38,10),\n\t\tptp__dec02 as decimal(38,10),\n\t\tptp__log01 as boolean,\n\t\tptp__log02 as boolean,\n\t\tptp_ll_drp as integer,\n\t\tptp__qad05 as integer,\n\t\tptp_po_site as string,\n\t\tptp__qad04 as integer,\n\t\tptp__qad03 as integer,\n\t\tptp_mod_date as timestamp,\n\t\tptp_userid as string,\n\t\tptp_network as string,\n\t\tptp_rollup_id as string,\n\t\tptp_mfg_pct as decimal(38,10),\n\t\tptp_pur_pct as decimal(38,10),\n\t\tptp_drp_pct as decimal(38,10),\n\t\tptp_pou_code as string,\n\t\tptp_wks_avg as decimal(38,10),\n\t\tptp_wks_max as decimal(38,10),\n\t\tptp_wks_min as decimal(38,10),\n\t\tptp_pick_logic as integer,\n\t\tptp_joint_type as string,\n\t\tptp_btb_type as string,\n\t\tptp_cfg_type as string,\n\t\tptp_op_yield as boolean,\n\t\tptp_run_seq1 as string,\n\t\tptp_run_seq2 as string,\n\t\tptp_atp_enforcement as string,\n\t\tptp_atp_family as boolean,\n\t\tptp_domain as string,\n\t\toid_ptp_det as decimal(38,10),\n\t\tptp_insp_loc as string,\n\t\tptp_atp_horizon as integer,\n\t\tptp_gcfg_type as string,\n\t\tptp_replenishment_mthd as string,\n\t\tPro2SrcPDB as string,\n\t\tpro2created as timestamp,\n\t\tpro2modified as timestamp\n\t),\n\tallowSchemaDrift: true,\n\tvalidateSchema: false,\n\tformat: 'table') ~> source1"
                        }
                    ],
                    "sinks": [
                        {
                            "dataset": {
                                "referenceName": "DelimitedText1_test",
                                "type": "DatasetReference"
                            },
                            "name": "sink1",
                            "script": "DerivedColumn1 sink(allowSchemaDrift: true,\n\tvalidateSchema: false) ~> sink1"
                        }
                    ],
                    "transformations": [
                        {
                            "name": "DerivedColumn1",
                            "script": "source1 derive(ptp_rev = trim(ptp_rev,' ')) ~> DerivedColumn1"
                        }
                    ]
                }
            },
            "dependsOn": []
        },
        {
            "name": "[concat(parameters('factoryName'), '/pip_copy_qcpr_ios_Instructor_LifetimeData')]",
            "type": "Microsoft.DataFactory/factories/pipelines",
            "apiVersion": "2018-06-01",
            "properties": {
                "activities": [
                    {
                        "name": "Copy blob data to sql",
                        "type": "Copy",
                        "dependsOn": [],
                        "policy": {
                            "timeout": "7.00:00:00",
                            "retry": 5,
                            "retryIntervalInSeconds": 600,
                            "secureOutput": false,
                            "secureInput": false
                        },
                        "userProperties": [],
                        "typeProperties": {
                            "source": {
                                "type": "BlobSource",
                                "recursive": true
                            },
                            "sink": {
                                "type": "SqlSink",
                                "writeBatchSize": 10000
                            },
                            "enableStaging": false,
                            "translator": {
                                "type": "TabularTranslator",
                                "columnMappings": {
                                    "EventId": "EventId",
                                    "EventName": "EventName",
                                    "SessionId": "SessionId",
                                    "CompressionsCounter": "CompressionsCounter",
                                    "VentilationsCounter": "VentilationsCounter",
                                    "BatteryChangeCounter": "BatteryChangeCounter",
                                    "CriticalBatteryLevelCounter": "CriticalBatteryLevelCounter",
                                    "RuntimeBatteriesMinutes": "RuntimeBatteriesMinutes",
                                    "RuntimeAdapterMinutes": "RuntimeAdapterMinutes",
                                    "PowerOnCounter": "PowerOnCounter",
                                    "Skillguide.RuntimeMinutes": "Skillguide_RuntimeMinutes",
                                    "Skillguide.ButtonPressCounter": "Skillguide_ButtonPressCounter",
                                    "CurrentRawRestingValue-1": "CurrentRawRestingValue_2",
                                    "CurrentRawRestingValue-8": "CurrentRawRestingValue_8",
                                    "EventProcessedUtcTime": "EventProcessedUtcTime",
                                    "PartitionId": "PartitionId",
                                    "EventEnqueuedUtcTime": "EventEnqueuedUtcTime"
                                }
                            }
                        },
                        "inputs": [
                            {
                                "referenceName": "in_ds_qcpr_blob_Instructor_LifetimeData",
                                "type": "DatasetReference",
                                "parameters": {}
                            }
                        ],
                        "outputs": [
                            {
                                "referenceName": "out_ds_qcpr_sql_Instructor_LifetimeData",
                                "type": "DatasetReference",
                                "parameters": {}
                            }
                        ]
                    }
                ],
                "folder": {
                    "name": "QCPR"
                },
                "annotations": []
            },
            "dependsOn": []
        },
        {
            "name": "[concat(parameters('factoryName'), '/pip_copy_qcpr_ios_Instructor_Session_Collection_View')]",
            "type": "Microsoft.DataFactory/factories/pipelines",
            "apiVersion": "2018-06-01",
            "properties": {
                "activities": [
                    {
                        "name": "Copy Blob Data to SQL",
                        "type": "Copy",
                        "dependsOn": [],
                        "policy": {
                            "timeout": "7.00:00:00",
                            "retry": 5,
                            "retryIntervalInSeconds": 600,
                            "secureOutput": false,
                            "secureInput": false
                        },
                        "userProperties": [],
                        "typeProperties": {
                            "source": {
                                "type": "BlobSource",
                                "recursive": true
                            },
                            "sink": {
                                "type": "SqlSink",
                                "writeBatchSize": 10000
                            },
                            "enableStaging": false,
                            "translator": {
                                "type": "TabularTranslator",
                                "columnMappings": {
                                    "EventId": "EventId",
                                    "EventName": "EventName",
                                    "SessionId": "SessionId",
                                    "Session Type": "Session_Type",
                                    "Session Duration": "Session_Duration",
                                    "Number of Manikins Connected": "Number_of_Manikins_Connected",
                                    "Connected Manikins Types": "Connected_Manikins_Types",
                                    "RaceMode": "RaceMode",
                                    "Previous page": "Previous_page",
                                    "EventProcessedUtcTime": "EventProcessedUtcTime",
                                    "PartitionId": "PartitionId",
                                    "EventEnqueuedUtcTime": "EventEnqueuedUtcTime"
                                }
                            }
                        },
                        "inputs": [
                            {
                                "referenceName": "in_ds_qcpr_blob_Instructor_Session_Collection_View",
                                "type": "DatasetReference",
                                "parameters": {}
                            }
                        ],
                        "outputs": [
                            {
                                "referenceName": "out_ds_qcpr_sql_Instructor_Session_Collection_View",
                                "type": "DatasetReference",
                                "parameters": {}
                            }
                        ]
                    }
                ],
                "folder": {
                    "name": "QCPR"
                },
                "annotations": []
            },
            "dependsOn": []
        },
        {
            "name": "[concat(parameters('factoryName'), '/pip_copy_qcpr_ios_Instructor_device_connected')]",
            "type": "Microsoft.DataFactory/factories/pipelines",
            "apiVersion": "2018-06-01",
            "properties": {
                "activities": [
                    {
                        "name": "Copy Blob Data to SQL",
                        "type": "Copy",
                        "dependsOn": [],
                        "policy": {
                            "timeout": "7.00:00:00",
                            "retry": 5,
                            "retryIntervalInSeconds": 600,
                            "secureOutput": false,
                            "secureInput": false
                        },
                        "userProperties": [],
                        "typeProperties": {
                            "source": {
                                "type": "BlobSource",
                                "recursive": true
                            },
                            "sink": {
                                "type": "SqlSink",
                                "writeBatchSize": 10000
                            },
                            "enableStaging": false,
                            "translator": {
                                "type": "TabularTranslator",
                                "columnMappings": {
                                    "EventId": "EventId",
                                    "EventName": "EventName",
                                    "SessionId": "SessionId",
                                    "device name": "device_name",
                                    "Serial Number": "Serial_Number",
                                    "Firmware revision": "Firmware_revision",
                                    "NewFirmwareUpgradeAvailable": "NewFirmwareUpgradeAvailable",
                                    "Manikin Type": "Manikin_Type",
                                    "Supports15CompressionsMode": "Supports15CompressionsMode",
                                    "EventProcessedUtcTime": "EventProcessedUtcTime",
                                    "PartitionId": "PartitionId",
                                    "EventEnqueuedUtcTime": "EventEnqueuedUtcTime"
                                }
                            }
                        },
                        "inputs": [
                            {
                                "referenceName": "in_ds_qcpr_blob_Instructor_device_connected",
                                "type": "DatasetReference",
                                "parameters": {}
                            }
                        ],
                        "outputs": [
                            {
                                "referenceName": "out_ds_qcpr_sql_Instructor_device_connected",
                                "type": "DatasetReference",
                                "parameters": {}
                            }
                        ]
                    }
                ],
                "folder": {
                    "name": "QCPR"
                },
                "annotations": []
            },
            "dependsOn": []
        },
        {
            "name": "[concat(parameters('factoryName'), '/pip_copy_qcpr_ios_Instructor_score_various')]",
            "type": "Microsoft.DataFactory/factories/pipelines",
            "apiVersion": "2018-06-01",
            "properties": {
                "activities": [
                    {
                        "name": "Copy Data Blob To SQL",
                        "type": "Copy",
                        "dependsOn": [],
                        "policy": {
                            "timeout": "7.00:00:00",
                            "retry": 5,
                            "retryIntervalInSeconds": 600,
                            "secureOutput": false,
                            "secureInput": false
                        },
                        "userProperties": [],
                        "typeProperties": {
                            "source": {
                                "type": "BlobSource",
                                "recursive": true
                            },
                            "sink": {
                                "type": "SqlSink",
                                "writeBatchSize": 10000
                            },
                            "enableStaging": false,
                            "translator": {
                                "type": "TabularTranslator",
                                "columnMappings": {
                                    "EventId": "EventId",
                                    "EventName": "EventName",
                                    "SessionId": "SessionId",
                                    "Hint For Improvement": "Hint_For_Improvement",
                                    "Total Time": "Total_Time",
                                    "Total Score": "Total_Score",
                                    "Average No Flow Time": "Average_No_Flow_Time",
                                    "EventProcessedUtcTime": "EventProcessedUtcTime",
                                    "PartitionId": "PartitionId",
                                    "EventEnqueuedUtcTime": "EventEnqueuedUtcTime"
                                }
                            }
                        },
                        "inputs": [
                            {
                                "referenceName": "in_ds_qcpr_blob_Instructor_score_various",
                                "type": "DatasetReference",
                                "parameters": {}
                            }
                        ],
                        "outputs": [
                            {
                                "referenceName": "out_ds_qcpr_Instructor_score_various",
                                "type": "DatasetReference",
                                "parameters": {}
                            }
                        ]
                    }
                ],
                "variables": {
                    "StartTime": {
                        "type": "String"
                    }
                },
                "folder": {
                    "name": "QCPR"
                },
                "annotations": []
            },
            "dependsOn": []
        },
        {
            "name": "[concat(parameters('factoryName'), '/pip_copy_qcpr_ios_Instructor_score_ventilations')]",
            "type": "Microsoft.DataFactory/factories/pipelines",
            "apiVersion": "2018-06-01",
            "properties": {
                "activities": [
                    {
                        "name": "Copy blob data to SQL",
                        "type": "Copy",
                        "dependsOn": [],
                        "policy": {
                            "timeout": "7.00:00:00",
                            "retry": 5,
                            "retryIntervalInSeconds": 600,
                            "secureOutput": false,
                            "secureInput": false
                        },
                        "userProperties": [],
                        "typeProperties": {
                            "source": {
                                "type": "BlobSource",
                                "recursive": true
                            },
                            "sink": {
                                "type": "SqlSink",
                                "writeBatchSize": 10000
                            },
                            "enableStaging": false,
                            "translator": {
                                "type": "TabularTranslator",
                                "columnMappings": {
                                    "EventId": "EventId",
                                    "EventName": "EventName",
                                    "SessionId": "SessionId",
                                    "Ventilation Score": "Ventilation_Score",
                                    "Average Volume": "Average_Volume",
                                    "Ventilations Per Cycle Statistics": "Ventilations_Per_Cycle_Statistics",
                                    "Max Number Of Ventilations In Cycle": "Max_Number_Of_Ventilations_In_Cycle",
                                    "Min Number Of Ventilations In Cycle": "Min_Number_Of_Ventilations_In_Cycle",
                                    "Number Of Ventilation Cycles": "Number_Of_Ventilation_Cycles",
                                    "Number Of Ventilations": "Number_Of_Ventilations",
                                    "PercentAdequateDepth": "PercentAdequateDepth",
                                    "Percent Adequate Rate": "Percent_Adequate_Rate",
                                    "Percentage Adequate Volume": "Percentage_Adequate_Volume",
                                    "Percentage Too High Volume": "Percentage_Too_High_Volume",
                                    "Percentage Too Low Volume": "Percentage_Too_Low_Volume",
                                    "Percent Compressions Too Fast": "Percent_Compressions_Too_Fast",
                                    "Percent Compressions Too Slow": "Percent_Compressions_Too_Slow",
                                    "Percent Compressions With Complete Release": "Percent_Compressions_With_Complete_Release",
                                    "Percent Compressions With Correct HandPosition": "Percent_Compressions_With_Correct_HandPosition",
                                    "Percent Hands On Time": "Percent_Hands_On_Time",
                                    "Percent TooDeepDepth": "Percent_TooDeepDepth",
                                    "Percent TooShallowDepth": "Percent_TooShallowDepth",
                                    "Standard DeviationOnVolume": "Standard_DeviationOnVolume",
                                    "Standard DeviationCompressionRate": "Standard_DeviationCompressionRate",
                                    "Number Of Compression Cycles": "Number_Of_Compression_Cycles",
                                    "EventProcessedUtcTime": "EventProcessedUtcTime",
                                    "PartitionId": "PartitionId",
                                    "EventEnqueuedUtcTime": "EventEnqueuedUtcTime"
                                }
                            }
                        },
                        "inputs": [
                            {
                                "referenceName": "in_ds_qcpr_blob_Instructor_score_ventilations",
                                "type": "DatasetReference",
                                "parameters": {}
                            }
                        ],
                        "outputs": [
                            {
                                "referenceName": "out_ds_qcpr_sql_Instructor_score_ventilations",
                                "type": "DatasetReference",
                                "parameters": {}
                            }
                        ]
                    }
                ],
                "folder": {
                    "name": "QCPR"
                },
                "annotations": []
            },
            "dependsOn": []
        },
        {
            "name": "[concat(parameters('factoryName'), '/pip_copy_qcpr_ios_instructor_score_compressions')]",
            "type": "Microsoft.DataFactory/factories/pipelines",
            "apiVersion": "2018-06-01",
            "properties": {
                "activities": [
                    {
                        "name": "Copy Data Blob To SQL",
                        "type": "Copy",
                        "dependsOn": [],
                        "policy": {
                            "timeout": "7.00:00:00",
                            "retry": 5,
                            "retryIntervalInSeconds": 600,
                            "secureOutput": false,
                            "secureInput": false
                        },
                        "userProperties": [],
                        "typeProperties": {
                            "source": {
                                "type": "BlobSource",
                                "recursive": true
                            },
                            "sink": {
                                "type": "SqlSink",
                                "writeBatchSize": 10000
                            },
                            "enableStaging": false,
                            "translator": {
                                "type": "TabularTranslator",
                                "columnMappings": {
                                    "EventId": "EventId",
                                    "EventName": "EventName",
                                    "SessionId": "SessionId",
                                    "Compression Score": "Compression_Score",
                                    "Average Compression Depth": "Average_Compression_Depth",
                                    "Average Compression Rate": "Average_Compression_Rate",
                                    "Average Number of Compressions per Cycle": "Average_Number_of_Compressions_per_Cycle",
                                    "Percent adequate Depth": "Percent_adequate_Depth",
                                    "Percent adequate Rate": "Percent_adequate_Rate",
                                    "EventProcessedUtcTime": "EventProcessedUtcTime",
                                    "PartitionId": "PartitionId",
                                    "EventEnqueuedUtcTime": "EventEnqueuedUtcTime"
                                }
                            }
                        },
                        "inputs": [
                            {
                                "referenceName": "in_ds_qcpr_blob_Instructor_score_compressions",
                                "type": "DatasetReference",
                                "parameters": {}
                            }
                        ],
                        "outputs": [
                            {
                                "referenceName": "out_ds_qcpr_Instructor_score_compressions",
                                "type": "DatasetReference",
                                "parameters": {}
                            }
                        ]
                    }
                ],
                "variables": {
                    "StartTime": {
                        "type": "String"
                    }
                },
                "folder": {
                    "name": "QCPR"
                },
                "annotations": []
            },
            "dependsOn": []
        },
        {
            "name": "[concat(parameters('factoryName'), '/pipe_cp_adls_badevdb_DimBuyerPlanner')]",
            "type": "Microsoft.DataFactory/factories/pipelines",
            "apiVersion": "2018-06-01",
            "properties": {
                "activities": [
                    {
                        "name": "df_cp_adls_badevdb_DimBuyerPlanner",
                        "type": "ExecuteDataFlow",
                        "dependsOn": [],
                        "policy": {
                            "timeout": "7.00:00:00",
                            "retry": 0,
                            "retryIntervalInSeconds": 30,
                            "secureOutput": false,
                            "secureInput": false
                        },
                        "userProperties": [],
                        "typeProperties": {
                            "dataflow": {
                                "referenceName": "df_cp_adls_badevdb_DimBuyerPlanner",
                                "type": "DataFlowReference",
                                "parameters": {},
                                "datasetParameters": {
                                    "srcCodeMstr": {},
                                    "snkDimBuyerplan": {}
                                }
                            },
                            "staging": {}
                        }
                    }
                ],
                "folder": {
                    "name": "QAD"
                },
                "annotations": []
            },
            "dependsOn": [
                "[concat(variables('factoryId'), '/dataflows/df_cp_adls_badevdb_DimBuyerPlanner')]"
            ]
        },
        {
            "name": "[concat(parameters('factoryName'), '/pipe_cp_adls_badevdb_DimCurrency')]",
            "type": "Microsoft.DataFactory/factories/pipelines",
            "apiVersion": "2018-06-01",
            "properties": {
                "activities": [
                    {
                        "name": "act_cp_adls_badevdb_planrate",
                        "type": "Copy",
                        "dependsOn": [],
                        "policy": {
                            "timeout": "7.00:00:00",
                            "retry": 0,
                            "retryIntervalInSeconds": 30,
                            "secureOutput": false,
                            "secureInput": false
                        },
                        "userProperties": [],
                        "typeProperties": {
                            "source": {
                                "type": "AzureSqlSource",
                                "sqlReaderQuery": "\nSELECT cfrom.currencycode as 'FromCurrency'\n,cfrom.currencydescription as CurrencyName \n,cto.currencycode as 'ToCurrency' \n,convert(decimal(18,4), [exchangerate]) as 'ExchangeRate'\n  FROM [dbo].[exchangerate] ex\n  left join [dbo].[exchangeratetype] et\n       on ex.exchangeratetype_id = et.exchangeratetype_id\n  left join currency cfrom\n       on ex.fromcurrency_id = cfrom.currency_id\n  left join currency cto\n       on ex.tocurrency_id = cto.currency_id\n  where et.exchangeratetypecode = 'Budget'\n  and [exchangeratevaliddatetill] = '9999-12-31 00:00:00.000'\n  and cto.currencycode = 'NOK'\n  order by cfrom.currencycode asc\n \n"
                            },
                            "sink": {
                                "type": "DelimitedTextSink",
                                "storeSettings": {
                                    "type": "AzureBlobStorageWriteSetting"
                                },
                                "formatSettings": {
                                    "type": "DelimitedTextWriteSetting",
                                    "quoteAllText": true,
                                    "fileExtension": ".txt"
                                }
                            },
                            "enableStaging": false
                        },
                        "inputs": [
                            {
                                "referenceName": "ds_in_cp_pro2qad_adls_qad_planrate",
                                "type": "DatasetReference",
                                "parameters": {}
                            }
                        ],
                        "outputs": [
                            {
                                "referenceName": "ds_out_cp_pro2qad_adls_qad_planrate",
                                "type": "DatasetReference",
                                "parameters": {}
                            }
                        ]
                    },
                    {
                        "name": "df_adls_badevdb_DimCurrency",
                        "type": "ExecuteDataFlow",
                        "dependsOn": [
                            {
                                "activity": "act_cp_adls_badevdb_planrate",
                                "dependencyConditions": [
                                    "Succeeded"
                                ]
                            }
                        ],
                        "policy": {
                            "timeout": "7.00:00:00",
                            "retry": 0,
                            "retryIntervalInSeconds": 30,
                            "secureOutput": false,
                            "secureInput": false
                        },
                        "userProperties": [],
                        "typeProperties": {
                            "dataflow": {
                                "referenceName": "df_adls_badevdb_DimCurrency",
                                "type": "DataFlowReference",
                                "parameters": {},
                                "datasetParameters": {
                                    "srcDimCurrency": {},
                                    "srcManCurrency": {},
                                    "snkDimCurrency": {}
                                }
                            },
                            "staging": {},
                            "integrationRuntime": {
                                "referenceName": "ba-dev-dataflow-IR",
                                "type": "IntegrationRuntimeReference"
                            }
                        }
                    },
                    {
                        "name": "spUpdateCurrency",
                        "type": "SqlServerStoredProcedure",
                        "dependsOn": [
                            {
                                "activity": "df_adls_badevdb_DimCurrency",
                                "dependencyConditions": [
                                    "Succeeded"
                                ]
                            }
                        ],
                        "policy": {
                            "timeout": "7.00:00:00",
                            "retry": 0,
                            "retryIntervalInSeconds": 30,
                            "secureOutput": false,
                            "secureInput": false
                        },
                        "userProperties": [],
                        "typeProperties": {
                            "storedProcedureName": "[[dbo].[spUpdateCurrency]"
                        },
                        "linkedServiceName": {
                            "referenceName": "lnk_AzureSQL_Dev",
                            "type": "LinkedServiceReference"
                        }
                    }
                ],
                "folder": {
                    "name": "QAD"
                },
                "annotations": []
            },
            "dependsOn": []
        },
        {
            "name": "[concat(parameters('factoryName'), '/pipe_cp_adls_badevdb_DimCurrencyTC')]",
            "type": "Microsoft.DataFactory/factories/pipelines",
            "apiVersion": "2018-06-01",
            "properties": {
                "activities": [
                    {
                        "name": "df_adls_badevdb_DimCurrencyTC",
                        "type": "ExecuteDataFlow",
                        "dependsOn": [],
                        "policy": {
                            "timeout": "7.00:00:00",
                            "retry": 0,
                            "retryIntervalInSeconds": 30,
                            "secureOutput": false,
                            "secureInput": false
                        },
                        "userProperties": [],
                        "typeProperties": {
                            "dataflow": {
                                "referenceName": "df_adls_badevdb_DimCurrencyTC",
                                "type": "DataFlowReference",
                                "parameters": {},
                                "datasetParameters": {
                                    "dfsrcadlsqadexchangerate": {},
                                    "dfsrcadlsqadcurrency": {},
                                    "dfoutbadevdbcurrencyTC": {}
                                }
                            },
                            "staging": {},
                            "integrationRuntime": {
                                "referenceName": "ba-dev-dataflow-IR",
                                "type": "IntegrationRuntimeReference"
                            }
                        }
                    }
                ],
                "folder": {
                    "name": "QAD"
                },
                "annotations": []
            },
            "dependsOn": []
        },
        {
            "name": "[concat(parameters('factoryName'), '/pipe_cp_adls_badevdb_DimDeliveryPrecision')]",
            "type": "Microsoft.DataFactory/factories/pipelines",
            "apiVersion": "2018-06-01",
            "properties": {
                "activities": [
                    {
                        "name": "df_adls_badevdb_DimDeliveryPrecision",
                        "type": "ExecuteDataFlow",
                        "dependsOn": [],
                        "policy": {
                            "timeout": "7.00:00:01",
                            "retry": 0,
                            "retryIntervalInSeconds": 30,
                            "secureOutput": false,
                            "secureInput": false
                        },
                        "userProperties": [],
                        "typeProperties": {
                            "dataflow": {
                                "referenceName": "df_adls_badevdb_DimDeliveryPrecision",
                                "type": "DataFlowReference",
                                "parameters": {},
                                "datasetParameters": {
                                    "srcManDimDeliveryPrecision": {},
                                    "snkDimDeliveryPrecision": {}
                                }
                            },
                            "staging": {},
                            "integrationRuntime": {
                                "referenceName": "ba-dev-dataflow-IR",
                                "type": "IntegrationRuntimeReference"
                            }
                        }
                    }
                ],
                "folder": {
                    "name": "QAD"
                },
                "annotations": []
            },
            "dependsOn": []
        }
    ]
}