{
    "$schema": "http://schema.management.azure.com/schemas/2015-01-01/deploymentTemplate.json#",
    "contentVersion": "1.0.0.0",
    "parameters": {
        "factoryName": {
            "type": "string",
            "metadata": "Data Factory Name",
            "defaultValue": "ba-dev-adf"
        }
    },
    "variables": {
        "factoryId": "[concat('Microsoft.DataFactory/factories/', parameters('factoryName'))]"
    },
    "resources": [
        {
            "name": "[concat(parameters('factoryName'), '/out_df_ds_badevdb_DimSupplier')]",
            "type": "Microsoft.DataFactory/factories/datasets",
            "apiVersion": "2018-06-01",
            "properties": {
                "linkedServiceName": {
                    "referenceName": "lnk_AzureSQL_Dev",
                    "type": "LinkedServiceReference"
                },
                "folder": {
                    "name": "QAD"
                },
                "annotations": [],
                "type": "AzureSqlTable",
                "schema": [
                    {
                        "name": "SupplierRowId",
                        "type": "int",
                        "precision": 10
                    },
                    {
                        "name": "SupplierID",
                        "type": "varchar"
                    },
                    {
                        "name": "SupplierName",
                        "type": "varchar"
                    },
                    {
                        "name": "Supplier",
                        "type": "varchar"
                    },
                    {
                        "name": "SupplierInitial",
                        "type": "varchar"
                    },
                    {
                        "name": "SupplierRegion",
                        "type": "varchar"
                    },
                    {
                        "name": "SupplierCountry",
                        "type": "varchar"
                    },
                    {
                        "name": "SupplierCity",
                        "type": "varchar"
                    },
                    {
                        "name": "SupplierZipCode",
                        "type": "varchar"
                    }
                ],
                "typeProperties": {
                    "tableName": "[[dbo].[DimSupplier]"
                }
            },
            "dependsOn": []
        },
        {
            "name": "[concat(parameters('factoryName'), '/out_df_ds_badevdb_DimTransactionType')]",
            "type": "Microsoft.DataFactory/factories/datasets",
            "apiVersion": "2018-06-01",
            "properties": {
                "linkedServiceName": {
                    "referenceName": "lnk_AzureSQL_Dev",
                    "type": "LinkedServiceReference"
                },
                "folder": {
                    "name": "QAD"
                },
                "annotations": [],
                "type": "AzureSqlTable",
                "schema": [
                    {
                        "name": "TransactionTypeId",
                        "type": "int",
                        "precision": 10
                    },
                    {
                        "name": "TransactionTypeCode",
                        "type": "varchar"
                    },
                    {
                        "name": "Description",
                        "type": "varchar"
                    }
                ],
                "typeProperties": {
                    "tableName": "[[dbo].[DimTransactionType]"
                }
            },
            "dependsOn": []
        },
        {
            "name": "[concat(parameters('factoryName'), '/out_ds_adls_qad_ad_mstr')]",
            "type": "Microsoft.DataFactory/factories/datasets",
            "apiVersion": "2018-06-01",
            "properties": {
                "linkedServiceName": {
                    "referenceName": "badevadlsg2",
                    "type": "LinkedServiceReference"
                },
                "folder": {
                    "name": "QAD"
                },
                "annotations": [],
                "type": "DelimitedText",
                "typeProperties": {
                    "location": {
                        "type": "AzureBlobStorageLocation",
                        "fileName": "ad_mstr.csv",
                        "folderPath": "Governed Data/Sources/LMAS/QAD/Pro2qad",
                        "container": "adlsdev"
                    },
                    "columnDelimiter": ",",
                    "escapeChar": "\\",
                    "firstRowAsHeader": true,
                    "quoteChar": "\""
                },
                "schema": []
            },
            "dependsOn": []
        },
        {
            "name": "[concat(parameters('factoryName'), '/out_ds_adls_qad_adress')]",
            "type": "Microsoft.DataFactory/factories/datasets",
            "apiVersion": "2018-06-01",
            "properties": {
                "linkedServiceName": {
                    "referenceName": "badevadlsg2",
                    "type": "LinkedServiceReference"
                },
                "folder": {
                    "name": "QAD"
                },
                "annotations": [],
                "type": "DelimitedText",
                "typeProperties": {
                    "location": {
                        "type": "AzureBlobStorageLocation",
                        "fileName": "address.csv",
                        "folderPath": "Governed Data/Sources/LMAS/QAD/Pro2qad",
                        "container": "adlsdev"
                    },
                    "columnDelimiter": ",",
                    "escapeChar": "\\",
                    "firstRowAsHeader": true,
                    "quoteChar": "\""
                },
                "schema": [
                    {
                        "name": "prrowid",
                        "type": "String"
                    },
                    {
                        "name": "address_id",
                        "type": "String"
                    },
                    {
                        "name": "addressstreet1",
                        "type": "String"
                    },
                    {
                        "name": "addressstreet2",
                        "type": "String"
                    },
                    {
                        "name": "addressstreet3",
                        "type": "String"
                    },
                    {
                        "name": "addresszip",
                        "type": "String"
                    },
                    {
                        "name": "addresscity",
                        "type": "String"
                    },
                    {
                        "name": "addressname",
                        "type": "String"
                    },
                    {
                        "name": "addresssearchname",
                        "type": "String"
                    },
                    {
                        "name": "addresstelephone",
                        "type": "String"
                    },
                    {
                        "name": "addressemail",
                        "type": "String"
                    },
                    {
                        "name": "addresswebsite",
                        "type": "String"
                    },
                    {
                        "name": "addressfax",
                        "type": "String"
                    },
                    {
                        "name": "addressformat",
                        "type": "String"
                    },
                    {
                        "name": "addressistemporary",
                        "type": "String"
                    },
                    {
                        "name": "country_id",
                        "type": "String"
                    },
                    {
                        "name": "businessrelation_id",
                        "type": "String"
                    },
                    {
                        "name": "addresstype_id",
                        "type": "String"
                    },
                    {
                        "name": "lng_id",
                        "type": "String"
                    },
                    {
                        "name": "state_id",
                        "type": "String"
                    },
                    {
                        "name": "county_id",
                        "type": "String"
                    },
                    {
                        "name": "txztaxzone",
                        "type": "String"
                    },
                    {
                        "name": "txcltaxcls",
                        "type": "String"
                    },
                    {
                        "name": "txutaxusage",
                        "type": "String"
                    },
                    {
                        "name": "addresspostaladdress1",
                        "type": "String"
                    },
                    {
                        "name": "addresspostaladdress2",
                        "type": "String"
                    },
                    {
                        "name": "addressissendtopostal",
                        "type": "String"
                    },
                    {
                        "name": "addressstate",
                        "type": "String"
                    },
                    {
                        "name": "addresspostalzip",
                        "type": "String"
                    },
                    {
                        "name": "addresspostalcity",
                        "type": "String"
                    },
                    {
                        "name": "addresscounty",
                        "type": "String"
                    },
                    {
                        "name": "addressistaxable",
                        "type": "String"
                    },
                    {
                        "name": "addressistaxincity",
                        "type": "String"
                    },
                    {
                        "name": "addressistaxincluded",
                        "type": "String"
                    },
                    {
                        "name": "addresstaxidfederal",
                        "type": "String"
                    },
                    {
                        "name": "addresstaxidstate",
                        "type": "String"
                    },
                    {
                        "name": "addresstaxidmisc1",
                        "type": "String"
                    },
                    {
                        "name": "addresstaxidmisc2",
                        "type": "String"
                    },
                    {
                        "name": "addresstaxidmisc3",
                        "type": "String"
                    },
                    {
                        "name": "addresstaxdeclaration",
                        "type": "String"
                    },
                    {
                        "name": "addresslogickeystring",
                        "type": "String"
                    },
                    {
                        "name": "customshort0",
                        "type": "String"
                    },
                    {
                        "name": "customshort1",
                        "type": "String"
                    },
                    {
                        "name": "customshort2",
                        "type": "String"
                    },
                    {
                        "name": "customshort3",
                        "type": "String"
                    },
                    {
                        "name": "customshort4",
                        "type": "String"
                    },
                    {
                        "name": "customshort5",
                        "type": "String"
                    },
                    {
                        "name": "customshort6",
                        "type": "String"
                    },
                    {
                        "name": "customshort7",
                        "type": "String"
                    },
                    {
                        "name": "customshort8",
                        "type": "String"
                    },
                    {
                        "name": "customshort9",
                        "type": "String"
                    },
                    {
                        "name": "customcombo0",
                        "type": "String"
                    },
                    {
                        "name": "customcombo1",
                        "type": "String"
                    },
                    {
                        "name": "customcombo2",
                        "type": "String"
                    },
                    {
                        "name": "customcombo3",
                        "type": "String"
                    },
                    {
                        "name": "customcombo4",
                        "type": "String"
                    },
                    {
                        "name": "customcombo5",
                        "type": "String"
                    },
                    {
                        "name": "customcombo6",
                        "type": "String"
                    },
                    {
                        "name": "customcombo7",
                        "type": "String"
                    },
                    {
                        "name": "customcombo8",
                        "type": "String"
                    },
                    {
                        "name": "customcombo9",
                        "type": "String"
                    },
                    {
                        "name": "customlong0",
                        "type": "String"
                    },
                    {
                        "name": "customlong1",
                        "type": "String"
                    },
                    {
                        "name": "customnote",
                        "type": "String"
                    },
                    {
                        "name": "customdate0",
                        "type": "String"
                    },
                    {
                        "name": "customdate1",
                        "type": "String"
                    },
                    {
                        "name": "customdate2",
                        "type": "String"
                    },
                    {
                        "name": "customdate3",
                        "type": "String"
                    },
                    {
                        "name": "customdate4",
                        "type": "String"
                    },
                    {
                        "name": "custominteger0",
                        "type": "String"
                    },
                    {
                        "name": "custominteger1",
                        "type": "String"
                    },
                    {
                        "name": "custominteger2",
                        "type": "String"
                    },
                    {
                        "name": "custominteger3",
                        "type": "String"
                    },
                    {
                        "name": "custominteger4",
                        "type": "String"
                    },
                    {
                        "name": "customdecimal0",
                        "type": "String"
                    },
                    {
                        "name": "customdecimal1",
                        "type": "String"
                    },
                    {
                        "name": "customdecimal2",
                        "type": "String"
                    },
                    {
                        "name": "customdecimal3",
                        "type": "String"
                    },
                    {
                        "name": "customdecimal4",
                        "type": "String"
                    },
                    {
                        "name": "lastmodifieddate",
                        "type": "String"
                    },
                    {
                        "name": "lastmodifiedtime",
                        "type": "String"
                    },
                    {
                        "name": "lastmodifieduser",
                        "type": "String"
                    },
                    {
                        "name": "qadc01",
                        "type": "String"
                    },
                    {
                        "name": "qadc02",
                        "type": "String"
                    },
                    {
                        "name": "qadt01",
                        "type": "String"
                    },
                    {
                        "name": "qadd01",
                        "type": "String"
                    },
                    {
                        "name": "addresscitycode",
                        "type": "String"
                    },
                    {
                        "name": "addressexternalvalidationcode",
                        "type": "String"
                    },
                    {
                        "name": "customshort10",
                        "type": "String"
                    },
                    {
                        "name": "customshort11",
                        "type": "String"
                    },
                    {
                        "name": "customshort12",
                        "type": "String"
                    },
                    {
                        "name": "customshort13",
                        "type": "String"
                    },
                    {
                        "name": "customshort14",
                        "type": "String"
                    },
                    {
                        "name": "customshort15",
                        "type": "String"
                    },
                    {
                        "name": "customshort16",
                        "type": "String"
                    },
                    {
                        "name": "customshort17",
                        "type": "String"
                    },
                    {
                        "name": "customshort18",
                        "type": "String"
                    },
                    {
                        "name": "customshort19",
                        "type": "String"
                    },
                    {
                        "name": "customcombo10",
                        "type": "String"
                    },
                    {
                        "name": "customcombo11",
                        "type": "String"
                    },
                    {
                        "name": "customcombo12",
                        "type": "String"
                    },
                    {
                        "name": "customcombo13",
                        "type": "String"
                    },
                    {
                        "name": "customcombo14",
                        "type": "String"
                    },
                    {
                        "name": "Pro2SrcPDB",
                        "type": "String"
                    },
                    {
                        "name": "pro2created",
                        "type": "String"
                    },
                    {
                        "name": "pro2modified",
                        "type": "String"
                    }
                ]
            },
            "dependsOn": []
        },
        {
            "name": "[concat(parameters('factoryName'), '/out_ds_adls_qad_code_mstr')]",
            "type": "Microsoft.DataFactory/factories/datasets",
            "apiVersion": "2018-06-01",
            "properties": {
                "linkedServiceName": {
                    "referenceName": "badevadlsg2",
                    "type": "LinkedServiceReference"
                },
                "folder": {
                    "name": "QAD"
                },
                "annotations": [],
                "type": "DelimitedText",
                "typeProperties": {
                    "location": {
                        "type": "AzureBlobStorageLocation",
                        "fileName": "code_mstr.csv",
                        "folderPath": "Governed Data/Sources/LMAS/QAD/Pro2qad",
                        "container": "adlsdev"
                    },
                    "columnDelimiter": ",",
                    "escapeChar": "\\",
                    "firstRowAsHeader": true,
                    "quoteChar": "\""
                },
                "schema": []
            },
            "dependsOn": []
        },
        {
            "name": "[concat(parameters('factoryName'), '/out_ds_adls_qad_currency')]",
            "type": "Microsoft.DataFactory/factories/datasets",
            "apiVersion": "2018-06-01",
            "properties": {
                "linkedServiceName": {
                    "referenceName": "badevadlsg2",
                    "type": "LinkedServiceReference"
                },
                "folder": {
                    "name": "QAD"
                },
                "annotations": [],
                "type": "DelimitedText",
                "typeProperties": {
                    "location": {
                        "type": "AzureBlobStorageLocation",
                        "fileName": "currency.csv",
                        "folderPath": "Governed Data/Sources/LMAS/QAD/Pro2qad",
                        "container": "adlsdev"
                    },
                    "columnDelimiter": ",",
                    "escapeChar": "\\",
                    "firstRowAsHeader": true,
                    "quoteChar": "\""
                },
                "schema": []
            },
            "dependsOn": []
        },
        {
            "name": "[concat(parameters('factoryName'), '/out_ds_adls_qad_domainproperty')]",
            "type": "Microsoft.DataFactory/factories/datasets",
            "apiVersion": "2018-06-01",
            "properties": {
                "linkedServiceName": {
                    "referenceName": "badevadlsg2",
                    "type": "LinkedServiceReference"
                },
                "folder": {
                    "name": "QAD"
                },
                "annotations": [],
                "type": "DelimitedText",
                "typeProperties": {
                    "location": {
                        "type": "AzureBlobStorageLocation",
                        "fileName": "domainproperty.csv",
                        "folderPath": "Governed Data/Sources/LMAS/QAD/Pro2qad",
                        "container": "adlsdev"
                    },
                    "columnDelimiter": ",",
                    "escapeChar": "\\",
                    "firstRowAsHeader": true,
                    "quoteChar": "\""
                },
                "schema": []
            },
            "dependsOn": []
        },
        {
            "name": "[concat(parameters('factoryName'), '/out_ds_adls_qad_domains')]",
            "type": "Microsoft.DataFactory/factories/datasets",
            "apiVersion": "2018-06-01",
            "properties": {
                "linkedServiceName": {
                    "referenceName": "badevadlsg2",
                    "type": "LinkedServiceReference"
                },
                "folder": {
                    "name": "QAD"
                },
                "annotations": [],
                "type": "DelimitedText",
                "typeProperties": {
                    "location": {
                        "type": "AzureBlobStorageLocation",
                        "fileName": "domains.csv",
                        "folderPath": "Governed Data/Sources/LMAS/QAD/Pro2qad",
                        "container": "adlsdev"
                    },
                    "columnDelimiter": ",",
                    "escapeChar": "\\",
                    "firstRowAsHeader": true,
                    "quoteChar": "\""
                },
                "schema": []
            },
            "dependsOn": []
        },
        {
            "name": "[concat(parameters('factoryName'), '/out_ds_adls_qad_dsd_det')]",
            "type": "Microsoft.DataFactory/factories/datasets",
            "apiVersion": "2018-06-01",
            "properties": {
                "linkedServiceName": {
                    "referenceName": "badevadlsg2",
                    "type": "LinkedServiceReference"
                },
                "folder": {
                    "name": "QAD"
                },
                "annotations": [],
                "type": "DelimitedText",
                "typeProperties": {
                    "location": {
                        "type": "AzureBlobStorageLocation",
                        "fileName": "dsd_det.csv",
                        "folderPath": "Governed Data/Sources/LMAS/QAD/Pro2qad",
                        "container": "adlsdev"
                    },
                    "columnDelimiter": ",",
                    "escapeChar": "\\",
                    "firstRowAsHeader": true,
                    "quoteChar": "\""
                },
                "schema": []
            },
            "dependsOn": []
        },
        {
            "name": "[concat(parameters('factoryName'), '/out_ds_adls_qad_dsr_mstr')]",
            "type": "Microsoft.DataFactory/factories/datasets",
            "apiVersion": "2018-06-01",
            "properties": {
                "linkedServiceName": {
                    "referenceName": "badevadlsg2",
                    "type": "LinkedServiceReference"
                },
                "folder": {
                    "name": "QAD"
                },
                "annotations": [],
                "type": "DelimitedText",
                "typeProperties": {
                    "location": {
                        "type": "AzureBlobStorageLocation",
                        "fileName": "dsr_mstr.csv",
                        "folderPath": "Governed Data/Sources/LMAS/QAD/Pro2qad",
                        "container": "adlsdev"
                    },
                    "columnDelimiter": ",",
                    "escapeChar": "\\",
                    "firstRowAsHeader": true,
                    "quoteChar": "\""
                },
                "schema": []
            },
            "dependsOn": []
        },
        {
            "name": "[concat(parameters('factoryName'), '/out_ds_adls_qad_exchangerate')]",
            "type": "Microsoft.DataFactory/factories/datasets",
            "apiVersion": "2018-06-01",
            "properties": {
                "linkedServiceName": {
                    "referenceName": "badevadlsg2",
                    "type": "LinkedServiceReference"
                },
                "folder": {
                    "name": "QAD"
                },
                "annotations": [],
                "type": "DelimitedText",
                "typeProperties": {
                    "location": {
                        "type": "AzureBlobStorageLocation",
                        "fileName": "exchangerate.csv",
                        "folderPath": "Governed Data/Sources/LMAS/QAD/Pro2qad",
                        "container": "adlsdev"
                    },
                    "columnDelimiter": ",",
                    "escapeChar": "\\",
                    "firstRowAsHeader": true,
                    "quoteChar": "\""
                },
                "schema": []
            },
            "dependsOn": []
        },
        {
            "name": "[concat(parameters('factoryName'), '/out_ds_adls_qad_po_mstr')]",
            "type": "Microsoft.DataFactory/factories/datasets",
            "apiVersion": "2018-06-01",
            "properties": {
                "linkedServiceName": {
                    "referenceName": "badevadlsg2",
                    "type": "LinkedServiceReference"
                },
                "folder": {
                    "name": "QAD"
                },
                "annotations": [],
                "type": "DelimitedText",
                "typeProperties": {
                    "location": {
                        "type": "AzureBlobStorageLocation",
                        "fileName": "po_mstr.csv",
                        "folderPath": "Governed Data/Sources/LMAS/QAD/Pro2qad",
                        "container": "adlsdev"
                    },
                    "columnDelimiter": ",",
                    "escapeChar": "\\",
                    "firstRowAsHeader": true,
                    "quoteChar": "\""
                },
                "schema": []
            },
            "dependsOn": []
        },
        {
            "name": "[concat(parameters('factoryName'), '/out_ds_adls_qad_pod_det')]",
            "type": "Microsoft.DataFactory/factories/datasets",
            "apiVersion": "2018-06-01",
            "properties": {
                "linkedServiceName": {
                    "referenceName": "badevadlsg2",
                    "type": "LinkedServiceReference"
                },
                "folder": {
                    "name": "QAD"
                },
                "annotations": [],
                "type": "DelimitedText",
                "typeProperties": {
                    "location": {
                        "type": "AzureBlobStorageLocation",
                        "fileName": "pod_det.csv",
                        "folderPath": "Governed Data/Sources/LMAS/QAD/Pro2qad",
                        "container": "adlsdev"
                    },
                    "columnDelimiter": ",",
                    "escapeChar": "\\",
                    "firstRowAsHeader": true,
                    "quoteChar": "\""
                },
                "schema": []
            },
            "dependsOn": []
        },
        {
            "name": "[concat(parameters('factoryName'), '/out_ds_adls_qad_prh_hist')]",
            "type": "Microsoft.DataFactory/factories/datasets",
            "apiVersion": "2018-06-01",
            "properties": {
                "linkedServiceName": {
                    "referenceName": "badevadlsg2",
                    "type": "LinkedServiceReference"
                },
                "folder": {
                    "name": "QAD"
                },
                "annotations": [],
                "type": "DelimitedText",
                "typeProperties": {
                    "location": {
                        "type": "AzureBlobStorageLocation",
                        "fileName": "prh_hist.csv",
                        "folderPath": "Governed Data/Sources/LMAS/QAD/Pro2qad",
                        "container": "adlsdev"
                    },
                    "columnDelimiter": ",",
                    "escapeChar": "\\",
                    "firstRowAsHeader": true,
                    "quoteChar": "\""
                },
                "schema": []
            },
            "dependsOn": []
        },
        {
            "name": "[concat(parameters('factoryName'), '/out_ds_adls_qad_ptp_det')]",
            "type": "Microsoft.DataFactory/factories/datasets",
            "apiVersion": "2018-06-01",
            "properties": {
                "linkedServiceName": {
                    "referenceName": "badevadlsg2",
                    "type": "LinkedServiceReference"
                },
                "folder": {
                    "name": "QAD"
                },
                "annotations": [],
                "type": "DelimitedText",
                "typeProperties": {
                    "location": {
                        "type": "AzureBlobStorageLocation",
                        "fileName": "ptp_det.csv",
                        "folderPath": "Governed Data/Sources/LMAS/QAD/Pro2qad",
                        "container": "adlsdev"
                    },
                    "columnDelimiter": "|",
                    "rowDelimiter": "Æ",
                    "escapeChar": "\\",
                    "firstRowAsHeader": true,
                    "quoteChar": "\""
                },
                "schema": []
            },
            "dependsOn": []
        },
        {
            "name": "[concat(parameters('factoryName'), '/out_ds_adls_qad_sct_det')]",
            "type": "Microsoft.DataFactory/factories/datasets",
            "apiVersion": "2018-06-01",
            "properties": {
                "linkedServiceName": {
                    "referenceName": "badevadlsg2",
                    "type": "LinkedServiceReference"
                },
                "folder": {
                    "name": "QAD"
                },
                "annotations": [],
                "type": "DelimitedText",
                "typeProperties": {
                    "location": {
                        "type": "AzureBlobStorageLocation",
                        "fileName": "sct_det.csv",
                        "folderPath": "Governed Data/Sources/LMAS/QAD/Pro2qad",
                        "container": "adlsdev"
                    },
                    "columnDelimiter": ",",
                    "escapeChar": "\\",
                    "firstRowAsHeader": true,
                    "quoteChar": "\""
                },
                "schema": []
            },
            "dependsOn": []
        },
        {
            "name": "[concat(parameters('factoryName'), '/out_ds_adls_qad_si_mstr')]",
            "type": "Microsoft.DataFactory/factories/datasets",
            "apiVersion": "2018-06-01",
            "properties": {
                "linkedServiceName": {
                    "referenceName": "badevadlsg2",
                    "type": "LinkedServiceReference"
                },
                "folder": {
                    "name": "QAD"
                },
                "annotations": [],
                "type": "DelimitedText",
                "typeProperties": {
                    "location": {
                        "type": "AzureBlobStorageLocation",
                        "fileName": "si_mstr.csv",
                        "folderPath": "Governed Data/Sources/LMAS/QAD/Pro2qad",
                        "container": "adlsdev"
                    },
                    "columnDelimiter": ",",
                    "escapeChar": "\\",
                    "firstRowAsHeader": true,
                    "quoteChar": "\""
                },
                "schema": []
            },
            "dependsOn": []
        },
        {
            "name": "[concat(parameters('factoryName'), '/out_ds_adls_qad_vd_mstr')]",
            "type": "Microsoft.DataFactory/factories/datasets",
            "apiVersion": "2018-06-01",
            "properties": {
                "linkedServiceName": {
                    "referenceName": "badevadlsg2",
                    "type": "LinkedServiceReference"
                },
                "folder": {
                    "name": "QAD"
                },
                "annotations": [],
                "type": "DelimitedText",
                "typeProperties": {
                    "location": {
                        "type": "AzureBlobStorageLocation",
                        "fileName": "vd_mstr.csv",
                        "folderPath": "Governed Data/Sources/LMAS/QAD/Pro2qad",
                        "container": "adlsdev"
                    },
                    "columnDelimiter": ",",
                    "escapeChar": "\\",
                    "firstRowAsHeader": true,
                    "quoteChar": "\""
                },
                "schema": []
            },
            "dependsOn": []
        },
        {
            "name": "[concat(parameters('factoryName'), '/out_ds_asql_agile_part_mastr')]",
            "type": "Microsoft.DataFactory/factories/datasets",
            "apiVersion": "2018-06-01",
            "properties": {
                "linkedServiceName": {
                    "referenceName": "badevadlsg2",
                    "type": "LinkedServiceReference"
                },
                "folder": {
                    "name": "QAD"
                },
                "annotations": [],
                "type": "DelimitedText",
                "typeProperties": {
                    "location": {
                        "type": "AzureBlobStorageLocation",
                        "fileName": "part_mstr.csv",
                        "folderPath": "Governed Data/Sources/LMAS/QAD/Pro2qad",
                        "container": "adlsdev"
                    },
                    "columnDelimiter": "|",
                    "rowDelimiter": "¤",
                    "escapeChar": "\\",
                    "firstRowAsHeader": true,
                    "quoteChar": "\""
                },
                "schema": []
            },
            "dependsOn": []
        },
        {
            "name": "[concat(parameters('factoryName'), '/out_ds_badevdb_DimDeliveryPrecision')]",
            "type": "Microsoft.DataFactory/factories/datasets",
            "apiVersion": "2018-06-01",
            "properties": {
                "linkedServiceName": {
                    "referenceName": "lnk_AzureSQL_Dev",
                    "type": "LinkedServiceReference"
                },
                "folder": {
                    "name": "QAD"
                },
                "annotations": [],
                "type": "AzureSqlTable",
                "schema": [
                    {
                        "name": "DeliveryPrecisionId",
                        "type": "int",
                        "precision": 10
                    },
                    {
                        "name": "DeliveryPrecision",
                        "type": "varchar"
                    },
                    {
                        "name": "DeliveryPrecisionDetail",
                        "type": "varchar"
                    }
                ],
                "typeProperties": {
                    "tableName": "[[dbo].[DimDeliveryPrecision]"
                }
            },
            "dependsOn": []
        }
    ]
}