{
    "$schema": "http://schema.management.azure.com/schemas/2015-01-01/deploymentTemplate.json#",
    "contentVersion": "1.0.0.0",
    "parameters": {
        "factoryName": {
            "type": "string",
            "metadata": "Data Factory Name",
            "defaultValue": "ba-dev-adf"
        }
    },
    "variables": {
        "factoryId": "[concat('Microsoft.DataFactory/factories/', parameters('factoryName'))]"
    },
    "resources": [
        {
            "name": "[concat(parameters('factoryName'), '/pipe_cp_adls_badevdb_DimDistributionCenter')]",
            "type": "Microsoft.DataFactory/factories/pipelines",
            "apiVersion": "2018-06-01",
            "properties": {
                "activities": [
                    {
                        "name": "df_adls_badevdb_DimDistributionCenter",
                        "type": "ExecuteDataFlow",
                        "dependsOn": [],
                        "policy": {
                            "timeout": "7.00:00:00",
                            "retry": 0,
                            "retryIntervalInSeconds": 30,
                            "secureOutput": false,
                            "secureInput": false
                        },
                        "userProperties": [],
                        "typeProperties": {
                            "dataflow": {
                                "referenceName": "df_adls_badevdb_DimDistributionCenter",
                                "type": "DataFlowReference",
                                "parameters": {},
                                "datasetParameters": {
                                    "dfoutsrcsimstr": {},
                                    "dfoutsrcadmstr": {},
                                    "dfoutsrcsitetype": {},
                                    "dfoutsinkdevdbdimdistribution": {}
                                }
                            },
                            "staging": {},
                            "integrationRuntime": {
                                "referenceName": "ba-dev-dataflow-IR",
                                "type": "IntegrationRuntimeReference"
                            }
                        }
                    }
                ],
                "folder": {
                    "name": "QAD"
                },
                "annotations": []
            },
            "dependsOn": []
        },
        {
            "name": "[concat(parameters('factoryName'), '/pipe_cp_adls_badevdb_DimDomain')]",
            "type": "Microsoft.DataFactory/factories/pipelines",
            "apiVersion": "2018-06-01",
            "properties": {
                "activities": [
                    {
                        "name": "df_adls_badevdb_DimDomain",
                        "type": "ExecuteDataFlow",
                        "dependsOn": [],
                        "policy": {
                            "timeout": "7.00:00:00",
                            "retry": 0,
                            "retryIntervalInSeconds": 30,
                            "secureOutput": false,
                            "secureInput": false
                        },
                        "userProperties": [],
                        "typeProperties": {
                            "dataflow": {
                                "referenceName": "df_adls_badevdb_DimDomain",
                                "type": "DataFlowReference",
                                "parameters": {},
                                "datasetParameters": {
                                    "srcDomain": {},
                                    "srcDomainProperty": {},
                                    "srcCurrency": {},
                                    "snkDimDomain": {}
                                }
                            },
                            "staging": {},
                            "integrationRuntime": {
                                "referenceName": "ba-dev-dataflow-IR",
                                "type": "IntegrationRuntimeReference"
                            }
                        }
                    }
                ],
                "folder": {
                    "name": "QAD"
                },
                "annotations": []
            },
            "dependsOn": []
        },
        {
            "name": "[concat(parameters('factoryName'), '/pipe_cp_adls_badevdb_DimInventoryLocation')]",
            "type": "Microsoft.DataFactory/factories/pipelines",
            "apiVersion": "2018-06-01",
            "properties": {
                "activities": [
                    {
                        "name": "df_cp_adls_badevdb_DimInventoryLocation",
                        "type": "ExecuteDataFlow",
                        "dependsOn": [],
                        "policy": {
                            "timeout": "7.00:00:00",
                            "retry": 0,
                            "retryIntervalInSeconds": 30,
                            "secureOutput": false,
                            "secureInput": false
                        },
                        "userProperties": [],
                        "typeProperties": {
                            "dataflow": {
                                "referenceName": "df_cp_adls_badevdb_DimInventoryLocation",
                                "type": "DataFlowReference",
                                "parameters": {},
                                "datasetParameters": {
                                    "srcLocMstr": {},
                                    "snkDimInventoryLocation": {}
                                }
                            },
                            "staging": {}
                        }
                    }
                ],
                "folder": {
                    "name": "QAD"
                },
                "annotations": []
            },
            "dependsOn": []
        },
        {
            "name": "[concat(parameters('factoryName'), '/pipe_cp_adls_badevdb_DimItemPlanningDetail')]",
            "type": "Microsoft.DataFactory/factories/pipelines",
            "apiVersion": "2018-06-01",
            "properties": {
                "activities": [
                    {
                        "name": "df_adls_badevdb_DimItemPlanningDetail",
                        "type": "ExecuteDataFlow",
                        "dependsOn": [],
                        "policy": {
                            "timeout": "7.00:00:00",
                            "retry": 0,
                            "retryIntervalInSeconds": 30,
                            "secureOutput": false,
                            "secureInput": false
                        },
                        "userProperties": [],
                        "typeProperties": {
                            "dataflow": {
                                "referenceName": "df_adls_badevdb_DimItemPlanningDetail",
                                "type": "DataFlowReference",
                                "parameters": {},
                                "datasetParameters": {
                                    "srcPTPDet": {},
                                    "snkDimPOLineDetails": {}
                                }
                            },
                            "staging": {},
                            "integrationRuntime": {
                                "referenceName": "ba-dev-dataflow-IR",
                                "type": "IntegrationRuntimeReference"
                            }
                        }
                    }
                ],
                "folder": {
                    "name": "QAD"
                },
                "annotations": []
            },
            "dependsOn": []
        },
        {
            "name": "[concat(parameters('factoryName'), '/pipe_cp_adls_badevdb_DimPOLineDetails')]",
            "type": "Microsoft.DataFactory/factories/pipelines",
            "apiVersion": "2018-06-01",
            "properties": {
                "activities": [
                    {
                        "name": "df_adls_badevdb_DimPOLineDetails",
                        "type": "ExecuteDataFlow",
                        "dependsOn": [],
                        "policy": {
                            "timeout": "7.00:00:00",
                            "retry": 0,
                            "retryIntervalInSeconds": 30,
                            "secureOutput": false,
                            "secureInput": false
                        },
                        "userProperties": [],
                        "typeProperties": {
                            "dataflow": {
                                "referenceName": "df_adls_badevdb_DimPOLineDetails",
                                "type": "DataFlowReference",
                                "parameters": {},
                                "datasetParameters": {
                                    "srcPodDet": {},
                                    "srcPoMstr": {},
                                    "snkDimPOLineDetails": {}
                                }
                            },
                            "staging": {},
                            "integrationRuntime": {
                                "referenceName": "ba-dev-dataflow-IR",
                                "type": "IntegrationRuntimeReference"
                            }
                        }
                    }
                ],
                "folder": {
                    "name": "QAD"
                },
                "annotations": []
            },
            "dependsOn": []
        },
        {
            "name": "[concat(parameters('factoryName'), '/pipe_cp_adls_badevdb_DimShippingMode')]",
            "type": "Microsoft.DataFactory/factories/pipelines",
            "apiVersion": "2018-06-01",
            "properties": {
                "activities": [
                    {
                        "name": "df_adls_badevdb_DimShippingMode",
                        "type": "ExecuteDataFlow",
                        "dependsOn": [],
                        "policy": {
                            "timeout": "7.00:00:00",
                            "retry": 0,
                            "retryIntervalInSeconds": 30,
                            "secureOutput": false,
                            "secureInput": false
                        },
                        "userProperties": [],
                        "typeProperties": {
                            "dataflow": {
                                "referenceName": "df_adls_badevdb_DimShippingMode",
                                "type": "DataFlowReference",
                                "parameters": {},
                                "datasetParameters": {
                                    "srcPoMstr": {},
                                    "snkDimShippingMode": {}
                                }
                            },
                            "staging": {},
                            "integrationRuntime": {
                                "referenceName": "ba-dev-dataflow-IR",
                                "type": "IntegrationRuntimeReference"
                            }
                        }
                    }
                ],
                "folder": {
                    "name": "QAD"
                },
                "annotations": []
            },
            "dependsOn": []
        },
        {
            "name": "[concat(parameters('factoryName'), '/pipe_cp_adls_badevdb_DimSupplier')]",
            "type": "Microsoft.DataFactory/factories/pipelines",
            "apiVersion": "2018-06-01",
            "properties": {
                "activities": [
                    {
                        "name": "df_adls_badevdb_DimSupplier",
                        "type": "ExecuteDataFlow",
                        "dependsOn": [],
                        "policy": {
                            "timeout": "7.00:00:00",
                            "retry": 0,
                            "retryIntervalInSeconds": 30,
                            "secureOutput": false,
                            "secureInput": false
                        },
                        "userProperties": [],
                        "typeProperties": {
                            "dataflow": {
                                "referenceName": "df_adls_badevdb_DimSupplier",
                                "type": "DataFlowReference",
                                "parameters": {},
                                "datasetParameters": {
                                    "srcVdMstr": {},
                                    "srcAdMstr": {},
                                    "snkDimSupplier": {}
                                }
                            },
                            "staging": {},
                            "integrationRuntime": {
                                "referenceName": "ba-dev-dataflow-IR",
                                "type": "IntegrationRuntimeReference"
                            }
                        }
                    }
                ],
                "folder": {
                    "name": "QAD"
                },
                "annotations": []
            },
            "dependsOn": []
        },
        {
            "name": "[concat(parameters('factoryName'), '/pipe_cp_adls_badevdb_DimTransactionType')]",
            "type": "Microsoft.DataFactory/factories/pipelines",
            "apiVersion": "2018-06-01",
            "properties": {
                "activities": [
                    {
                        "name": "df_adls_badevdb_DimTransactionType",
                        "type": "ExecuteDataFlow",
                        "dependsOn": [],
                        "policy": {
                            "timeout": "7.00:00:00",
                            "retry": 0,
                            "retryIntervalInSeconds": 30,
                            "secureOutput": false,
                            "secureInput": false
                        },
                        "userProperties": [],
                        "typeProperties": {
                            "dataflow": {
                                "referenceName": "df_adls_badevdb_DimTransactionType",
                                "type": "DataFlowReference",
                                "parameters": {},
                                "datasetParameters": {
                                    "srcCodeMstr": {},
                                    "snkDimTransactionType": {}
                                }
                            },
                            "staging": {},
                            "integrationRuntime": {
                                "referenceName": "ba-dev-dataflow-IR",
                                "type": "IntegrationRuntimeReference"
                            }
                        }
                    }
                ],
                "folder": {
                    "name": "QAD"
                },
                "annotations": []
            },
            "dependsOn": []
        },
        {
            "name": "[concat(parameters('factoryName'), '/pipe_cp_adls_badevdb_FactInventoryLocation')]",
            "type": "Microsoft.DataFactory/factories/pipelines",
            "apiVersion": "2018-06-01",
            "properties": {
                "activities": [
                    {
                        "name": "df_cp_adls_badevdb_FactInventoryLocation",
                        "type": "ExecuteDataFlow",
                        "dependsOn": [
                            {
                                "activity": "db_note_FactInventoryLocation",
                                "dependencyConditions": [
                                    "Succeeded"
                                ]
                            }
                        ],
                        "policy": {
                            "timeout": "7.00:00:00",
                            "retry": 0,
                            "retryIntervalInSeconds": 30,
                            "secureOutput": false,
                            "secureInput": false
                        },
                        "userProperties": [],
                        "typeProperties": {
                            "dataflow": {
                                "referenceName": "df_cp_adls_badevdb_FactInventoryLocation",
                                "type": "DataFlowReference",
                                "parameters": {},
                                "datasetParameters": {
                                    "srcStagingFactInventoryLocation": {},
                                    "snkFactInventory": {}
                                }
                            },
                            "staging": {}
                        }
                    },
                    {
                        "name": "db_note_FactInventoryLocation",
                        "type": "DatabricksNotebook",
                        "dependsOn": [],
                        "policy": {
                            "timeout": "7.00:00:00",
                            "retry": 0,
                            "retryIntervalInSeconds": 30,
                            "secureOutput": false,
                            "secureInput": false
                        },
                        "userProperties": [],
                        "typeProperties": {
                            "notebookPath": "/Shared/QAD/FactInventoryLocation"
                        },
                        "linkedServiceName": {
                            "referenceName": "ba_dev_adb_cluster",
                            "type": "LinkedServiceReference"
                        }
                    }
                ],
                "folder": {
                    "name": "QAD"
                },
                "annotations": []
            },
            "dependsOn": []
        },
        {
            "name": "[concat(parameters('factoryName'), '/pipe_cp_adls_badevdb_FactPurchasing')]",
            "type": "Microsoft.DataFactory/factories/pipelines",
            "apiVersion": "2018-06-01",
            "properties": {
                "activities": [
                    {
                        "name": "df_adls_badevdb_FactPurchasing",
                        "type": "ExecuteDataFlow",
                        "dependsOn": [
                            {
                                "activity": "db_note_FactPurchasing",
                                "dependencyConditions": [
                                    "Succeeded"
                                ]
                            }
                        ],
                        "policy": {
                            "timeout": "7.00:00:00",
                            "retry": 0,
                            "retryIntervalInSeconds": 30,
                            "secureOutput": false,
                            "secureInput": false
                        },
                        "userProperties": [],
                        "typeProperties": {
                            "dataflow": {
                                "referenceName": "df_adls_badevdb_FactPurchasing",
                                "type": "DataFlowReference",
                                "parameters": {},
                                "datasetParameters": {
                                    "srcFactPurchaseStaging": {},
                                    "snkFactPurchasing": {}
                                }
                            },
                            "staging": {},
                            "integrationRuntime": {
                                "referenceName": "ba-dev-dataflow-IR",
                                "type": "IntegrationRuntimeReference"
                            }
                        }
                    },
                    {
                        "name": "db_note_FactPurchasing",
                        "type": "DatabricksNotebook",
                        "dependsOn": [],
                        "policy": {
                            "timeout": "7.00:00:00",
                            "retry": 0,
                            "retryIntervalInSeconds": 30,
                            "secureOutput": false,
                            "secureInput": false
                        },
                        "userProperties": [],
                        "typeProperties": {
                            "notebookPath": "/Shared/QAD/FactPurchasing"
                        },
                        "linkedServiceName": {
                            "referenceName": "ba_dev_adb_cluster",
                            "type": "LinkedServiceReference"
                        }
                    },
                    {
                        "name": "Copy Data1",
                        "type": "Copy",
                        "dependsOn": [],
                        "policy": {
                            "timeout": "7.00:00:00",
                            "retry": 0,
                            "retryIntervalInSeconds": 30,
                            "secureOutput": false,
                            "secureInput": false
                        },
                        "userProperties": [],
                        "typeProperties": {
                            "source": {
                                "type": "DelimitedTextSource",
                                "storeSettings": {
                                    "type": "AzureBlobStorageReadSetting",
                                    "wildcardFileName": "*.*"
                                },
                                "formatSettings": {
                                    "type": "DelimitedTextReadSetting"
                                }
                            },
                            "sink": {
                                "type": "AzureSqlSink",
                                "preCopyScript": "truncate table FactPurchasing2;"
                            },
                            "enableStaging": false,
                            "enableSkipIncompatibleRow": true,
                            "translator": {
                                "type": "TabularTranslator",
                                "mappings": [
                                    {
                                        "source": {
                                            "name": "Time_Id",
                                            "type": "DateTime",
                                            "format": "yyyy-MM-dd",
                                            "culture": "en-US"
                                        },
                                        "sink": {
                                            "name": "Time_Id",
                                            "type": "DateTime"
                                        }
                                    },
                                    {
                                        "source": {
                                            "name": "Time_Id_Order",
                                            "type": "DateTime",
                                            "format": "yyyy-MM-dd"
                                        },
                                        "sink": {
                                            "name": "Time_Id_Order",
                                            "type": "DateTime"
                                        }
                                    },
                                    {
                                        "source": {
                                            "name": "Time_Id_Perform",
                                            "type": "DateTime",
                                            "format": "yyyy-MM-dd"
                                        },
                                        "sink": {
                                            "name": "Time_Id_Perform",
                                            "type": "DateTime"
                                        }
                                    },
                                    {
                                        "source": {
                                            "name": "Time_Id_Ship",
                                            "type": "DateTime",
                                            "format": "yyyy-MM-dd"
                                        },
                                        "sink": {
                                            "name": "Time_Id_Ship",
                                            "type": "DateTime"
                                        }
                                    },
                                    {
                                        "source": {
                                            "name": "SiteID",
                                            "type": "Int32"
                                        },
                                        "sink": {
                                            "name": "SiteID",
                                            "type": "Int32"
                                        }
                                    },
                                    {
                                        "source": {
                                            "name": "PartMasterID",
                                            "type": "Int32"
                                        },
                                        "sink": {
                                            "name": "PartMasterID",
                                            "type": "Int32"
                                        }
                                    },
                                    {
                                        "source": {
                                            "name": "TransactionTypeId",
                                            "type": "Int32"
                                        },
                                        "sink": {
                                            "name": "TransactionTypeId",
                                            "type": "Int32"
                                        }
                                    },
                                    {
                                        "source": {
                                            "name": "SupplierID",
                                            "type": "Int32"
                                        },
                                        "sink": {
                                            "name": "SupplierID",
                                            "type": "Int32"
                                        }
                                    },
                                    {
                                        "source": {
                                            "name": "DomainId",
                                            "type": "Int32"
                                        },
                                        "sink": {
                                            "name": "DomainId",
                                            "type": "Int32"
                                        }
                                    },
                                    {
                                        "source": {
                                            "name": "CurrencyId",
                                            "type": "Int32"
                                        },
                                        "sink": {
                                            "name": "CurrencyId",
                                            "type": "Int32"
                                        }
                                    },
                                    {
                                        "source": {
                                            "name": "ShippingModeId",
                                            "type": "Int32"
                                        },
                                        "sink": {
                                            "name": "ShippingModeId",
                                            "type": "Int32"
                                        }
                                    },
                                    {
                                        "source": {
                                            "name": "ItemPlanningId",
                                            "type": "Int32"
                                        },
                                        "sink": {
                                            "name": "ItemPlanningId",
                                            "type": "Int32"
                                        }
                                    },
                                    {
                                        "source": {
                                            "name": "DeliveryprecisionID",
                                            "type": "Int32"
                                        },
                                        "sink": {
                                            "name": "DeliveryprecisionID",
                                            "type": "Int32"
                                        }
                                    },
                                    {
                                        "source": {
                                            "name": "SiteCode",
                                            "type": "String"
                                        },
                                        "sink": {
                                            "name": "SiteCode",
                                            "type": "String"
                                        }
                                    },
                                    {
                                        "source": {
                                            "name": "Domain",
                                            "type": "String"
                                        },
                                        "sink": {
                                            "name": "Domain",
                                            "type": "String"
                                        }
                                    },
                                    {
                                        "source": {
                                            "name": "DaysLate",
                                            "type": "Int32"
                                        },
                                        "sink": {
                                            "name": "DaysLate",
                                            "type": "Int32"
                                        }
                                    },
                                    {
                                        "source": {
                                            "name": "PONumber",
                                            "type": "String"
                                        },
                                        "sink": {
                                            "name": "PONumber",
                                            "type": "String"
                                        }
                                    },
                                    {
                                        "source": {
                                            "name": "POLine",
                                            "type": "Int32"
                                        },
                                        "sink": {
                                            "name": "POLine",
                                            "type": "Int32"
                                        }
                                    },
                                    {
                                        "source": {
                                            "name": "NoLines",
                                            "type": "Int32"
                                        },
                                        "sink": {
                                            "name": "NoLines",
                                            "type": "Int32"
                                        }
                                    },
                                    {
                                        "source": {
                                            "name": "QtyReceived",
                                            "type": "Double"
                                        },
                                        "sink": {
                                            "name": "QtyReceived",
                                            "type": "Decimal"
                                        }
                                    },
                                    {
                                        "source": {
                                            "name": "QtyOrdered",
                                            "type": "Double"
                                        },
                                        "sink": {
                                            "name": "QtyOrdered",
                                            "type": "Decimal"
                                        }
                                    },
                                    {
                                        "source": {
                                            "name": "CycleDays",
                                            "type": "Int32"
                                        },
                                        "sink": {
                                            "name": "CycleDays",
                                            "type": "Int32"
                                        }
                                    },
                                    {
                                        "source": {
                                            "name": "UnitCost",
                                            "type": "Double"
                                        },
                                        "sink": {
                                            "name": "UnitCost",
                                            "type": "Decimal"
                                        }
                                    },
                                    {
                                        "source": {
                                            "name": "POStandardCost",
                                            "type": "Double"
                                        },
                                        "sink": {
                                            "name": "POStandardCost",
                                            "type": "Decimal"
                                        }
                                    },
                                    {
                                        "source": {
                                            "name": "ReceiptCost",
                                            "type": "Double"
                                        },
                                        "sink": {
                                            "name": "ReceiptCost",
                                            "type": "Decimal"
                                        }
                                    },
                                    {
                                        "source": {
                                            "name": "StandardReceiptCost",
                                            "type": "Double"
                                        },
                                        "sink": {
                                            "name": "StandardReceiptCost",
                                            "type": "Decimal"
                                        }
                                    },
                                    {
                                        "source": {
                                            "name": "POCurrency",
                                            "type": "String"
                                        },
                                        "sink": {
                                            "name": "POCurrency",
                                            "type": "String"
                                        }
                                    },
                                    {
                                        "source": {
                                            "name": "POType",
                                            "type": "String"
                                        },
                                        "sink": {
                                            "name": "POType",
                                            "type": "String"
                                        }
                                    },
                                    {
                                        "source": {
                                            "name": "POReturnType",
                                            "type": "String"
                                        },
                                        "sink": {
                                            "name": "POReturnType",
                                            "type": "String"
                                        }
                                    },
                                    {
                                        "source": {
                                            "name": "ShippingMode",
                                            "type": "String"
                                        },
                                        "sink": {
                                            "name": "ShippingMode",
                                            "type": "String"
                                        }
                                    },
                                    {
                                        "source": {
                                            "name": "PartID",
                                            "type": "String"
                                        },
                                        "sink": {
                                            "name": "PartID",
                                            "type": "String"
                                        }
                                    },
                                    {
                                        "source": {
                                            "name": "SupplierName",
                                            "type": "String"
                                        },
                                        "sink": {
                                            "name": "SupplierName",
                                            "type": "String"
                                        }
                                    },
                                    {
                                        "source": {
                                            "name": "ExchangeRate",
                                            "type": "String"
                                        },
                                        "sink": {
                                            "name": "ExchangeRate",
                                            "type": "String"
                                        }
                                    },
                                    {
                                        "source": {
                                            "name": "ReceiptCostOriginalCurrency",
                                            "type": "Double"
                                        },
                                        "sink": {
                                            "name": "ReceiptCostOriginalCurrency",
                                            "type": "Decimal"
                                        }
                                    },
                                    {
                                        "source": {
                                            "name": "VendorID",
                                            "type": "String"
                                        },
                                        "sink": {
                                            "name": "VendorID",
                                            "type": "String"
                                        }
                                    },
                                    {
                                        "source": {
                                            "name": "POCurrencyAmount",
                                            "type": "Double"
                                        },
                                        "sink": {
                                            "name": "POCurrencyAmount",
                                            "type": "Decimal"
                                        }
                                    },
                                    {
                                        "source": {
                                            "name": "Weight",
                                            "type": "Double"
                                        },
                                        "sink": {
                                            "name": "Weight",
                                            "type": "Decimal"
                                        }
                                    },
                                    {
                                        "source": {
                                            "name": "Volume",
                                            "type": "Double"
                                        },
                                        "sink": {
                                            "name": "Volume",
                                            "type": "Decimal"
                                        }
                                    }
                                ]
                            }
                        },
                        "inputs": [
                            {
                                "referenceName": "in_ds_adls_stagging_Factpurchasing2",
                                "type": "DatasetReference",
                                "parameters": {}
                            }
                        ],
                        "outputs": [
                            {
                                "referenceName": "out_ds_badevdb_FactPurchasing2",
                                "type": "DatasetReference",
                                "parameters": {}
                            }
                        ]
                    }
                ],
                "folder": {
                    "name": "QAD"
                },
                "annotations": []
            },
            "dependsOn": []
        },
        {
            "name": "[concat(parameters('factoryName'), '/pipe_cp_agiledb_adls_part_mastr')]",
            "type": "Microsoft.DataFactory/factories/pipelines",
            "apiVersion": "2018-06-01",
            "properties": {
                "activities": [
                    {
                        "name": "df_cp_adls_asqldb_DimPartMaster",
                        "type": "ExecuteDataFlow",
                        "dependsOn": [
                            {
                                "activity": "act_cp_agiledb_adls_part_mastr",
                                "dependencyConditions": [
                                    "Succeeded"
                                ]
                            }
                        ],
                        "policy": {
                            "timeout": "7.00:00:00",
                            "retry": 0,
                            "retryIntervalInSeconds": 30,
                            "secureOutput": false,
                            "secureInput": false
                        },
                        "userProperties": [],
                        "typeProperties": {
                            "dataflow": {
                                "referenceName": "df_cp_adls_asqldb_DimPartMaster",
                                "type": "DataFlowReference",
                                "parameters": {},
                                "datasetParameters": {
                                    "srcPartMstr": {},
                                    "snkDimPartMstr": {}
                                }
                            },
                            "staging": {},
                            "integrationRuntime": {
                                "referenceName": "ba-dev-dataflow-IR",
                                "type": "IntegrationRuntimeReference"
                            }
                        }
                    },
                    {
                        "name": "act_cp_agiledb_adls_part_mastr",
                        "type": "Copy",
                        "dependsOn": [],
                        "policy": {
                            "timeout": "7.00:00:00",
                            "retry": 0,
                            "retryIntervalInSeconds": 30,
                            "secureOutput": false,
                            "secureInput": false
                        },
                        "userProperties": [],
                        "typeProperties": {
                            "source": {
                                "type": "AzureSqlSource"
                            },
                            "sink": {
                                "type": "DelimitedTextSink",
                                "storeSettings": {
                                    "type": "AzureBlobStorageWriteSetting"
                                },
                                "formatSettings": {
                                    "type": "DelimitedTextWriteSetting",
                                    "quoteAllText": true,
                                    "fileExtension": ".txt"
                                }
                            },
                            "enableStaging": false
                        },
                        "inputs": [
                            {
                                "referenceName": "in_ds_asql_agile_part_mastr",
                                "type": "DatasetReference",
                                "parameters": {}
                            }
                        ],
                        "outputs": [
                            {
                                "referenceName": "out_ds_asql_agile_part_mastr",
                                "type": "DatasetReference",
                                "parameters": {}
                            }
                        ]
                    }
                ],
                "folder": {
                    "name": "QAD"
                },
                "annotations": []
            },
            "dependsOn": []
        },
        {
            "name": "[concat(parameters('factoryName'), '/trg_qad_dimension_currency')]",
            "type": "Microsoft.DataFactory/factories/triggers",
            "apiVersion": "2018-06-01",
            "properties": {
                "annotations": [],
                "runtimeState": "Stopped",
                "pipelines": [
                    {
                        "pipelineReference": {
                            "referenceName": "pipe_cp_adls_badevdb_DimCurrency",
                            "type": "PipelineReference"
                        },
                        "parameters": {}
                    }
                ],
                "type": "ScheduleTrigger",
                "typeProperties": {
                    "recurrence": {
                        "frequency": "Day",
                        "interval": 1,
                        "startTime": "2019-05-25T17:29:00Z",
                        "timeZone": "UTC",
                        "schedule": {
                            "hours": [
                                5
                            ]
                        }
                    }
                }
            },
            "dependsOn": []
        },
        {
            "name": "[concat(parameters('factoryName'), '/trg_qcpr_ios_instructor_score_compressions')]",
            "type": "Microsoft.DataFactory/factories/triggers",
            "apiVersion": "2018-06-01",
            "properties": {
                "annotations": [],
                "runtimeState": "Stopped",
                "pipelines": [
                    {
                        "pipelineReference": {
                            "referenceName": "pip_copy_qcpr_ios_Instructor_score_various",
                            "type": "PipelineReference"
                        },
                        "parameters": {}
                    },
                    {
                        "pipelineReference": {
                            "referenceName": "pip_copy_qcpr_ios_instructor_score_compressions",
                            "type": "PipelineReference"
                        },
                        "parameters": {}
                    },
                    {
                        "pipelineReference": {
                            "referenceName": "pip_copy_qcpr_ios_Instructor_score_ventilations",
                            "type": "PipelineReference"
                        },
                        "parameters": {}
                    },
                    {
                        "pipelineReference": {
                            "referenceName": "pip_copy_qcpr_ios_Instructor_Session_Collection_View",
                            "type": "PipelineReference"
                        },
                        "parameters": {}
                    },
                    {
                        "pipelineReference": {
                            "referenceName": "pip_copy_qcpr_ios_Instructor_device_connected",
                            "type": "PipelineReference"
                        },
                        "parameters": {}
                    },
                    {
                        "pipelineReference": {
                            "referenceName": "pip_copy_qcpr_ios_Instructor_LifetimeData",
                            "type": "PipelineReference"
                        },
                        "parameters": {}
                    }
                ],
                "type": "ScheduleTrigger",
                "typeProperties": {
                    "recurrence": {
                        "frequency": "Hour",
                        "interval": 1,
                        "startTime": "2019-04-17T10:19:00Z",
                        "timeZone": "UTC"
                    }
                }
            },
            "dependsOn": []
        }
    ]
}