{
    "$schema": "http://schema.management.azure.com/schemas/2015-01-01/deploymentTemplate.json#",
    "contentVersion": "1.0.0.0",
    "parameters": {
        "factoryName": {
            "type": "string",
            "metadata": "Data Factory Name",
            "defaultValue": "ba-dev-adf"
        },
        "lnk_srv_asql_mi_qcpr_db_connectionString": {
            "type": "secureString",
            "metadata": "Secure string for 'connectionString' of 'lnk_srv_asql_mi_qcpr_db'"
        },
        "lnk_svr_asql_mi_qcpr_db_connectionString": {
            "type": "secureString",
            "metadata": "Secure string for 'connectionString' of 'lnk_svr_asql_mi_qcpr_db'"
        }
    },
    "variables": {
        "factoryId": "[concat('Microsoft.DataFactory/factories/', parameters('factoryName'))]"
    },
    "resources": [
        {
            "name": "[concat(parameters('factoryName'), '/out_ds_badevdb_FactPurchasing')]",
            "type": "Microsoft.DataFactory/factories/datasets",
            "apiVersion": "2018-06-01",
            "properties": {
                "linkedServiceName": {
                    "referenceName": "lnk_AzureSQL_Dev",
                    "type": "LinkedServiceReference"
                },
                "folder": {
                    "name": "QAD"
                },
                "annotations": [],
                "type": "AzureSqlTable",
                "schema": [],
                "typeProperties": {
                    "tableName": "dbo.FactPurchasing"
                }
            },
            "dependsOn": []
        },
        {
            "name": "[concat(parameters('factoryName'), '/out_ds_badevdb_FactPurchasing2')]",
            "type": "Microsoft.DataFactory/factories/datasets",
            "apiVersion": "2018-06-01",
            "properties": {
                "linkedServiceName": {
                    "referenceName": "lnk_AzureSQL_Dev",
                    "type": "LinkedServiceReference"
                },
                "folder": {
                    "name": "QAD"
                },
                "annotations": [],
                "type": "AzureSqlTable",
                "schema": [],
                "typeProperties": {
                    "tableName": "dbo.FactPurchasing2"
                }
            },
            "dependsOn": []
        },
        {
            "name": "[concat(parameters('factoryName'), '/out_ds_badevdb_qad_DimCurrency')]",
            "type": "Microsoft.DataFactory/factories/datasets",
            "apiVersion": "2018-06-01",
            "properties": {
                "linkedServiceName": {
                    "referenceName": "lnk_AzureSQL_Dev",
                    "type": "LinkedServiceReference"
                },
                "folder": {
                    "name": "QAD"
                },
                "annotations": [],
                "type": "AzureSqlTable",
                "schema": [
                    {
                        "name": "CurrencyId",
                        "type": "int",
                        "precision": 10
                    },
                    {
                        "name": "CurrencyCode",
                        "type": "varchar"
                    },
                    {
                        "name": "CurrencyName",
                        "type": "varchar"
                    },
                    {
                        "name": "ExchangeRate",
                        "type": "decimal",
                        "precision": 15,
                        "scale": 3
                    }
                ],
                "typeProperties": {
                    "tableName": "[[dbo].[DimCurrency]"
                }
            },
            "dependsOn": []
        },
        {
            "name": "[concat(parameters('factoryName'), '/out_ds_basqldb_Factpurchasing')]",
            "type": "Microsoft.DataFactory/factories/datasets",
            "apiVersion": "2018-06-01",
            "properties": {
                "linkedServiceName": {
                    "referenceName": "lnk_AzureSQL_Dev",
                    "type": "LinkedServiceReference"
                },
                "folder": {
                    "name": "QAD"
                },
                "annotations": [],
                "type": "AzureSqlTable",
                "schema": [
                    {
                        "name": "RowId",
                        "type": "int",
                        "precision": 10
                    },
                    {
                        "name": "Time_Id",
                        "type": "date"
                    },
                    {
                        "name": "Time_Id_Order",
                        "type": "date"
                    },
                    {
                        "name": "Time_Id_Perform",
                        "type": "date"
                    },
                    {
                        "name": "Time_Id_Ship",
                        "type": "date"
                    },
                    {
                        "name": "SiteID",
                        "type": "int",
                        "precision": 10
                    },
                    {
                        "name": "PartMasterID",
                        "type": "int",
                        "precision": 10
                    },
                    {
                        "name": "TransactionTypeId",
                        "type": "int",
                        "precision": 10
                    },
                    {
                        "name": "SupplierID",
                        "type": "int",
                        "precision": 10
                    },
                    {
                        "name": "DomainId",
                        "type": "int",
                        "precision": 10
                    },
                    {
                        "name": "CurrencyId",
                        "type": "int",
                        "precision": 10
                    },
                    {
                        "name": "ShippingModeId",
                        "type": "int",
                        "precision": 10
                    },
                    {
                        "name": "ItemPlanningId",
                        "type": "int",
                        "precision": 10
                    },
                    {
                        "name": "DeliveryprecisionID",
                        "type": "int",
                        "precision": 10
                    },
                    {
                        "name": "SiteCode",
                        "type": "nvarchar"
                    },
                    {
                        "name": "Domain",
                        "type": "nvarchar"
                    },
                    {
                        "name": "DaysLate",
                        "type": "int",
                        "precision": 10
                    },
                    {
                        "name": "PONumber",
                        "type": "nvarchar"
                    },
                    {
                        "name": "POLine",
                        "type": "int",
                        "precision": 10
                    },
                    {
                        "name": "NoLines",
                        "type": "int",
                        "precision": 10
                    },
                    {
                        "name": "QtyReceived",
                        "type": "decimal",
                        "precision": 15,
                        "scale": 3
                    },
                    {
                        "name": "QtyOrdered",
                        "type": "decimal",
                        "precision": 15,
                        "scale": 3
                    },
                    {
                        "name": "CycleDays",
                        "type": "int",
                        "precision": 10
                    },
                    {
                        "name": "UnitCost",
                        "type": "decimal",
                        "precision": 15,
                        "scale": 3
                    },
                    {
                        "name": "StandardCostNOK",
                        "type": "decimal",
                        "precision": 15,
                        "scale": 3
                    },
                    {
                        "name": "StandardCostTotalNOK",
                        "type": "decimal",
                        "precision": 15,
                        "scale": 3
                    },
                    {
                        "name": "PurchaseCostNOK",
                        "type": "decimal",
                        "precision": 15,
                        "scale": 3
                    },
                    {
                        "name": "PurchaseCostTotalNOK",
                        "type": "decimal",
                        "precision": 15,
                        "scale": 3
                    },
                    {
                        "name": "ReceiptCost",
                        "type": "decimal",
                        "precision": 15,
                        "scale": 3
                    },
                    {
                        "name": "POCurrency",
                        "type": "nvarchar"
                    },
                    {
                        "name": "POType",
                        "type": "nvarchar"
                    },
                    {
                        "name": "POReturnType",
                        "type": "nvarchar"
                    },
                    {
                        "name": "ShippingMode",
                        "type": "nvarchar"
                    },
                    {
                        "name": "PartID",
                        "type": "nvarchar"
                    },
                    {
                        "name": "VendorID",
                        "type": "nvarchar"
                    },
                    {
                        "name": "SupplierName",
                        "type": "nvarchar"
                    },
                    {
                        "name": "ExchangeRate",
                        "type": "nvarchar"
                    },
                    {
                        "name": "Weight",
                        "type": "decimal",
                        "precision": 15,
                        "scale": 3
                    },
                    {
                        "name": "Volume",
                        "type": "decimal",
                        "precision": 15,
                        "scale": 3
                    }
                ],
                "typeProperties": {
                    "tableName": "dbo.FactPurchasing"
                }
            },
            "dependsOn": []
        },
        {
            "name": "[concat(parameters('factoryName'), '/out_ds_cp_adls_DimPartMaster')]",
            "type": "Microsoft.DataFactory/factories/datasets",
            "apiVersion": "2018-06-01",
            "properties": {
                "linkedServiceName": {
                    "referenceName": "lnk_AzureSQL_Dev",
                    "type": "LinkedServiceReference"
                },
                "folder": {
                    "name": "QAD"
                },
                "annotations": [],
                "type": "AzureSqlTable",
                "schema": [
                    {
                        "name": "ID",
                        "type": "int",
                        "precision": 10
                    },
                    {
                        "name": "PartID",
                        "type": "nvarchar"
                    },
                    {
                        "name": "PartName1",
                        "type": "nvarchar"
                    },
                    {
                        "name": "PartName2",
                        "type": "nvarchar"
                    },
                    {
                        "name": "PartName",
                        "type": "nvarchar"
                    },
                    {
                        "name": "ItemStatus",
                        "type": "nvarchar"
                    },
                    {
                        "name": "PartDescription",
                        "type": "nvarchar"
                    },
                    {
                        "name": "ProductFamilyID",
                        "type": "nvarchar"
                    },
                    {
                        "name": "ProductFamily",
                        "type": "nvarchar"
                    },
                    {
                        "name": "ProductLineID",
                        "type": "nvarchar"
                    },
                    {
                        "name": "ProductLine",
                        "type": "nvarchar"
                    },
                    {
                        "name": "ProductGroupID",
                        "type": "nvarchar"
                    },
                    {
                        "name": "ProductGroup",
                        "type": "nvarchar"
                    },
                    {
                        "name": "ProductTypeID",
                        "type": "nvarchar"
                    },
                    {
                        "name": "ProductType",
                        "type": "nvarchar"
                    },
                    {
                        "name": "Metric_Ship_Weight",
                        "type": "nvarchar"
                    },
                    {
                        "name": "Metric_Ship_Weight_UoM",
                        "type": "nvarchar"
                    },
                    {
                        "name": "Metric_Ship_Weight_KG",
                        "type": "nvarchar"
                    },
                    {
                        "name": "Length",
                        "type": "nvarchar"
                    },
                    {
                        "name": "Width",
                        "type": "nvarchar"
                    },
                    {
                        "name": "Height",
                        "type": "nvarchar"
                    },
                    {
                        "name": "Volume_CM",
                        "type": "nvarchar"
                    },
                    {
                        "name": "L/W/H UoM",
                        "type": "nvarchar"
                    },
                    {
                        "name": "GTIN",
                        "type": "nvarchar"
                    },
                    {
                        "name": "LotSerial",
                        "type": "nvarchar"
                    },
                    {
                        "name": "CountryOfOrigin",
                        "type": "nvarchar"
                    },
                    {
                        "name": "CommodityCode",
                        "type": "nvarchar"
                    }
                ],
                "typeProperties": {
                    "tableName": "dbo.DimPartMaster"
                }
            },
            "dependsOn": []
        },
        {
            "name": "[concat(parameters('factoryName'), '/out_ds_cp_adls_badevdb_DimInventoryLocation')]",
            "type": "Microsoft.DataFactory/factories/datasets",
            "apiVersion": "2018-06-01",
            "properties": {
                "linkedServiceName": {
                    "referenceName": "lnk_AzureSQL_Dev",
                    "type": "LinkedServiceReference"
                },
                "folder": {
                    "name": "QAD"
                },
                "annotations": [],
                "type": "AzureSqlTable",
                "schema": [
                    {
                        "name": "InventoryLocationId",
                        "type": "int",
                        "precision": 10
                    },
                    {
                        "name": "Domain",
                        "type": "varchar"
                    },
                    {
                        "name": "Location",
                        "type": "varchar"
                    },
                    {
                        "name": "Site",
                        "type": "varchar"
                    },
                    {
                        "name": "LocationStatus",
                        "type": "varchar"
                    },
                    {
                        "name": "InventoryType",
                        "type": "varchar"
                    },
                    {
                        "name": "Description",
                        "type": "varchar"
                    }
                ],
                "typeProperties": {
                    "tableName": "[[dbo].[DimInventoryLocation]"
                }
            },
            "dependsOn": []
        },
        {
            "name": "[concat(parameters('factoryName'), '/out_ds_cp_pro2qad_adls_loc_mstr')]",
            "type": "Microsoft.DataFactory/factories/datasets",
            "apiVersion": "2018-06-01",
            "properties": {
                "linkedServiceName": {
                    "referenceName": "badevadlsg2",
                    "type": "LinkedServiceReference"
                },
                "folder": {
                    "name": "QAD"
                },
                "annotations": [],
                "type": "DelimitedText",
                "typeProperties": {
                    "location": {
                        "type": "AzureBlobStorageLocation",
                        "fileName": "loc_mstr.csv",
                        "folderPath": "Governed Data/Sources/LMAS/QAD/Pro2qad",
                        "container": "adlsdev"
                    },
                    "columnDelimiter": ",",
                    "escapeChar": "\\",
                    "firstRowAsHeader": true,
                    "quoteChar": "\""
                },
                "schema": []
            },
            "dependsOn": []
        },
        {
            "name": "[concat(parameters('factoryName'), '/lnk_srv_asql_mi_qcpr_db')]",
            "type": "Microsoft.DataFactory/factories/linkedServices",
            "apiVersion": "2018-06-01",
            "properties": {
                "annotations": [],
                "type": "AzureSqlDatabase",
                "typeProperties": {
                    "connectionString": "[parameters('lnk_srv_asql_mi_qcpr_db_connectionString')]"
                },
                "connectVia": {
                    "referenceName": "LaerdalIR1-Linked-To-BA-Dev",
                    "type": "IntegrationRuntimeReference"
                }
            },
            "dependsOn": []
        },
        {
            "name": "[concat(parameters('factoryName'), '/lnk_svr_asql_mi_qcpr_db')]",
            "type": "Microsoft.DataFactory/factories/linkedServices",
            "apiVersion": "2018-06-01",
            "properties": {
                "description": "Azure sql managed instance db for QCPR",
                "annotations": [],
                "type": "SqlServer",
                "typeProperties": {
                    "connectionString": "[parameters('lnk_svr_asql_mi_qcpr_db_connectionString')]"
                },
                "connectVia": {
                    "referenceName": "LaerdalIR1-Linked-To-BA-Dev",
                    "type": "IntegrationRuntimeReference"
                }
            },
            "dependsOn": []
        },
        {
            "name": "[concat(parameters('factoryName'), '/Pipe_cp_boomi_adls_MDMProductHub')]",
            "type": "Microsoft.DataFactory/factories/pipelines",
            "apiVersion": "2018-06-01",
            "properties": {
                "description": "Copy MDM product hub table from MDM_product_hun@boomi to ADLSG2",
                "activities": [
                    {
                        "name": "Copy_lqm",
                        "type": "Copy",
                        "dependsOn": [],
                        "policy": {
                            "timeout": "7.00:00:00",
                            "retry": 0,
                            "retryIntervalInSeconds": 30,
                            "secureOutput": false,
                            "secureInput": false
                        },
                        "userProperties": [
                            {
                                "name": "Source",
                                "value": "[[dbo].[MDM_Product_Hub]"
                            },
                            {
                                "name": "Destination",
                                "value": "/"
                            }
                        ],
                        "typeProperties": {
                            "source": {
                                "type": "AzureSqlSource"
                            },
                            "sink": {
                                "type": "DelimitedTextSink",
                                "storeSettings": {
                                    "type": "AzureBlobStorageWriteSetting",
                                    "maxConcurrentConnections": 5
                                },
                                "formatSettings": {
                                    "type": "DelimitedTextWriteSetting",
                                    "quoteAllText": true,
                                    "fileExtension": ".txt"
                                }
                            },
                            "enableStaging": false
                        },
                        "inputs": [
                            {
                                "referenceName": "Boomi_to_adf",
                                "type": "DatasetReference",
                                "parameters": {}
                            }
                        ],
                        "outputs": [
                            {
                                "referenceName": "adf_to_adls",
                                "type": "DatasetReference",
                                "parameters": {}
                            }
                        ]
                    }
                ],
                "folder": {
                    "name": "QAD"
                },
                "annotations": []
            },
            "dependsOn": []
        },
        {
            "name": "[concat(parameters('factoryName'), '/pipe_cp_pro2qad_adls_ad_mstr')]",
            "type": "Microsoft.DataFactory/factories/pipelines",
            "apiVersion": "2018-06-01",
            "properties": {
                "activities": [
                    {
                        "name": "act_cp_pro2qad_adls_ad_mstr",
                        "type": "Copy",
                        "dependsOn": [],
                        "policy": {
                            "timeout": "7.00:00:00",
                            "retry": 5,
                            "retryIntervalInSeconds": 600,
                            "secureOutput": false,
                            "secureInput": false
                        },
                        "userProperties": [],
                        "typeProperties": {
                            "source": {
                                "type": "AzureSqlSource"
                            },
                            "sink": {
                                "type": "DelimitedTextSink",
                                "storeSettings": {
                                    "type": "AzureBlobStorageWriteSetting",
                                    "maxConcurrentConnections": 5,
                                    "copyBehavior": null
                                },
                                "formatSettings": {
                                    "type": "DelimitedTextWriteSetting",
                                    "quoteAllText": true,
                                    "fileExtension": ".csv"
                                }
                            },
                            "enableStaging": false
                        },
                        "inputs": [
                            {
                                "referenceName": "in_ds_db_pro2qad_ad_mstr",
                                "type": "DatasetReference",
                                "parameters": {}
                            }
                        ],
                        "outputs": [
                            {
                                "referenceName": "out_ds_adls_qad_ad_mstr",
                                "type": "DatasetReference",
                                "parameters": {}
                            }
                        ]
                    }
                ],
                "folder": {
                    "name": "QAD"
                },
                "annotations": []
            },
            "dependsOn": []
        },
        {
            "name": "[concat(parameters('factoryName'), '/pipe_cp_pro2qad_adls_address')]",
            "type": "Microsoft.DataFactory/factories/pipelines",
            "apiVersion": "2018-06-01",
            "properties": {
                "description": "Pipeline for bringing data from pro2QAD to Azure data lake storage Gen2",
                "activities": [
                    {
                        "name": "act_cp_adress_pro2qad_adls",
                        "type": "Copy",
                        "dependsOn": [],
                        "policy": {
                            "timeout": "7.00:00:00",
                            "retry": 5,
                            "retryIntervalInSeconds": 600,
                            "secureOutput": false,
                            "secureInput": false
                        },
                        "userProperties": [
                            {
                                "name": "Source",
                                "value": "[[dbo].[address]"
                            },
                            {
                                "name": "Destination",
                                "value": "/"
                            }
                        ],
                        "typeProperties": {
                            "source": {
                                "type": "AzureSqlSource"
                            },
                            "sink": {
                                "type": "DelimitedTextSink",
                                "storeSettings": {
                                    "type": "AzureBlobStorageWriteSetting",
                                    "maxConcurrentConnections": 5
                                },
                                "formatSettings": {
                                    "type": "DelimitedTextWriteSetting",
                                    "quoteAllText": true,
                                    "fileExtension": ".csv"
                                }
                            },
                            "enableStaging": false,
                            "enableSkipIncompatibleRow": false
                        },
                        "inputs": [
                            {
                                "referenceName": "in_ds_db_pro2qad_address",
                                "type": "DatasetReference",
                                "parameters": {}
                            }
                        ],
                        "outputs": [
                            {
                                "referenceName": "out_ds_adls_qad_adress",
                                "type": "DatasetReference",
                                "parameters": {}
                            }
                        ]
                    }
                ],
                "folder": {
                    "name": "QAD"
                },
                "annotations": []
            },
            "dependsOn": []
        },
        {
            "name": "[concat(parameters('factoryName'), '/pipe_cp_pro2qad_adls_code_mstr')]",
            "type": "Microsoft.DataFactory/factories/pipelines",
            "apiVersion": "2018-06-01",
            "properties": {
                "activities": [
                    {
                        "name": "act_cp_pro2qad_adls_code_mstr",
                        "type": "Copy",
                        "dependsOn": [],
                        "policy": {
                            "timeout": "7.00:00:00",
                            "retry": 5,
                            "retryIntervalInSeconds": 600,
                            "secureOutput": false,
                            "secureInput": false
                        },
                        "userProperties": [],
                        "typeProperties": {
                            "source": {
                                "type": "AzureSqlSource"
                            },
                            "sink": {
                                "type": "DelimitedTextSink",
                                "storeSettings": {
                                    "type": "AzureBlobStorageWriteSetting",
                                    "maxConcurrentConnections": 5,
                                    "copyBehavior": null
                                },
                                "formatSettings": {
                                    "type": "DelimitedTextWriteSetting",
                                    "quoteAllText": true,
                                    "fileExtension": ".csv"
                                }
                            },
                            "enableStaging": false
                        },
                        "inputs": [
                            {
                                "referenceName": "in_ds_db_pro2qad_code_mstr",
                                "type": "DatasetReference",
                                "parameters": {}
                            }
                        ],
                        "outputs": [
                            {
                                "referenceName": "out_ds_adls_qad_code_mstr",
                                "type": "DatasetReference",
                                "parameters": {}
                            }
                        ]
                    }
                ],
                "folder": {
                    "name": "QAD"
                },
                "annotations": []
            },
            "dependsOn": []
        },
        {
            "name": "[concat(parameters('factoryName'), '/pipe_cp_pro2qad_adls_currency')]",
            "type": "Microsoft.DataFactory/factories/pipelines",
            "apiVersion": "2018-06-01",
            "properties": {
                "activities": [
                    {
                        "name": "act_cp_pro2qad_adls_currency",
                        "type": "Copy",
                        "dependsOn": [],
                        "policy": {
                            "timeout": "7.00:00:00",
                            "retry": 5,
                            "retryIntervalInSeconds": 600,
                            "secureOutput": false,
                            "secureInput": false
                        },
                        "userProperties": [],
                        "typeProperties": {
                            "source": {
                                "type": "AzureSqlSource"
                            },
                            "sink": {
                                "type": "DelimitedTextSink",
                                "storeSettings": {
                                    "type": "AzureBlobStorageWriteSetting",
                                    "maxConcurrentConnections": 5,
                                    "copyBehavior": null
                                },
                                "formatSettings": {
                                    "type": "DelimitedTextWriteSetting",
                                    "quoteAllText": true,
                                    "fileExtension": ".csv"
                                }
                            },
                            "enableStaging": false
                        },
                        "inputs": [
                            {
                                "referenceName": "in_ds_db_pro2qad_currency",
                                "type": "DatasetReference",
                                "parameters": {}
                            }
                        ],
                        "outputs": [
                            {
                                "referenceName": "out_ds_adls_qad_currency",
                                "type": "DatasetReference",
                                "parameters": {}
                            }
                        ]
                    }
                ],
                "folder": {
                    "name": "QAD"
                },
                "annotations": []
            },
            "dependsOn": []
        },
        {
            "name": "[concat(parameters('factoryName'), '/pipe_cp_pro2qad_adls_domainproperty')]",
            "type": "Microsoft.DataFactory/factories/pipelines",
            "apiVersion": "2018-06-01",
            "properties": {
                "activities": [
                    {
                        "name": "act_cp_pro2qad_adls_domainproperty",
                        "type": "Copy",
                        "dependsOn": [],
                        "policy": {
                            "timeout": "7.00:00:00",
                            "retry": 5,
                            "retryIntervalInSeconds": 600,
                            "secureOutput": false,
                            "secureInput": false
                        },
                        "userProperties": [],
                        "typeProperties": {
                            "source": {
                                "type": "AzureSqlSource"
                            },
                            "sink": {
                                "type": "DelimitedTextSink",
                                "storeSettings": {
                                    "type": "AzureBlobStorageWriteSetting",
                                    "maxConcurrentConnections": 5,
                                    "copyBehavior": null
                                },
                                "formatSettings": {
                                    "type": "DelimitedTextWriteSetting",
                                    "quoteAllText": true,
                                    "fileExtension": ".csv"
                                }
                            },
                            "enableStaging": false
                        },
                        "inputs": [
                            {
                                "referenceName": "in_ds_db_pro2qad_domainproperty",
                                "type": "DatasetReference",
                                "parameters": {}
                            }
                        ],
                        "outputs": [
                            {
                                "referenceName": "out_ds_adls_qad_domainproperty",
                                "type": "DatasetReference",
                                "parameters": {}
                            }
                        ]
                    }
                ],
                "folder": {
                    "name": "QAD"
                },
                "annotations": []
            },
            "dependsOn": []
        },
        {
            "name": "[concat(parameters('factoryName'), '/pipe_cp_pro2qad_adls_domains')]",
            "type": "Microsoft.DataFactory/factories/pipelines",
            "apiVersion": "2018-06-01",
            "properties": {
                "activities": [
                    {
                        "name": "act_cp_pro2qad_adls_domains",
                        "type": "Copy",
                        "dependsOn": [],
                        "policy": {
                            "timeout": "7.00:00:00",
                            "retry": 5,
                            "retryIntervalInSeconds": 600,
                            "secureOutput": false,
                            "secureInput": false
                        },
                        "userProperties": [],
                        "typeProperties": {
                            "source": {
                                "type": "AzureSqlSource"
                            },
                            "sink": {
                                "type": "DelimitedTextSink",
                                "storeSettings": {
                                    "type": "AzureBlobStorageWriteSetting",
                                    "maxConcurrentConnections": 5,
                                    "copyBehavior": null
                                },
                                "formatSettings": {
                                    "type": "DelimitedTextWriteSetting",
                                    "quoteAllText": true,
                                    "fileExtension": ".csv"
                                }
                            },
                            "enableStaging": false
                        },
                        "inputs": [
                            {
                                "referenceName": "in_ds_db_pro2qad_domains",
                                "type": "DatasetReference",
                                "parameters": {}
                            }
                        ],
                        "outputs": [
                            {
                                "referenceName": "out_ds_adls_qad_domains",
                                "type": "DatasetReference",
                                "parameters": {}
                            }
                        ]
                    }
                ],
                "folder": {
                    "name": "QAD"
                },
                "annotations": []
            },
            "dependsOn": []
        },
        {
            "name": "[concat(parameters('factoryName'), '/pipe_cp_pro2qad_adls_dsd_det')]",
            "type": "Microsoft.DataFactory/factories/pipelines",
            "apiVersion": "2018-06-01",
            "properties": {
                "activities": [
                    {
                        "name": "act_cp_pro2qad_adls_dsd_det",
                        "type": "Copy",
                        "dependsOn": [],
                        "policy": {
                            "timeout": "7.00:00:00",
                            "retry": 5,
                            "retryIntervalInSeconds": 600,
                            "secureOutput": false,
                            "secureInput": false
                        },
                        "userProperties": [],
                        "typeProperties": {
                            "source": {
                                "type": "AzureSqlSource"
                            },
                            "sink": {
                                "type": "DelimitedTextSink",
                                "storeSettings": {
                                    "type": "AzureBlobStorageWriteSetting",
                                    "maxConcurrentConnections": 5,
                                    "copyBehavior": null
                                },
                                "formatSettings": {
                                    "type": "DelimitedTextWriteSetting",
                                    "quoteAllText": true,
                                    "fileExtension": ".csv"
                                }
                            },
                            "enableStaging": false
                        },
                        "inputs": [
                            {
                                "referenceName": "in_ds_db_pro2qad_dsd_det",
                                "type": "DatasetReference",
                                "parameters": {}
                            }
                        ],
                        "outputs": [
                            {
                                "referenceName": "out_ds_adls_qad_dsd_det",
                                "type": "DatasetReference",
                                "parameters": {}
                            }
                        ]
                    }
                ],
                "folder": {
                    "name": "QAD"
                },
                "annotations": []
            },
            "dependsOn": []
        },
        {
            "name": "[concat(parameters('factoryName'), '/pipe_cp_pro2qad_adls_dsr_mstr')]",
            "type": "Microsoft.DataFactory/factories/pipelines",
            "apiVersion": "2018-06-01",
            "properties": {
                "activities": [
                    {
                        "name": "act_cp_pro2qad_adls_dsr_mstr",
                        "type": "Copy",
                        "dependsOn": [],
                        "policy": {
                            "timeout": "7.00:00:00",
                            "retry": 5,
                            "retryIntervalInSeconds": 600,
                            "secureOutput": false,
                            "secureInput": false
                        },
                        "userProperties": [],
                        "typeProperties": {
                            "source": {
                                "type": "AzureSqlSource"
                            },
                            "sink": {
                                "type": "DelimitedTextSink",
                                "storeSettings": {
                                    "type": "AzureBlobStorageWriteSetting",
                                    "maxConcurrentConnections": 5,
                                    "copyBehavior": null
                                },
                                "formatSettings": {
                                    "type": "DelimitedTextWriteSetting",
                                    "quoteAllText": true,
                                    "fileExtension": ".csv"
                                }
                            },
                            "enableStaging": false
                        },
                        "inputs": [
                            {
                                "referenceName": "in_ds_db_pro2qad_dsr_mstr",
                                "type": "DatasetReference",
                                "parameters": {}
                            }
                        ],
                        "outputs": [
                            {
                                "referenceName": "out_ds_adls_qad_dsr_mstr",
                                "type": "DatasetReference",
                                "parameters": {}
                            }
                        ]
                    }
                ],
                "folder": {
                    "name": "QAD"
                },
                "annotations": []
            },
            "dependsOn": []
        },
        {
            "name": "[concat(parameters('factoryName'), '/pipe_cp_pro2qad_adls_exchangerate')]",
            "type": "Microsoft.DataFactory/factories/pipelines",
            "apiVersion": "2018-06-01",
            "properties": {
                "activities": [
                    {
                        "name": "act_cp_pro2qad_adls_exchangerate",
                        "type": "Copy",
                        "dependsOn": [],
                        "policy": {
                            "timeout": "7.00:00:00",
                            "retry": 5,
                            "retryIntervalInSeconds": 600,
                            "secureOutput": false,
                            "secureInput": false
                        },
                        "userProperties": [],
                        "typeProperties": {
                            "source": {
                                "type": "AzureSqlSource"
                            },
                            "sink": {
                                "type": "DelimitedTextSink",
                                "storeSettings": {
                                    "type": "AzureBlobStorageWriteSetting",
                                    "maxConcurrentConnections": 5,
                                    "copyBehavior": null
                                },
                                "formatSettings": {
                                    "type": "DelimitedTextWriteSetting",
                                    "quoteAllText": true,
                                    "fileExtension": ".csv"
                                }
                            },
                            "enableStaging": false
                        },
                        "inputs": [
                            {
                                "referenceName": "in_ds_db_pro2qad_exchangerate",
                                "type": "DatasetReference",
                                "parameters": {}
                            }
                        ],
                        "outputs": [
                            {
                                "referenceName": "out_ds_adls_qad_exchangerate",
                                "type": "DatasetReference",
                                "parameters": {}
                            }
                        ]
                    }
                ],
                "folder": {
                    "name": "QAD"
                },
                "annotations": []
            },
            "dependsOn": []
        },
        {
            "name": "[concat(parameters('factoryName'), '/pipe_cp_pro2qad_adls_ld_det')]",
            "type": "Microsoft.DataFactory/factories/pipelines",
            "apiVersion": "2018-06-01",
            "properties": {
                "activities": [
                    {
                        "name": "act_cp_pro2qad_adls_ld_det",
                        "type": "Copy",
                        "dependsOn": [],
                        "policy": {
                            "timeout": "7.00:00:00",
                            "retry": 0,
                            "retryIntervalInSeconds": 30,
                            "secureOutput": false,
                            "secureInput": false
                        },
                        "userProperties": [],
                        "typeProperties": {
                            "source": {
                                "type": "AzureSqlSource"
                            },
                            "sink": {
                                "type": "DelimitedTextSink",
                                "storeSettings": {
                                    "type": "AzureBlobStorageWriteSetting"
                                },
                                "formatSettings": {
                                    "type": "DelimitedTextWriteSetting",
                                    "quoteAllText": true,
                                    "fileExtension": ".txt"
                                }
                            },
                            "enableStaging": false
                        },
                        "inputs": [
                            {
                                "referenceName": "ds_in_cp_pro2qad_adls_ld_det",
                                "type": "DatasetReference",
                                "parameters": {}
                            }
                        ],
                        "outputs": [
                            {
                                "referenceName": "ds_out_cp_pro2qad_adls_ld_det",
                                "type": "DatasetReference",
                                "parameters": {}
                            }
                        ]
                    }
                ],
                "folder": {
                    "name": "QAD"
                },
                "annotations": []
            },
            "dependsOn": []
        }
    ]
}