{
    "$schema": "http://schema.management.azure.com/schemas/2015-01-01/deploymentTemplate.json#",
    "contentVersion": "1.0.0.0",
    "parameters": {
        "factoryName": {
            "type": "string",
            "metadata": "Data Factory Name",
            "defaultValue": "ba-dev-adf"
        }
    },
    "variables": {
        "factoryId": "[concat('Microsoft.DataFactory/factories/', parameters('factoryName'))]"
    },
    "resources": [
        {
            "name": "[concat(parameters('factoryName'), '/in_df_ds_adls_qad_si_mstr')]",
            "type": "Microsoft.DataFactory/factories/datasets",
            "apiVersion": "2018-06-01",
            "properties": {
                "linkedServiceName": {
                    "referenceName": "badevadlsg2",
                    "type": "LinkedServiceReference"
                },
                "folder": {
                    "name": "QAD"
                },
                "annotations": [],
                "type": "DelimitedText",
                "typeProperties": {
                    "location": {
                        "type": "AzureBlobStorageLocation",
                        "fileName": "si_mstr.csv",
                        "folderPath": "Governed Data/Sources/LMAS/QAD/Pro2qad",
                        "container": "adlsdev"
                    },
                    "columnDelimiter": ",",
                    "escapeChar": "\\",
                    "firstRowAsHeader": true,
                    "quoteChar": "\""
                },
                "schema": [
                    {
                        "name": "prrowid",
                        "type": "String"
                    },
                    {
                        "name": "si_site",
                        "type": "String"
                    },
                    {
                        "name": "si_desc",
                        "type": "String"
                    },
                    {
                        "name": "si_entity",
                        "type": "String"
                    },
                    {
                        "name": "si_status",
                        "type": "String"
                    },
                    {
                        "name": "si_auto_loc",
                        "type": "String"
                    },
                    {
                        "name": "si_user1",
                        "type": "String"
                    },
                    {
                        "name": "si_user2",
                        "type": "String"
                    },
                    {
                        "name": "si__chr01",
                        "type": "String"
                    },
                    {
                        "name": "si__chr02",
                        "type": "String"
                    },
                    {
                        "name": "si__chr03",
                        "type": "String"
                    },
                    {
                        "name": "si__chr04",
                        "type": "String"
                    },
                    {
                        "name": "si__chr05",
                        "type": "String"
                    },
                    {
                        "name": "si__dte01",
                        "type": "String"
                    },
                    {
                        "name": "si__dte02",
                        "type": "String"
                    },
                    {
                        "name": "si__dec01",
                        "type": "String"
                    },
                    {
                        "name": "si__dec02",
                        "type": "String"
                    },
                    {
                        "name": "si__log01",
                        "type": "String"
                    },
                    {
                        "name": "si_gl_set",
                        "type": "String"
                    },
                    {
                        "name": "si_cur_set",
                        "type": "String"
                    },
                    {
                        "name": "si_db",
                        "type": "String"
                    },
                    {
                        "name": "si_xfer_acct",
                        "type": "String"
                    },
                    {
                        "name": "si_xfer_cc",
                        "type": "String"
                    },
                    {
                        "name": "si_git_acct",
                        "type": "String"
                    },
                    {
                        "name": "si_git_cc",
                        "type": "String"
                    },
                    {
                        "name": "si_canrun",
                        "type": "String"
                    },
                    {
                        "name": "si_ext_vd",
                        "type": "String"
                    },
                    {
                        "name": "si_btb_vend",
                        "type": "String"
                    },
                    {
                        "name": "si_git_sub",
                        "type": "String"
                    },
                    {
                        "name": "si_xfer_sub",
                        "type": "String"
                    },
                    {
                        "name": "si_decl",
                        "type": "String"
                    },
                    {
                        "name": "si_xfer_ownership",
                        "type": "String"
                    },
                    {
                        "name": "si_git_location",
                        "type": "String"
                    },
                    {
                        "name": "si_domain",
                        "type": "String"
                    },
                    {
                        "name": "si_type",
                        "type": "String"
                    },
                    {
                        "name": "oid_si_mstr",
                        "type": "String"
                    },
                    {
                        "name": "si_insp_loc",
                        "type": "String"
                    },
                    {
                        "name": "si_useplansched_wbs",
                        "type": "String"
                    },
                    {
                        "name": "si_mod_userid",
                        "type": "String"
                    },
                    {
                        "name": "si_mod_date",
                        "type": "String"
                    },
                    {
                        "name": "Pro2SrcPDB",
                        "type": "String"
                    },
                    {
                        "name": "pro2created",
                        "type": "String"
                    },
                    {
                        "name": "pro2modified",
                        "type": "String"
                    }
                ]
            },
            "dependsOn": []
        },
        {
            "name": "[concat(parameters('factoryName'), '/in_df_ds_adls_qad_sitetype')]",
            "type": "Microsoft.DataFactory/factories/datasets",
            "apiVersion": "2018-06-01",
            "properties": {
                "linkedServiceName": {
                    "referenceName": "badevadlsg2",
                    "type": "LinkedServiceReference"
                },
                "folder": {
                    "name": "QAD"
                },
                "annotations": [],
                "type": "DelimitedText",
                "typeProperties": {
                    "location": {
                        "type": "AzureBlobStorageLocation",
                        "fileName": "MAN_SiteType.csv",
                        "folderPath": "Governed Data/Sources/LMAS/QAD/Manual",
                        "container": "adlsdev"
                    },
                    "columnDelimiter": ",",
                    "escapeChar": "\\",
                    "firstRowAsHeader": true,
                    "quoteChar": "\""
                },
                "schema": [
                    {
                        "name": "Site_Id",
                        "type": "String"
                    },
                    {
                        "name": "DomainCode",
                        "type": "String"
                    },
                    {
                        "name": "Site",
                        "type": "String"
                    },
                    {
                        "name": "SiteID",
                        "type": "String"
                    },
                    {
                        "name": "Site Type",
                        "type": "String"
                    }
                ]
            },
            "dependsOn": []
        },
        {
            "name": "[concat(parameters('factoryName'), '/in_df_ds_adls_qad_vd_mstr')]",
            "type": "Microsoft.DataFactory/factories/datasets",
            "apiVersion": "2018-06-01",
            "properties": {
                "linkedServiceName": {
                    "referenceName": "badevadlsg2",
                    "type": "LinkedServiceReference"
                },
                "folder": {
                    "name": "QAD"
                },
                "annotations": [],
                "type": "DelimitedText",
                "typeProperties": {
                    "location": {
                        "type": "AzureBlobStorageLocation",
                        "fileName": "vd_mstr.csv",
                        "folderPath": "Governed Data/Sources/LMAS/QAD/Pro2qad",
                        "container": "adlsdev"
                    },
                    "columnDelimiter": ";",
                    "escapeChar": "\\",
                    "firstRowAsHeader": true,
                    "quoteChar": "\""
                },
                "schema": [
                    {
                        "name": "prrowid",
                        "type": "String"
                    },
                    {
                        "name": "vd_addr",
                        "type": "String"
                    },
                    {
                        "name": "vd_cr_terms",
                        "type": "String"
                    },
                    {
                        "name": "vd_buyer",
                        "type": "String"
                    },
                    {
                        "name": "vd_disc_pct",
                        "type": "String"
                    },
                    {
                        "name": "vd_shipvia",
                        "type": "String"
                    },
                    {
                        "name": "vd_partial",
                        "type": "String"
                    },
                    {
                        "name": "vd_rmks",
                        "type": "String"
                    },
                    {
                        "name": "vd_ap_acct",
                        "type": "String"
                    },
                    {
                        "name": "vd_ap_cc",
                        "type": "String"
                    },
                    {
                        "name": "vd_pur_acct",
                        "type": "String"
                    },
                    {
                        "name": "vd_pur_cc",
                        "type": "String"
                    },
                    {
                        "name": "vd_pur_cntct",
                        "type": "String"
                    },
                    {
                        "name": "vd_ap_cntct",
                        "type": "String"
                    },
                    {
                        "name": "vd_1099",
                        "type": "String"
                    },
                    {
                        "name": "vd_sort",
                        "type": "String"
                    },
                    {
                        "name": "vd_last_ck",
                        "type": "String"
                    },
                    {
                        "name": "vd_balance",
                        "type": "String"
                    },
                    {
                        "name": "vd_hold",
                        "type": "String"
                    },
                    {
                        "name": "vd_tax_id",
                        "type": "String"
                    },
                    {
                        "name": "vd_taxable",
                        "type": "String"
                    },
                    {
                        "name": "vd_user1",
                        "type": "String"
                    },
                    {
                        "name": "vd_user2",
                        "type": "String"
                    },
                    {
                        "name": "vd_curr",
                        "type": "String"
                    },
                    {
                        "name": "vd_lang",
                        "type": "String"
                    },
                    {
                        "name": "vd_vt_id",
                        "type": "String"
                    },
                    {
                        "name": "vd__chr01",
                        "type": "String"
                    },
                    {
                        "name": "vd__chr02",
                        "type": "String"
                    },
                    {
                        "name": "vd__chr03",
                        "type": "String"
                    },
                    {
                        "name": "vd__chr04",
                        "type": "String"
                    },
                    {
                        "name": "vd__chr05",
                        "type": "String"
                    },
                    {
                        "name": "vd__chr06",
                        "type": "String"
                    },
                    {
                        "name": "vd__chr07",
                        "type": "String"
                    },
                    {
                        "name": "vd__chr08",
                        "type": "String"
                    },
                    {
                        "name": "vd__chr09",
                        "type": "String"
                    },
                    {
                        "name": "vd__chr10",
                        "type": "String"
                    },
                    {
                        "name": "vd__dte01",
                        "type": "String"
                    },
                    {
                        "name": "vd__dte02",
                        "type": "String"
                    },
                    {
                        "name": "vd__dec01",
                        "type": "String"
                    },
                    {
                        "name": "vd__dec02",
                        "type": "String"
                    },
                    {
                        "name": "vd__log01",
                        "type": "String"
                    },
                    {
                        "name": "vd_fob",
                        "type": "String"
                    },
                    {
                        "name": "vd_debtor",
                        "type": "String"
                    },
                    {
                        "name": "vd_bank",
                        "type": "String"
                    },
                    {
                        "name": "vd_ckfrm",
                        "type": "String"
                    },
                    {
                        "name": "vd_pay_spec",
                        "type": "String"
                    },
                    {
                        "name": "vd_remit",
                        "type": "String"
                    },
                    {
                        "name": "vd_type",
                        "type": "String"
                    },
                    {
                        "name": "vd_mod_date",
                        "type": "String"
                    },
                    {
                        "name": "vd_userid",
                        "type": "String"
                    },
                    {
                        "name": "vd_prepay",
                        "type": "String"
                    },
                    {
                        "name": "vd_conrep_logic",
                        "type": "String"
                    },
                    {
                        "name": "vd_pr_list",
                        "type": "String"
                    },
                    {
                        "name": "vd_fr_list",
                        "type": "String"
                    },
                    {
                        "name": "vd_fr_terms",
                        "type": "String"
                    },
                    {
                        "name": "vd_fr_min_wt",
                        "type": "String"
                    },
                    {
                        "name": "vd_drft_bal",
                        "type": "String"
                    },
                    {
                        "name": "vd_lc_bal",
                        "type": "String"
                    },
                    {
                        "name": "vd_pr_list2",
                        "type": "String"
                    },
                    {
                        "name": "vd_fix_pr",
                        "type": "String"
                    },
                    {
                        "name": "vd_tid_notice",
                        "type": "String"
                    },
                    {
                        "name": "vd_promo",
                        "type": "String"
                    },
                    {
                        "name": "vd_misc_cr",
                        "type": "String"
                    },
                    {
                        "name": "vd_rcv_so_price",
                        "type": "String"
                    },
                    {
                        "name": "vd_rcv_held_so",
                        "type": "String"
                    },
                    {
                        "name": "vd_tp_use_pct",
                        "type": "String"
                    },
                    {
                        "name": "vd_tp_pct",
                        "type": "String"
                    },
                    {
                        "name": "vd_ex_ratetype",
                        "type": "String"
                    },
                    {
                        "name": "vd_db",
                        "type": "String"
                    },
                    {
                        "name": "vd__qadc01",
                        "type": "String"
                    },
                    {
                        "name": "vd__qadc02",
                        "type": "String"
                    },
                    {
                        "name": "vd__qadc03",
                        "type": "String"
                    },
                    {
                        "name": "vd__qadc04",
                        "type": "String"
                    },
                    {
                        "name": "vd__qadd01",
                        "type": "String"
                    },
                    {
                        "name": "vd__qadd02",
                        "type": "String"
                    },
                    {
                        "name": "vd__qadl01",
                        "type": "String"
                    },
                    {
                        "name": "vd__qadl02",
                        "type": "String"
                    },
                    {
                        "name": "vd__qadt01",
                        "type": "String"
                    },
                    {
                        "name": "vd__qadt02",
                        "type": "String"
                    },
                    {
                        "name": "vd__qadi01",
                        "type": "String"
                    },
                    {
                        "name": "vd__qadi02",
                        "type": "String"
                    },
                    {
                        "name": "vd__qadl03",
                        "type": "String"
                    },
                    {
                        "name": "vd__qadl04",
                        "type": "String"
                    },
                    {
                        "name": "vd_ap_sub",
                        "type": "String"
                    },
                    {
                        "name": "vd_pur_sub",
                        "type": "String"
                    },
                    {
                        "name": "vd_tot_terms_code",
                        "type": "String"
                    },
                    {
                        "name": "vd_domain",
                        "type": "String"
                    },
                    {
                        "name": "oid_vd_mstr",
                        "type": "String"
                    },
                    {
                        "name": "vd_carrier_id",
                        "type": "String"
                    },
                    {
                        "name": "vd_kanban_supplier",
                        "type": "String"
                    },
                    {
                        "name": "oid_btr_mstr",
                        "type": "String"
                    },
                    {
                        "name": "vd_active",
                        "type": "String"
                    },
                    {
                        "name": "vd_data_complete",
                        "type": "String"
                    },
                    {
                        "name": "vd_tax_zone",
                        "type": "String"
                    },
                    {
                        "name": "vd_taxc",
                        "type": "String"
                    },
                    {
                        "name": "vd_tax_usage",
                        "type": "String"
                    },
                    {
                        "name": "vd_gst_id",
                        "type": "String"
                    },
                    {
                        "name": "vd_pst_id",
                        "type": "String"
                    },
                    {
                        "name": "vd_misc1_id",
                        "type": "String"
                    },
                    {
                        "name": "vd_misc2_id",
                        "type": "String"
                    },
                    {
                        "name": "vd_misc3_id",
                        "type": "String"
                    },
                    {
                        "name": "vd_tax_in",
                        "type": "String"
                    },
                    {
                        "name": "vd_tax_in_city",
                        "type": "String"
                    },
                    {
                        "name": "vd_daybookset",
                        "type": "String"
                    },
                    {
                        "name": "vd_site",
                        "type": "String"
                    },
                    {
                        "name": "Pro2SrcPDB",
                        "type": "String"
                    },
                    {
                        "name": "pro2created",
                        "type": "String"
                    },
                    {
                        "name": "pro2modified",
                        "type": "String"
                    }
                ]
            },
            "dependsOn": []
        },
        {
            "name": "[concat(parameters('factoryName'), '/in_ds_adls_manual_TransactionType')]",
            "type": "Microsoft.DataFactory/factories/datasets",
            "apiVersion": "2018-06-01",
            "properties": {
                "linkedServiceName": {
                    "referenceName": "badevadlsg2",
                    "type": "LinkedServiceReference"
                },
                "folder": {
                    "name": "QAD"
                },
                "annotations": [],
                "type": "DelimitedText",
                "typeProperties": {
                    "location": {
                        "type": "AzureBlobStorageLocation",
                        "fileName": "MAN_TransactionType.csv",
                        "folderPath": "Governed Data/Sources/LMAS/QAD/Manual",
                        "container": "adlsdev"
                    },
                    "columnDelimiter": ",",
                    "escapeChar": "\\",
                    "firstRowAsHeader": true,
                    "quoteChar": "\""
                },
                "schema": [
                    {
                        "name": "TransactionType",
                        "type": "String"
                    },
                    {
                        "name": "Description",
                        "type": "String"
                    }
                ]
            },
            "dependsOn": []
        },
        {
            "name": "[concat(parameters('factoryName'), '/in_ds_adls_qad_DimCurrency')]",
            "type": "Microsoft.DataFactory/factories/datasets",
            "apiVersion": "2018-06-01",
            "properties": {
                "linkedServiceName": {
                    "referenceName": "badevadlsg2",
                    "type": "LinkedServiceReference"
                },
                "folder": {
                    "name": "QAD"
                },
                "annotations": [],
                "type": "DelimitedText",
                "typeProperties": {
                    "location": {
                        "type": "AzureBlobStorageLocation",
                        "fileName": "currency_planned_rate.csv",
                        "folderPath": "Governed Data/Sources/LMAS/QAD/Pro2qad",
                        "container": "adlsdev"
                    },
                    "columnDelimiter": ",",
                    "escapeChar": "\\",
                    "firstRowAsHeader": true,
                    "quoteChar": "\""
                },
                "schema": []
            },
            "dependsOn": []
        },
        {
            "name": "[concat(parameters('factoryName'), '/in_ds_adls_qad_DimDeliveryPrecision')]",
            "type": "Microsoft.DataFactory/factories/datasets",
            "apiVersion": "2018-06-01",
            "properties": {
                "linkedServiceName": {
                    "referenceName": "badevadlsg2",
                    "type": "LinkedServiceReference"
                },
                "folder": {
                    "name": "QAD"
                },
                "annotations": [],
                "type": "DelimitedText",
                "typeProperties": {
                    "location": {
                        "type": "AzureBlobStorageLocation",
                        "fileName": "DimDeliveryPrecision.csv",
                        "folderPath": "Governed Data/Sources/LMAS/QAD/Manual",
                        "container": "adlsdev"
                    },
                    "columnDelimiter": ",",
                    "escapeChar": "\\",
                    "firstRowAsHeader": true,
                    "quoteChar": "\""
                },
                "schema": [
                    {
                        "name": "DeliveryPrecision",
                        "type": "String"
                    },
                    {
                        "name": "DeliveryPrecisionDetail",
                        "type": "String"
                    }
                ]
            },
            "dependsOn": []
        },
        {
            "name": "[concat(parameters('factoryName'), '/in_ds_adls_stagging_Factpurchasing')]",
            "type": "Microsoft.DataFactory/factories/datasets",
            "apiVersion": "2018-06-01",
            "properties": {
                "linkedServiceName": {
                    "referenceName": "badevadlsg2",
                    "type": "LinkedServiceReference"
                },
                "folder": {
                    "name": "QAD"
                },
                "annotations": [],
                "type": "DelimitedText",
                "typeProperties": {
                    "location": {
                        "type": "AzureBlobStorageLocation",
                        "folderPath": "Governed Data/Sources/LMAS/QAD/Staging/FactPurchasing",
                        "container": "adlsdev"
                    },
                    "columnDelimiter": ",",
                    "escapeChar": "\\",
                    "firstRowAsHeader": true,
                    "quoteChar": "\""
                },
                "schema": []
            },
            "dependsOn": []
        },
        {
            "name": "[concat(parameters('factoryName'), '/in_ds_adls_stagging_Factpurchasing2')]",
            "type": "Microsoft.DataFactory/factories/datasets",
            "apiVersion": "2018-06-01",
            "properties": {
                "linkedServiceName": {
                    "referenceName": "badevadlsg2",
                    "type": "LinkedServiceReference"
                },
                "folder": {
                    "name": "QAD"
                },
                "annotations": [],
                "type": "DelimitedText",
                "typeProperties": {
                    "location": {
                        "type": "AzureBlobStorageLocation",
                        "folderPath": "Governed Data/Sources/LMAS/QAD/Staging/FactPurchasing",
                        "container": "adlsdev"
                    },
                    "columnDelimiter": ",",
                    "escapeChar": "\\",
                    "firstRowAsHeader": true,
                    "quoteChar": "\""
                },
                "schema": [
                    {
                        "name": "Time_Id",
                        "type": "String"
                    },
                    {
                        "name": "Time_Id_Order",
                        "type": "String"
                    },
                    {
                        "name": "Time_Id_Perform",
                        "type": "String"
                    },
                    {
                        "name": "Time_Id_Ship",
                        "type": "String"
                    },
                    {
                        "name": "SiteID",
                        "type": "String"
                    },
                    {
                        "name": "PartMasterID",
                        "type": "String"
                    },
                    {
                        "name": "TransactionTypeId",
                        "type": "String"
                    },
                    {
                        "name": "SupplierID",
                        "type": "String"
                    },
                    {
                        "name": "DomainId",
                        "type": "String"
                    },
                    {
                        "name": "CurrencyId",
                        "type": "String"
                    },
                    {
                        "name": "ShippingModeId",
                        "type": "String"
                    },
                    {
                        "name": "ItemPlanningId",
                        "type": "String"
                    },
                    {
                        "name": "DeliveryprecisionID",
                        "type": "String"
                    },
                    {
                        "name": "SiteCode",
                        "type": "String"
                    },
                    {
                        "name": "Domain",
                        "type": "String"
                    },
                    {
                        "name": "DaysLate",
                        "type": "String"
                    },
                    {
                        "name": "PONumber",
                        "type": "String"
                    },
                    {
                        "name": "POLine",
                        "type": "String"
                    },
                    {
                        "name": "NoLines",
                        "type": "String"
                    },
                    {
                        "name": "QtyReceived",
                        "type": "String"
                    },
                    {
                        "name": "QtyOrdered",
                        "type": "String"
                    },
                    {
                        "name": "CycleDays",
                        "type": "String"
                    },
                    {
                        "name": "UnitCost",
                        "type": "String"
                    },
                    {
                        "name": "POStandardCost",
                        "type": "String"
                    },
                    {
                        "name": "ReceiptCost",
                        "type": "String"
                    },
                    {
                        "name": "StandardReceiptCost",
                        "type": "String"
                    },
                    {
                        "name": "POCurrency",
                        "type": "String"
                    },
                    {
                        "name": "POType",
                        "type": "String"
                    },
                    {
                        "name": "POReturnType",
                        "type": "String"
                    },
                    {
                        "name": "ShippingMode",
                        "type": "String"
                    },
                    {
                        "name": "PartID",
                        "type": "String"
                    },
                    {
                        "name": "SupplierName",
                        "type": "String"
                    },
                    {
                        "name": "ExchangeRate",
                        "type": "String"
                    },
                    {
                        "name": "ReceiptCostOriginalCurrency",
                        "type": "String"
                    },
                    {
                        "name": "VendorID",
                        "type": "String"
                    },
                    {
                        "name": "POCurrencyAmount",
                        "type": "String"
                    },
                    {
                        "name": "Weight",
                        "type": "String"
                    },
                    {
                        "name": "Volume",
                        "type": "String"
                    }
                ]
            },
            "dependsOn": []
        },
        {
            "name": "[concat(parameters('factoryName'), '/in_ds_asql_agile_part_mastr')]",
            "type": "Microsoft.DataFactory/factories/datasets",
            "apiVersion": "2018-06-01",
            "properties": {
                "linkedServiceName": {
                    "referenceName": "lnk_asqldb_agile",
                    "type": "LinkedServiceReference"
                },
                "folder": {
                    "name": "QAD"
                },
                "annotations": [],
                "type": "AzureSqlTable",
                "schema": [
                    {
                        "name": "ID",
                        "type": "int",
                        "precision": 10
                    },
                    {
                        "name": "PartID",
                        "type": "nvarchar"
                    },
                    {
                        "name": "PartName",
                        "type": "nvarchar"
                    },
                    {
                        "name": "PartName2",
                        "type": "nvarchar"
                    },
                    {
                        "name": "PartDescription",
                        "type": "nvarchar"
                    },
                    {
                        "name": "ProductFamilyID",
                        "type": "nvarchar"
                    },
                    {
                        "name": "ProductFamily",
                        "type": "nvarchar"
                    },
                    {
                        "name": "ProductLineID",
                        "type": "nvarchar"
                    },
                    {
                        "name": "ProductLine",
                        "type": "nvarchar"
                    },
                    {
                        "name": "ProductGroupID",
                        "type": "nvarchar"
                    },
                    {
                        "name": "ProductGroup",
                        "type": "nvarchar"
                    },
                    {
                        "name": "ProductTypeID",
                        "type": "nvarchar"
                    },
                    {
                        "name": "ProductType",
                        "type": "nvarchar"
                    },
                    {
                        "name": "Metric_Ship_Weight",
                        "type": "float",
                        "precision": 15
                    },
                    {
                        "name": "Metric_Ship_Weight_UoM",
                        "type": "nvarchar"
                    },
                    {
                        "name": "Metric_Ship_Weight_KG",
                        "type": "float",
                        "precision": 15
                    },
                    {
                        "name": "Length",
                        "type": "float",
                        "precision": 15
                    },
                    {
                        "name": "Width",
                        "type": "float",
                        "precision": 15
                    },
                    {
                        "name": "Height",
                        "type": "float",
                        "precision": 15
                    },
                    {
                        "name": "Volume_CM",
                        "type": "float",
                        "precision": 15
                    },
                    {
                        "name": "L/W/H UoM",
                        "type": "nvarchar"
                    },
                    {
                        "name": "GTIN",
                        "type": "nvarchar"
                    },
                    {
                        "name": "LotSerial",
                        "type": "nvarchar"
                    },
                    {
                        "name": "CountryOfOrigin",
                        "type": "nvarchar"
                    },
                    {
                        "name": "CommodityCode",
                        "type": "nvarchar"
                    }
                ],
                "typeProperties": {
                    "tableName": "[[dbo].[vAgileItemMaster_BA]"
                }
            },
            "dependsOn": []
        },
        {
            "name": "[concat(parameters('factoryName'), '/in_ds_cp_adls_DimPartMaster')]",
            "type": "Microsoft.DataFactory/factories/datasets",
            "apiVersion": "2018-06-01",
            "properties": {
                "linkedServiceName": {
                    "referenceName": "badevadlsg2",
                    "type": "LinkedServiceReference"
                },
                "folder": {
                    "name": "QAD"
                },
                "annotations": [],
                "type": "DelimitedText",
                "typeProperties": {
                    "location": {
                        "type": "AzureBlobStorageLocation",
                        "fileName": "part_mstr.csv",
                        "folderPath": "Governed Data/Sources/LMAS/QAD/Pro2qad",
                        "container": "adlsdev"
                    },
                    "columnDelimiter": "|",
                    "rowDelimiter": "¤",
                    "escapeChar": "\\",
                    "firstRowAsHeader": true,
                    "quoteChar": "\""
                },
                "schema": [
                    {
                        "name": "ID",
                        "type": "String"
                    },
                    {
                        "name": "PartID",
                        "type": "String"
                    },
                    {
                        "name": "PartName1",
                        "type": "String"
                    },
                    {
                        "name": "PartName2",
                        "type": "String"
                    },
                    {
                        "name": "PartName",
                        "type": "String"
                    },
                    {
                        "name": "ItemStatus",
                        "type": "String"
                    },
                    {
                        "name": "PartDescription",
                        "type": "String"
                    },
                    {
                        "name": "ProductFamilyID",
                        "type": "String"
                    },
                    {
                        "name": "ProductFamily",
                        "type": "String"
                    },
                    {
                        "name": "ProductLineID",
                        "type": "String"
                    },
                    {
                        "name": "ProductLine",
                        "type": "String"
                    },
                    {
                        "name": "ProductGroupID",
                        "type": "String"
                    },
                    {
                        "name": "ProductGroup",
                        "type": "String"
                    },
                    {
                        "name": "ProductTypeID",
                        "type": "String"
                    },
                    {
                        "name": "ProductType",
                        "type": "String"
                    },
                    {
                        "name": "Metric_Ship_Weight",
                        "type": "String"
                    },
                    {
                        "name": "Metric_Ship_Weight_UoM",
                        "type": "String"
                    },
                    {
                        "name": "Metric_Ship_Weight_KG",
                        "type": "String"
                    },
                    {
                        "name": "Length",
                        "type": "String"
                    },
                    {
                        "name": "Width",
                        "type": "String"
                    },
                    {
                        "name": "Height",
                        "type": "String"
                    },
                    {
                        "name": "Volume_CM",
                        "type": "String"
                    },
                    {
                        "name": "L/W/H UoM",
                        "type": "String"
                    },
                    {
                        "name": "GTIN",
                        "type": "String"
                    },
                    {
                        "name": "LotSerial",
                        "type": "String"
                    },
                    {
                        "name": "CountryOfOrigin",
                        "type": "String"
                    },
                    {
                        "name": "CommodityCode",
                        "type": "String"
                    }
                ]
            },
            "dependsOn": []
        },
        {
            "name": "[concat(parameters('factoryName'), '/in_ds_cp_adls_badevdb_DimInventoryLocation')]",
            "type": "Microsoft.DataFactory/factories/datasets",
            "apiVersion": "2018-06-01",
            "properties": {
                "linkedServiceName": {
                    "referenceName": "badevadlsg2",
                    "type": "LinkedServiceReference"
                },
                "folder": {
                    "name": "QAD"
                },
                "annotations": [],
                "type": "DelimitedText",
                "typeProperties": {
                    "location": {
                        "type": "AzureBlobStorageLocation",
                        "fileName": "loc_mstr.csv",
                        "folderPath": "Governed Data/Sources/LMAS/QAD/Pro2qad",
                        "container": "adlsdev"
                    },
                    "columnDelimiter": ",",
                    "escapeChar": "\\",
                    "firstRowAsHeader": true,
                    "quoteChar": "\""
                },
                "schema": [
                    {
                        "name": "prrowid",
                        "type": "String"
                    },
                    {
                        "name": "loc_loc",
                        "type": "String"
                    },
                    {
                        "name": "loc__qad01",
                        "type": "String"
                    },
                    {
                        "name": "loc_date",
                        "type": "String"
                    },
                    {
                        "name": "loc_perm",
                        "type": "String"
                    },
                    {
                        "name": "loc__qadc01",
                        "type": "String"
                    },
                    {
                        "name": "loc__qadc02",
                        "type": "String"
                    },
                    {
                        "name": "loc_project",
                        "type": "String"
                    },
                    {
                        "name": "loc_site",
                        "type": "String"
                    },
                    {
                        "name": "loc_status",
                        "type": "String"
                    },
                    {
                        "name": "loc_user1",
                        "type": "String"
                    },
                    {
                        "name": "loc_user2",
                        "type": "String"
                    },
                    {
                        "name": "loc_single",
                        "type": "String"
                    },
                    {
                        "name": "loc_type",
                        "type": "String"
                    },
                    {
                        "name": "loc_cap",
                        "type": "String"
                    },
                    {
                        "name": "loc_cap_um",
                        "type": "String"
                    },
                    {
                        "name": "loc_desc",
                        "type": "String"
                    },
                    {
                        "name": "loc_phys_addr",
                        "type": "String"
                    },
                    {
                        "name": "loc_xfer_ownership",
                        "type": "String"
                    },
                    {
                        "name": "loc_domain",
                        "type": "String"
                    },
                    {
                        "name": "oid_loc_mstr",
                        "type": "String"
                    },
                    {
                        "name": "Pro2SrcPDB",
                        "type": "String"
                    },
                    {
                        "name": "pro2created",
                        "type": "String"
                    },
                    {
                        "name": "pro2modified",
                        "type": "String"
                    }
                ]
            },
            "dependsOn": []
        },
        {
            "name": "[concat(parameters('factoryName'), '/in_ds_cp_pro2qad_adls_loc_mstr')]",
            "type": "Microsoft.DataFactory/factories/datasets",
            "apiVersion": "2018-06-01",
            "properties": {
                "linkedServiceName": {
                    "referenceName": "qadpro2_eu_prod",
                    "type": "LinkedServiceReference"
                },
                "folder": {
                    "name": "QAD"
                },
                "annotations": [],
                "type": "AzureSqlTable",
                "schema": [
                    {
                        "name": "prrowid",
                        "type": "varchar"
                    },
                    {
                        "name": "loc_loc",
                        "type": "nvarchar"
                    },
                    {
                        "name": "loc__qad01",
                        "type": "bit"
                    },
                    {
                        "name": "loc_date",
                        "type": "datetime",
                        "precision": 23,
                        "scale": 3
                    },
                    {
                        "name": "loc_perm",
                        "type": "bit"
                    },
                    {
                        "name": "loc__qadc01",
                        "type": "nvarchar"
                    },
                    {
                        "name": "loc__qadc02",
                        "type": "nvarchar"
                    },
                    {
                        "name": "loc_project",
                        "type": "nvarchar"
                    },
                    {
                        "name": "loc_site",
                        "type": "nvarchar"
                    },
                    {
                        "name": "loc_status",
                        "type": "nvarchar"
                    },
                    {
                        "name": "loc_user1",
                        "type": "nvarchar"
                    },
                    {
                        "name": "loc_user2",
                        "type": "nvarchar"
                    },
                    {
                        "name": "loc_single",
                        "type": "bit"
                    },
                    {
                        "name": "loc_type",
                        "type": "nvarchar"
                    },
                    {
                        "name": "loc_cap",
                        "type": "decimal",
                        "precision": 38,
                        "scale": 10
                    },
                    {
                        "name": "loc_cap_um",
                        "type": "nvarchar"
                    },
                    {
                        "name": "loc_desc",
                        "type": "nvarchar"
                    },
                    {
                        "name": "loc_phys_addr",
                        "type": "nvarchar"
                    },
                    {
                        "name": "loc_xfer_ownership",
                        "type": "bit"
                    },
                    {
                        "name": "loc_domain",
                        "type": "nvarchar"
                    },
                    {
                        "name": "oid_loc_mstr",
                        "type": "decimal",
                        "precision": 38,
                        "scale": 10
                    },
                    {
                        "name": "Pro2SrcPDB",
                        "type": "nvarchar"
                    },
                    {
                        "name": "pro2created",
                        "type": "datetime",
                        "precision": 23,
                        "scale": 3
                    },
                    {
                        "name": "pro2modified",
                        "type": "datetime",
                        "precision": 23,
                        "scale": 3
                    }
                ],
                "typeProperties": {
                    "tableName": "[[dbo].[loc_mstr]"
                }
            },
            "dependsOn": []
        },
        {
            "name": "[concat(parameters('factoryName'), '/in_ds_db_pro2qad_ad_mstr')]",
            "type": "Microsoft.DataFactory/factories/datasets",
            "apiVersion": "2018-06-01",
            "properties": {
                "linkedServiceName": {
                    "referenceName": "qadpro2_eu_prod",
                    "type": "LinkedServiceReference"
                },
                "folder": {
                    "name": "QAD"
                },
                "annotations": [],
                "type": "AzureSqlTable",
                "schema": [
                    {
                        "name": "prrowid",
                        "type": "varchar"
                    },
                    {
                        "name": "code_fldname",
                        "type": "nvarchar"
                    },
                    {
                        "name": "code_value",
                        "type": "nvarchar"
                    },
                    {
                        "name": "code_cmmt",
                        "type": "nvarchar"
                    },
                    {
                        "name": "code_user1",
                        "type": "nvarchar"
                    },
                    {
                        "name": "code_user2",
                        "type": "nvarchar"
                    },
                    {
                        "name": "code_desc",
                        "type": "nvarchar"
                    },
                    {
                        "name": "code__qadc01",
                        "type": "nvarchar"
                    },
                    {
                        "name": "code_domain",
                        "type": "nvarchar"
                    },
                    {
                        "name": "oid_code_mstr",
                        "type": "decimal",
                        "precision": 38,
                        "scale": 10
                    },
                    {
                        "name": "code_group",
                        "type": "nvarchar"
                    },
                    {
                        "name": "Pro2SrcPDB",
                        "type": "nvarchar"
                    },
                    {
                        "name": "pro2created",
                        "type": "datetime",
                        "precision": 23,
                        "scale": 3
                    },
                    {
                        "name": "pro2modified",
                        "type": "datetime",
                        "precision": 23,
                        "scale": 3
                    }
                ],
                "typeProperties": {
                    "tableName": "[[dbo].[ad_mstr]"
                }
            },
            "dependsOn": []
        },
        {
            "name": "[concat(parameters('factoryName'), '/in_ds_db_pro2qad_address')]",
            "type": "Microsoft.DataFactory/factories/datasets",
            "apiVersion": "2018-06-01",
            "properties": {
                "linkedServiceName": {
                    "referenceName": "qadpro2_eu_prod",
                    "type": "LinkedServiceReference"
                },
                "folder": {
                    "name": "QAD"
                },
                "annotations": [],
                "type": "AzureSqlTable",
                "schema": [
                    {
                        "name": "prrowid",
                        "type": "varchar",
                        "precision": 255,
                        "scale": 255
                    },
                    {
                        "name": "address_id",
                        "type": "bigint",
                        "precision": 19,
                        "scale": 255
                    },
                    {
                        "name": "addressstreet1",
                        "type": "nvarchar",
                        "precision": 255,
                        "scale": 255
                    },
                    {
                        "name": "addressstreet2",
                        "type": "nvarchar",
                        "precision": 255,
                        "scale": 255
                    },
                    {
                        "name": "addressstreet3",
                        "type": "nvarchar",
                        "precision": 255,
                        "scale": 255
                    },
                    {
                        "name": "addresszip",
                        "type": "nvarchar",
                        "precision": 255,
                        "scale": 255
                    },
                    {
                        "name": "addresscity",
                        "type": "nvarchar",
                        "precision": 255,
                        "scale": 255
                    },
                    {
                        "name": "addressname",
                        "type": "nvarchar",
                        "precision": 255,
                        "scale": 255
                    },
                    {
                        "name": "addresssearchname",
                        "type": "nvarchar",
                        "precision": 255,
                        "scale": 255
                    },
                    {
                        "name": "addresstelephone",
                        "type": "nvarchar",
                        "precision": 255,
                        "scale": 255
                    },
                    {
                        "name": "addressemail",
                        "type": "nvarchar",
                        "precision": 255,
                        "scale": 255
                    },
                    {
                        "name": "addresswebsite",
                        "type": "nvarchar",
                        "precision": 255,
                        "scale": 255
                    },
                    {
                        "name": "addressfax",
                        "type": "nvarchar",
                        "precision": 255,
                        "scale": 255
                    },
                    {
                        "name": "addressformat",
                        "type": "int",
                        "precision": 10,
                        "scale": 255
                    },
                    {
                        "name": "addressistemporary",
                        "type": "bit",
                        "precision": 255,
                        "scale": 255
                    },
                    {
                        "name": "country_id",
                        "type": "bigint",
                        "precision": 19,
                        "scale": 255
                    },
                    {
                        "name": "businessrelation_id",
                        "type": "bigint",
                        "precision": 19,
                        "scale": 255
                    },
                    {
                        "name": "addresstype_id",
                        "type": "bigint",
                        "precision": 19,
                        "scale": 255
                    },
                    {
                        "name": "lng_id",
                        "type": "bigint",
                        "precision": 19,
                        "scale": 255
                    },
                    {
                        "name": "state_id",
                        "type": "bigint",
                        "precision": 19,
                        "scale": 255
                    },
                    {
                        "name": "county_id",
                        "type": "bigint",
                        "precision": 19,
                        "scale": 255
                    },
                    {
                        "name": "txztaxzone",
                        "type": "nvarchar",
                        "precision": 255,
                        "scale": 255
                    },
                    {
                        "name": "txcltaxcls",
                        "type": "nvarchar",
                        "precision": 255,
                        "scale": 255
                    },
                    {
                        "name": "txutaxusage",
                        "type": "nvarchar",
                        "precision": 255,
                        "scale": 255
                    },
                    {
                        "name": "addresspostaladdress1",
                        "type": "nvarchar",
                        "precision": 255,
                        "scale": 255
                    },
                    {
                        "name": "addresspostaladdress2",
                        "type": "nvarchar",
                        "precision": 255,
                        "scale": 255
                    },
                    {
                        "name": "addressissendtopostal",
                        "type": "bit",
                        "precision": 255,
                        "scale": 255
                    },
                    {
                        "name": "addressstate",
                        "type": "nvarchar",
                        "precision": 255,
                        "scale": 255
                    },
                    {
                        "name": "addresspostalzip",
                        "type": "nvarchar",
                        "precision": 255,
                        "scale": 255
                    },
                    {
                        "name": "addresspostalcity",
                        "type": "nvarchar",
                        "precision": 255,
                        "scale": 255
                    },
                    {
                        "name": "addresscounty",
                        "type": "nvarchar",
                        "precision": 255,
                        "scale": 255
                    },
                    {
                        "name": "addressistaxable",
                        "type": "bit",
                        "precision": 255,
                        "scale": 255
                    },
                    {
                        "name": "addressistaxincity",
                        "type": "bit",
                        "precision": 255,
                        "scale": 255
                    },
                    {
                        "name": "addressistaxincluded",
                        "type": "bit",
                        "precision": 255,
                        "scale": 255
                    },
                    {
                        "name": "addresstaxidfederal",
                        "type": "nvarchar",
                        "precision": 255,
                        "scale": 255
                    },
                    {
                        "name": "addresstaxidstate",
                        "type": "nvarchar",
                        "precision": 255,
                        "scale": 255
                    },
                    {
                        "name": "addresstaxidmisc1",
                        "type": "nvarchar",
                        "precision": 255,
                        "scale": 255
                    },
                    {
                        "name": "addresstaxidmisc2",
                        "type": "nvarchar",
                        "precision": 255,
                        "scale": 255
                    },
                    {
                        "name": "addresstaxidmisc3",
                        "type": "nvarchar",
                        "precision": 255,
                        "scale": 255
                    },
                    {
                        "name": "addresstaxdeclaration",
                        "type": "int",
                        "precision": 10,
                        "scale": 255
                    },
                    {
                        "name": "addresslogickeystring",
                        "type": "nvarchar",
                        "precision": 255,
                        "scale": 255
                    },
                    {
                        "name": "customshort0",
                        "type": "nvarchar",
                        "precision": 255,
                        "scale": 255
                    },
                    {
                        "name": "customshort1",
                        "type": "nvarchar",
                        "precision": 255,
                        "scale": 255
                    },
                    {
                        "name": "customshort2",
                        "type": "nvarchar",
                        "precision": 255,
                        "scale": 255
                    },
                    {
                        "name": "customshort3",
                        "type": "nvarchar",
                        "precision": 255,
                        "scale": 255
                    },
                    {
                        "name": "customshort4",
                        "type": "nvarchar",
                        "precision": 255,
                        "scale": 255
                    },
                    {
                        "name": "customshort5",
                        "type": "nvarchar",
                        "precision": 255,
                        "scale": 255
                    },
                    {
                        "name": "customshort6",
                        "type": "nvarchar",
                        "precision": 255,
                        "scale": 255
                    },
                    {
                        "name": "customshort7",
                        "type": "nvarchar",
                        "precision": 255,
                        "scale": 255
                    },
                    {
                        "name": "customshort8",
                        "type": "nvarchar",
                        "precision": 255,
                        "scale": 255
                    },
                    {
                        "name": "customshort9",
                        "type": "nvarchar",
                        "precision": 255,
                        "scale": 255
                    },
                    {
                        "name": "customcombo0",
                        "type": "nvarchar",
                        "precision": 255,
                        "scale": 255
                    },
                    {
                        "name": "customcombo1",
                        "type": "nvarchar",
                        "precision": 255,
                        "scale": 255
                    },
                    {
                        "name": "customcombo2",
                        "type": "nvarchar",
                        "precision": 255,
                        "scale": 255
                    },
                    {
                        "name": "customcombo3",
                        "type": "nvarchar",
                        "precision": 255,
                        "scale": 255
                    },
                    {
                        "name": "customcombo4",
                        "type": "nvarchar",
                        "precision": 255,
                        "scale": 255
                    },
                    {
                        "name": "customcombo5",
                        "type": "nvarchar",
                        "precision": 255,
                        "scale": 255
                    },
                    {
                        "name": "customcombo6",
                        "type": "nvarchar",
                        "precision": 255,
                        "scale": 255
                    },
                    {
                        "name": "customcombo7",
                        "type": "nvarchar",
                        "precision": 255,
                        "scale": 255
                    },
                    {
                        "name": "customcombo8",
                        "type": "nvarchar",
                        "precision": 255,
                        "scale": 255
                    },
                    {
                        "name": "customcombo9",
                        "type": "nvarchar",
                        "precision": 255,
                        "scale": 255
                    },
                    {
                        "name": "customlong0",
                        "type": "nvarchar",
                        "precision": 255,
                        "scale": 255
                    },
                    {
                        "name": "customlong1",
                        "type": "nvarchar",
                        "precision": 255,
                        "scale": 255
                    },
                    {
                        "name": "customnote",
                        "type": "nvarchar",
                        "precision": 255,
                        "scale": 255
                    },
                    {
                        "name": "customdate0",
                        "type": "datetime",
                        "precision": 23,
                        "scale": 3
                    },
                    {
                        "name": "customdate1",
                        "type": "datetime",
                        "precision": 23,
                        "scale": 3
                    },
                    {
                        "name": "customdate2",
                        "type": "datetime",
                        "precision": 23,
                        "scale": 3
                    },
                    {
                        "name": "customdate3",
                        "type": "datetime",
                        "precision": 23,
                        "scale": 3
                    },
                    {
                        "name": "customdate4",
                        "type": "datetime",
                        "precision": 23,
                        "scale": 3
                    },
                    {
                        "name": "custominteger0",
                        "type": "int",
                        "precision": 10,
                        "scale": 255
                    },
                    {
                        "name": "custominteger1",
                        "type": "int",
                        "precision": 10,
                        "scale": 255
                    },
                    {
                        "name": "custominteger2",
                        "type": "int",
                        "precision": 10,
                        "scale": 255
                    },
                    {
                        "name": "custominteger3",
                        "type": "int",
                        "precision": 10,
                        "scale": 255
                    },
                    {
                        "name": "custominteger4",
                        "type": "int",
                        "precision": 10,
                        "scale": 255
                    },
                    {
                        "name": "customdecimal0",
                        "type": "decimal",
                        "precision": 38,
                        "scale": 10
                    },
                    {
                        "name": "customdecimal1",
                        "type": "decimal",
                        "precision": 38,
                        "scale": 10
                    },
                    {
                        "name": "customdecimal2",
                        "type": "decimal",
                        "precision": 38,
                        "scale": 10
                    },
                    {
                        "name": "customdecimal3",
                        "type": "decimal",
                        "precision": 38,
                        "scale": 10
                    },
                    {
                        "name": "customdecimal4",
                        "type": "decimal",
                        "precision": 38,
                        "scale": 10
                    },
                    {
                        "name": "lastmodifieddate",
                        "type": "datetime",
                        "precision": 23,
                        "scale": 3
                    },
                    {
                        "name": "lastmodifiedtime",
                        "type": "int",
                        "precision": 10,
                        "scale": 255
                    },
                    {
                        "name": "lastmodifieduser",
                        "type": "nvarchar",
                        "precision": 255,
                        "scale": 255
                    },
                    {
                        "name": "qadc01",
                        "type": "nvarchar",
                        "precision": 255,
                        "scale": 255
                    },
                    {
                        "name": "qadc02",
                        "type": "nvarchar",
                        "precision": 255,
                        "scale": 255
                    },
                    {
                        "name": "qadt01",
                        "type": "datetime",
                        "precision": 23,
                        "scale": 3
                    },
                    {
                        "name": "qadd01",
                        "type": "decimal",
                        "precision": 38,
                        "scale": 10
                    },
                    {
                        "name": "addresscitycode",
                        "type": "nvarchar",
                        "precision": 255,
                        "scale": 255
                    },
                    {
                        "name": "addressexternalvalidationcode",
                        "type": "nvarchar",
                        "precision": 255,
                        "scale": 255
                    },
                    {
                        "name": "customshort10",
                        "type": "nvarchar",
                        "precision": 255,
                        "scale": 255
                    },
                    {
                        "name": "customshort11",
                        "type": "nvarchar",
                        "precision": 255,
                        "scale": 255
                    },
                    {
                        "name": "customshort12",
                        "type": "nvarchar",
                        "precision": 255,
                        "scale": 255
                    },
                    {
                        "name": "customshort13",
                        "type": "nvarchar",
                        "precision": 255,
                        "scale": 255
                    },
                    {
                        "name": "customshort14",
                        "type": "nvarchar",
                        "precision": 255,
                        "scale": 255
                    },
                    {
                        "name": "customshort15",
                        "type": "nvarchar",
                        "precision": 255,
                        "scale": 255
                    },
                    {
                        "name": "customshort16",
                        "type": "nvarchar",
                        "precision": 255,
                        "scale": 255
                    },
                    {
                        "name": "customshort17",
                        "type": "nvarchar",
                        "precision": 255,
                        "scale": 255
                    },
                    {
                        "name": "customshort18",
                        "type": "nvarchar",
                        "precision": 255,
                        "scale": 255
                    },
                    {
                        "name": "customshort19",
                        "type": "nvarchar",
                        "precision": 255,
                        "scale": 255
                    },
                    {
                        "name": "customcombo10",
                        "type": "nvarchar",
                        "precision": 255,
                        "scale": 255
                    },
                    {
                        "name": "customcombo11",
                        "type": "nvarchar",
                        "precision": 255,
                        "scale": 255
                    },
                    {
                        "name": "customcombo12",
                        "type": "nvarchar",
                        "precision": 255,
                        "scale": 255
                    },
                    {
                        "name": "customcombo13",
                        "type": "nvarchar",
                        "precision": 255,
                        "scale": 255
                    },
                    {
                        "name": "customcombo14",
                        "type": "nvarchar",
                        "precision": 255,
                        "scale": 255
                    },
                    {
                        "name": "Pro2SrcPDB",
                        "type": "nvarchar",
                        "precision": 255,
                        "scale": 255
                    },
                    {
                        "name": "pro2created",
                        "type": "datetime",
                        "precision": 23,
                        "scale": 3
                    },
                    {
                        "name": "pro2modified",
                        "type": "datetime",
                        "precision": 23,
                        "scale": 3
                    }
                ],
                "typeProperties": {
                    "tableName": "[[dbo].[address]"
                }
            },
            "dependsOn": []
        },
        {
            "name": "[concat(parameters('factoryName'), '/in_ds_db_pro2qad_code_mstr')]",
            "type": "Microsoft.DataFactory/factories/datasets",
            "apiVersion": "2018-06-01",
            "properties": {
                "linkedServiceName": {
                    "referenceName": "qadpro2_eu_prod",
                    "type": "LinkedServiceReference"
                },
                "folder": {
                    "name": "QAD"
                },
                "annotations": [],
                "type": "AzureSqlTable",
                "schema": [
                    {
                        "name": "prrowid",
                        "type": "varchar"
                    },
                    {
                        "name": "code_fldname",
                        "type": "nvarchar"
                    },
                    {
                        "name": "code_value",
                        "type": "nvarchar"
                    },
                    {
                        "name": "code_cmmt",
                        "type": "nvarchar"
                    },
                    {
                        "name": "code_user1",
                        "type": "nvarchar"
                    },
                    {
                        "name": "code_user2",
                        "type": "nvarchar"
                    },
                    {
                        "name": "code_desc",
                        "type": "nvarchar"
                    },
                    {
                        "name": "code__qadc01",
                        "type": "nvarchar"
                    },
                    {
                        "name": "code_domain",
                        "type": "nvarchar"
                    },
                    {
                        "name": "oid_code_mstr",
                        "type": "decimal",
                        "precision": 38,
                        "scale": 10
                    },
                    {
                        "name": "code_group",
                        "type": "nvarchar"
                    },
                    {
                        "name": "Pro2SrcPDB",
                        "type": "nvarchar"
                    },
                    {
                        "name": "pro2created",
                        "type": "datetime",
                        "precision": 23,
                        "scale": 3
                    },
                    {
                        "name": "pro2modified",
                        "type": "datetime",
                        "precision": 23,
                        "scale": 3
                    }
                ],
                "typeProperties": {
                    "tableName": "[[dbo].[code_mstr]"
                }
            },
            "dependsOn": []
        },
        {
            "name": "[concat(parameters('factoryName'), '/in_ds_db_pro2qad_currency')]",
            "type": "Microsoft.DataFactory/factories/datasets",
            "apiVersion": "2018-06-01",
            "properties": {
                "linkedServiceName": {
                    "referenceName": "qadpro2_eu_prod",
                    "type": "LinkedServiceReference"
                },
                "folder": {
                    "name": "QAD"
                },
                "annotations": [],
                "type": "AzureSqlTable",
                "schema": [
                    {
                        "name": "prrowid",
                        "type": "varchar"
                    },
                    {
                        "name": "code_fldname",
                        "type": "nvarchar"
                    },
                    {
                        "name": "code_value",
                        "type": "nvarchar"
                    },
                    {
                        "name": "code_cmmt",
                        "type": "nvarchar"
                    },
                    {
                        "name": "code_user1",
                        "type": "nvarchar"
                    },
                    {
                        "name": "code_user2",
                        "type": "nvarchar"
                    },
                    {
                        "name": "code_desc",
                        "type": "nvarchar"
                    },
                    {
                        "name": "code__qadc01",
                        "type": "nvarchar"
                    },
                    {
                        "name": "code_domain",
                        "type": "nvarchar"
                    },
                    {
                        "name": "oid_code_mstr",
                        "type": "decimal",
                        "precision": 38,
                        "scale": 10
                    },
                    {
                        "name": "code_group",
                        "type": "nvarchar"
                    },
                    {
                        "name": "Pro2SrcPDB",
                        "type": "nvarchar"
                    },
                    {
                        "name": "pro2created",
                        "type": "datetime",
                        "precision": 23,
                        "scale": 3
                    },
                    {
                        "name": "pro2modified",
                        "type": "datetime",
                        "precision": 23,
                        "scale": 3
                    }
                ],
                "typeProperties": {
                    "tableName": "[[dbo].[currency]"
                }
            },
            "dependsOn": []
        },
        {
            "name": "[concat(parameters('factoryName'), '/in_ds_db_pro2qad_domainproperty')]",
            "type": "Microsoft.DataFactory/factories/datasets",
            "apiVersion": "2018-06-01",
            "properties": {
                "linkedServiceName": {
                    "referenceName": "qadpro2_eu_prod",
                    "type": "LinkedServiceReference"
                },
                "folder": {
                    "name": "QAD"
                },
                "annotations": [],
                "type": "AzureSqlTable",
                "schema": [
                    {
                        "name": "prrowid",
                        "type": "varchar"
                    },
                    {
                        "name": "code_fldname",
                        "type": "nvarchar"
                    },
                    {
                        "name": "code_value",
                        "type": "nvarchar"
                    },
                    {
                        "name": "code_cmmt",
                        "type": "nvarchar"
                    },
                    {
                        "name": "code_user1",
                        "type": "nvarchar"
                    },
                    {
                        "name": "code_user2",
                        "type": "nvarchar"
                    },
                    {
                        "name": "code_desc",
                        "type": "nvarchar"
                    },
                    {
                        "name": "code__qadc01",
                        "type": "nvarchar"
                    },
                    {
                        "name": "code_domain",
                        "type": "nvarchar"
                    },
                    {
                        "name": "oid_code_mstr",
                        "type": "decimal",
                        "precision": 38,
                        "scale": 10
                    },
                    {
                        "name": "code_group",
                        "type": "nvarchar"
                    },
                    {
                        "name": "Pro2SrcPDB",
                        "type": "nvarchar"
                    },
                    {
                        "name": "pro2created",
                        "type": "datetime",
                        "precision": 23,
                        "scale": 3
                    },
                    {
                        "name": "pro2modified",
                        "type": "datetime",
                        "precision": 23,
                        "scale": 3
                    }
                ],
                "typeProperties": {
                    "tableName": "[[dbo].[domainproperty]"
                }
            },
            "dependsOn": []
        },
        {
            "name": "[concat(parameters('factoryName'), '/in_ds_db_pro2qad_domains')]",
            "type": "Microsoft.DataFactory/factories/datasets",
            "apiVersion": "2018-06-01",
            "properties": {
                "linkedServiceName": {
                    "referenceName": "qadpro2_eu_prod",
                    "type": "LinkedServiceReference"
                },
                "folder": {
                    "name": "QAD"
                },
                "annotations": [],
                "type": "AzureSqlTable",
                "schema": [
                    {
                        "name": "prrowid",
                        "type": "varchar"
                    },
                    {
                        "name": "code_fldname",
                        "type": "nvarchar"
                    },
                    {
                        "name": "code_value",
                        "type": "nvarchar"
                    },
                    {
                        "name": "code_cmmt",
                        "type": "nvarchar"
                    },
                    {
                        "name": "code_user1",
                        "type": "nvarchar"
                    },
                    {
                        "name": "code_user2",
                        "type": "nvarchar"
                    },
                    {
                        "name": "code_desc",
                        "type": "nvarchar"
                    },
                    {
                        "name": "code__qadc01",
                        "type": "nvarchar"
                    },
                    {
                        "name": "code_domain",
                        "type": "nvarchar"
                    },
                    {
                        "name": "oid_code_mstr",
                        "type": "decimal",
                        "precision": 38,
                        "scale": 10
                    },
                    {
                        "name": "code_group",
                        "type": "nvarchar"
                    },
                    {
                        "name": "Pro2SrcPDB",
                        "type": "nvarchar"
                    },
                    {
                        "name": "pro2created",
                        "type": "datetime",
                        "precision": 23,
                        "scale": 3
                    },
                    {
                        "name": "pro2modified",
                        "type": "datetime",
                        "precision": 23,
                        "scale": 3
                    }
                ],
                "typeProperties": {
                    "tableName": "[[dbo].[domains]"
                }
            },
            "dependsOn": []
        },
        {
            "name": "[concat(parameters('factoryName'), '/in_ds_db_pro2qad_dsd_det')]",
            "type": "Microsoft.DataFactory/factories/datasets",
            "apiVersion": "2018-06-01",
            "properties": {
                "linkedServiceName": {
                    "referenceName": "qadpro2_eu_prod",
                    "type": "LinkedServiceReference"
                },
                "folder": {
                    "name": "QAD"
                },
                "annotations": [],
                "type": "AzureSqlTable",
                "schema": [
                    {
                        "name": "prrowid",
                        "type": "varchar"
                    },
                    {
                        "name": "code_fldname",
                        "type": "nvarchar"
                    },
                    {
                        "name": "code_value",
                        "type": "nvarchar"
                    },
                    {
                        "name": "code_cmmt",
                        "type": "nvarchar"
                    },
                    {
                        "name": "code_user1",
                        "type": "nvarchar"
                    },
                    {
                        "name": "code_user2",
                        "type": "nvarchar"
                    },
                    {
                        "name": "code_desc",
                        "type": "nvarchar"
                    },
                    {
                        "name": "code__qadc01",
                        "type": "nvarchar"
                    },
                    {
                        "name": "code_domain",
                        "type": "nvarchar"
                    },
                    {
                        "name": "oid_code_mstr",
                        "type": "decimal",
                        "precision": 38,
                        "scale": 10
                    },
                    {
                        "name": "code_group",
                        "type": "nvarchar"
                    },
                    {
                        "name": "Pro2SrcPDB",
                        "type": "nvarchar"
                    },
                    {
                        "name": "pro2created",
                        "type": "datetime",
                        "precision": 23,
                        "scale": 3
                    },
                    {
                        "name": "pro2modified",
                        "type": "datetime",
                        "precision": 23,
                        "scale": 3
                    }
                ],
                "typeProperties": {
                    "tableName": "[[dbo].[dsd_det]"
                }
            },
            "dependsOn": []
        },
        {
            "name": "[concat(parameters('factoryName'), '/in_ds_db_pro2qad_dsr_mstr')]",
            "type": "Microsoft.DataFactory/factories/datasets",
            "apiVersion": "2018-06-01",
            "properties": {
                "linkedServiceName": {
                    "referenceName": "qadpro2_eu_prod",
                    "type": "LinkedServiceReference"
                },
                "folder": {
                    "name": "QAD"
                },
                "annotations": [],
                "type": "AzureSqlTable",
                "schema": [
                    {
                        "name": "prrowid",
                        "type": "varchar"
                    },
                    {
                        "name": "code_fldname",
                        "type": "nvarchar"
                    },
                    {
                        "name": "code_value",
                        "type": "nvarchar"
                    },
                    {
                        "name": "code_cmmt",
                        "type": "nvarchar"
                    },
                    {
                        "name": "code_user1",
                        "type": "nvarchar"
                    },
                    {
                        "name": "code_user2",
                        "type": "nvarchar"
                    },
                    {
                        "name": "code_desc",
                        "type": "nvarchar"
                    },
                    {
                        "name": "code__qadc01",
                        "type": "nvarchar"
                    },
                    {
                        "name": "code_domain",
                        "type": "nvarchar"
                    },
                    {
                        "name": "oid_code_mstr",
                        "type": "decimal",
                        "precision": 38,
                        "scale": 10
                    },
                    {
                        "name": "code_group",
                        "type": "nvarchar"
                    },
                    {
                        "name": "Pro2SrcPDB",
                        "type": "nvarchar"
                    },
                    {
                        "name": "pro2created",
                        "type": "datetime",
                        "precision": 23,
                        "scale": 3
                    },
                    {
                        "name": "pro2modified",
                        "type": "datetime",
                        "precision": 23,
                        "scale": 3
                    }
                ],
                "typeProperties": {
                    "tableName": "[[dbo].[dsr_mstr]"
                }
            },
            "dependsOn": []
        }
    ]
}