{
    "$schema": "http://schema.management.azure.com/schemas/2015-01-01/deploymentTemplate.json#",
    "contentVersion": "1.0.0.0",
    "parameters": {
        "factoryName": {
            "type": "string",
            "metadata": "Data Factory Name",
            "defaultValue": "ba-dev-adf"
        },
        "in_ds_qcpr_blob_Instructor_LifetimeData_properties_typeProperties_fileName": {
            "type": "string",
            "defaultValue": "*"
        },
        "in_ds_qcpr_blob_Instructor_LifetimeData_properties_typeProperties_folderPath": {
            "type": "string",
            "defaultValue": "@concat('adlsdev/Governed Data/Sources/LMAS/QCPR/QCPR_IOS_INSTRUCT/LifetimeData/',formatDateTime(addhours(utcnow(),-2), 'yyyy/MM/dd/HH'))"
        },
        "in_ds_qcpr_blob_Instructor_Session_Collection_View_properties_typeProperties_fileName": {
            "type": "string",
            "defaultValue": "*"
        },
        "in_ds_qcpr_blob_Instructor_Session_Collection_View_properties_typeProperties_folderPath": {
            "type": "string",
            "defaultValue": "@concat('adlsdev/Governed Data/Sources/LMAS/QCPR/QCPR_IOS_INSTRUCT/Page - Session collection view/',formatDateTime(addhours(utcnow(),-1), 'yyyy/MM/dd/HH'))"
        },
        "in_ds_qcpr_blob_Instructor_device_connected_properties_typeProperties_fileName": {
            "type": "string",
            "defaultValue": "*"
        },
        "in_ds_qcpr_blob_Instructor_device_connected_properties_typeProperties_folderPath": {
            "type": "string",
            "defaultValue": "@concat('adlsdev/Governed Data/Sources/LMAS/QCPR/QCPR_IOS_INSTRUCT/Instructor device connected/',formatDateTime(addhours(utcnow(),-1), 'yyyy/MM/dd/HH'))"
        },
        "in_ds_qcpr_blob_Instructor_score_compressions_properties_typeProperties_fileName": {
            "type": "string",
            "defaultValue": "*"
        },
        "in_ds_qcpr_blob_Instructor_score_compressions_properties_typeProperties_folderPath": {
            "type": "string",
            "defaultValue": "@concat('adlsdev/Governed Data/Sources/LMAS/QCPR/QCPR_IOS_INSTRUCT/Page - Instructor score compressions/',formatDateTime(addhours(utcnow(),-1), 'yyyy/MM/dd/HH'))"
        },
        "in_ds_qcpr_blob_Instructor_score_various_properties_typeProperties_fileName": {
            "type": "string",
            "defaultValue": "*"
        },
        "in_ds_qcpr_blob_Instructor_score_various_properties_typeProperties_folderPath": {
            "type": "string",
            "defaultValue": "@concat('adlsdev/Governed Data/Sources/LMAS/QCPR/QCPR_IOS_INSTRUCT/Page - Instructor score various/',formatDateTime(addhours(utcnow(),-1), 'yyyy/MM/dd/HH'))"
        },
        "in_ds_qcpr_blob_Instructor_score_ventilations_properties_typeProperties_fileName": {
            "type": "string",
            "defaultValue": "*"
        },
        "in_ds_qcpr_blob_Instructor_score_ventilations_properties_typeProperties_folderPath": {
            "type": "string",
            "defaultValue": "@concat('adlsdev/Governed Data/Sources/LMAS/QCPR/QCPR_IOS_INSTRUCT/Page - Instructor score ventilations/',formatDateTime(addhours(utcnow(),-1), 'yyyy/MM/dd/HH'))"
        }
    },
    "variables": {
        "factoryId": "[concat('Microsoft.DataFactory/factories/', parameters('factoryName'))]"
    },
    "resources": [
        {
            "name": "[concat(parameters('factoryName'), '/in_ds_db_pro2qad_exchangerate')]",
            "type": "Microsoft.DataFactory/factories/datasets",
            "apiVersion": "2018-06-01",
            "properties": {
                "linkedServiceName": {
                    "referenceName": "qadpro2_eu_prod",
                    "type": "LinkedServiceReference"
                },
                "folder": {
                    "name": "QAD"
                },
                "annotations": [],
                "type": "AzureSqlTable",
                "schema": [
                    {
                        "name": "prrowid",
                        "type": "varchar"
                    },
                    {
                        "name": "code_fldname",
                        "type": "nvarchar"
                    },
                    {
                        "name": "code_value",
                        "type": "nvarchar"
                    },
                    {
                        "name": "code_cmmt",
                        "type": "nvarchar"
                    },
                    {
                        "name": "code_user1",
                        "type": "nvarchar"
                    },
                    {
                        "name": "code_user2",
                        "type": "nvarchar"
                    },
                    {
                        "name": "code_desc",
                        "type": "nvarchar"
                    },
                    {
                        "name": "code__qadc01",
                        "type": "nvarchar"
                    },
                    {
                        "name": "code_domain",
                        "type": "nvarchar"
                    },
                    {
                        "name": "oid_code_mstr",
                        "type": "decimal",
                        "precision": 38,
                        "scale": 10
                    },
                    {
                        "name": "code_group",
                        "type": "nvarchar"
                    },
                    {
                        "name": "Pro2SrcPDB",
                        "type": "nvarchar"
                    },
                    {
                        "name": "pro2created",
                        "type": "datetime",
                        "precision": 23,
                        "scale": 3
                    },
                    {
                        "name": "pro2modified",
                        "type": "datetime",
                        "precision": 23,
                        "scale": 3
                    }
                ],
                "typeProperties": {
                    "tableName": "[[dbo].[exchangerate]"
                }
            },
            "dependsOn": []
        },
        {
            "name": "[concat(parameters('factoryName'), '/in_ds_db_pro2qad_po_mstr')]",
            "type": "Microsoft.DataFactory/factories/datasets",
            "apiVersion": "2018-06-01",
            "properties": {
                "linkedServiceName": {
                    "referenceName": "qadpro2_eu_prod",
                    "type": "LinkedServiceReference"
                },
                "folder": {
                    "name": "QAD"
                },
                "annotations": [],
                "type": "AzureSqlTable",
                "schema": [],
                "typeProperties": {
                    "tableName": "[[dbo].[po_mstr]"
                }
            },
            "dependsOn": []
        },
        {
            "name": "[concat(parameters('factoryName'), '/in_ds_db_pro2qad_pod_det')]",
            "type": "Microsoft.DataFactory/factories/datasets",
            "apiVersion": "2018-06-01",
            "properties": {
                "linkedServiceName": {
                    "referenceName": "qadpro2_eu_prod",
                    "type": "LinkedServiceReference"
                },
                "folder": {
                    "name": "QAD"
                },
                "annotations": [],
                "type": "AzureSqlTable",
                "schema": [
                    {
                        "name": "prrowid",
                        "type": "varchar"
                    },
                    {
                        "name": "code_fldname",
                        "type": "nvarchar"
                    },
                    {
                        "name": "code_value",
                        "type": "nvarchar"
                    },
                    {
                        "name": "code_cmmt",
                        "type": "nvarchar"
                    },
                    {
                        "name": "code_user1",
                        "type": "nvarchar"
                    },
                    {
                        "name": "code_user2",
                        "type": "nvarchar"
                    },
                    {
                        "name": "code_desc",
                        "type": "nvarchar"
                    },
                    {
                        "name": "code__qadc01",
                        "type": "nvarchar"
                    },
                    {
                        "name": "code_domain",
                        "type": "nvarchar"
                    },
                    {
                        "name": "oid_code_mstr",
                        "type": "decimal",
                        "precision": 38,
                        "scale": 10
                    },
                    {
                        "name": "code_group",
                        "type": "nvarchar"
                    },
                    {
                        "name": "Pro2SrcPDB",
                        "type": "nvarchar"
                    },
                    {
                        "name": "pro2created",
                        "type": "datetime",
                        "precision": 23,
                        "scale": 3
                    },
                    {
                        "name": "pro2modified",
                        "type": "datetime",
                        "precision": 23,
                        "scale": 3
                    }
                ],
                "typeProperties": {
                    "tableName": "[[dbo].[pod_det]"
                }
            },
            "dependsOn": []
        },
        {
            "name": "[concat(parameters('factoryName'), '/in_ds_db_pro2qad_prh_hist')]",
            "type": "Microsoft.DataFactory/factories/datasets",
            "apiVersion": "2018-06-01",
            "properties": {
                "linkedServiceName": {
                    "referenceName": "qadpro2_eu_prod",
                    "type": "LinkedServiceReference"
                },
                "folder": {
                    "name": "QAD"
                },
                "annotations": [],
                "type": "AzureSqlTable",
                "schema": [
                    {
                        "name": "prrowid",
                        "type": "varchar"
                    },
                    {
                        "name": "code_fldname",
                        "type": "nvarchar"
                    },
                    {
                        "name": "code_value",
                        "type": "nvarchar"
                    },
                    {
                        "name": "code_cmmt",
                        "type": "nvarchar"
                    },
                    {
                        "name": "code_user1",
                        "type": "nvarchar"
                    },
                    {
                        "name": "code_user2",
                        "type": "nvarchar"
                    },
                    {
                        "name": "code_desc",
                        "type": "nvarchar"
                    },
                    {
                        "name": "code__qadc01",
                        "type": "nvarchar"
                    },
                    {
                        "name": "code_domain",
                        "type": "nvarchar"
                    },
                    {
                        "name": "oid_code_mstr",
                        "type": "decimal",
                        "precision": 38,
                        "scale": 10
                    },
                    {
                        "name": "code_group",
                        "type": "nvarchar"
                    },
                    {
                        "name": "Pro2SrcPDB",
                        "type": "nvarchar"
                    },
                    {
                        "name": "pro2created",
                        "type": "datetime",
                        "precision": 23,
                        "scale": 3
                    },
                    {
                        "name": "pro2modified",
                        "type": "datetime",
                        "precision": 23,
                        "scale": 3
                    }
                ],
                "typeProperties": {
                    "tableName": "[[dbo].[prh_hist]"
                }
            },
            "dependsOn": []
        },
        {
            "name": "[concat(parameters('factoryName'), '/in_ds_db_pro2qad_ptp_det')]",
            "type": "Microsoft.DataFactory/factories/datasets",
            "apiVersion": "2018-06-01",
            "properties": {
                "linkedServiceName": {
                    "referenceName": "qadpro2_eu_prod",
                    "type": "LinkedServiceReference"
                },
                "folder": {
                    "name": "QAD"
                },
                "annotations": [],
                "type": "AzureSqlTable",
                "schema": [
                    {
                        "name": "prrowid",
                        "type": "varchar"
                    },
                    {
                        "name": "ptp_part",
                        "type": "nvarchar"
                    },
                    {
                        "name": "ptp_site",
                        "type": "nvarchar"
                    },
                    {
                        "name": "ptp_batch",
                        "type": "decimal",
                        "precision": 38,
                        "scale": 10
                    },
                    {
                        "name": "ptp_bom_code",
                        "type": "nvarchar"
                    },
                    {
                        "name": "ptp__qad01",
                        "type": "datetime",
                        "precision": 23,
                        "scale": 3
                    },
                    {
                        "name": "ptp_buyer",
                        "type": "nvarchar"
                    },
                    {
                        "name": "ptp_cum_lead",
                        "type": "int",
                        "precision": 10
                    },
                    {
                        "name": "ptp__qad02",
                        "type": "decimal",
                        "precision": 38,
                        "scale": 10
                    },
                    {
                        "name": "ptp_ins_lead",
                        "type": "int",
                        "precision": 10
                    },
                    {
                        "name": "ptp_ins_rqd",
                        "type": "bit"
                    },
                    {
                        "name": "ptp_iss_pol",
                        "type": "bit"
                    },
                    {
                        "name": "ptp_mfg_lead",
                        "type": "decimal",
                        "precision": 38,
                        "scale": 10
                    },
                    {
                        "name": "ptp_ms",
                        "type": "bit"
                    },
                    {
                        "name": "ptp_ord_max",
                        "type": "decimal",
                        "precision": 38,
                        "scale": 10
                    },
                    {
                        "name": "ptp_ord_min",
                        "type": "decimal",
                        "precision": 38,
                        "scale": 10
                    },
                    {
                        "name": "ptp_ord_mult",
                        "type": "decimal",
                        "precision": 38,
                        "scale": 10
                    },
                    {
                        "name": "ptp_ord_per",
                        "type": "int",
                        "precision": 10
                    },
                    {
                        "name": "ptp_ord_pol",
                        "type": "nvarchar"
                    },
                    {
                        "name": "ptp_ord_qty",
                        "type": "decimal",
                        "precision": 38,
                        "scale": 10
                    },
                    {
                        "name": "ptp_phantom",
                        "type": "bit"
                    },
                    {
                        "name": "ptp_plan_ord",
                        "type": "bit"
                    },
                    {
                        "name": "ptp_pm_code",
                        "type": "nvarchar"
                    },
                    {
                        "name": "ptp_pur_lead",
                        "type": "int",
                        "precision": 10
                    },
                    {
                        "name": "ptp_rev",
                        "type": "nvarchar"
                    },
                    {
                        "name": "ptp_rop",
                        "type": "decimal",
                        "precision": 38,
                        "scale": 10
                    },
                    {
                        "name": "ptp_routing",
                        "type": "nvarchar"
                    },
                    {
                        "name": "ptp_run",
                        "type": "decimal",
                        "precision": 38,
                        "scale": 10
                    },
                    {
                        "name": "ptp_run_ll",
                        "type": "decimal",
                        "precision": 38,
                        "scale": 10
                    },
                    {
                        "name": "ptp_setup",
                        "type": "decimal",
                        "precision": 38,
                        "scale": 10
                    },
                    {
                        "name": "ptp_setup_ll",
                        "type": "decimal",
                        "precision": 38,
                        "scale": 10
                    },
                    {
                        "name": "ptp_sfty_stk",
                        "type": "decimal",
                        "precision": 38,
                        "scale": 10
                    },
                    {
                        "name": "ptp_sfty_tme",
                        "type": "decimal",
                        "precision": 38,
                        "scale": 10
                    },
                    {
                        "name": "ptp_timefnce",
                        "type": "int",
                        "precision": 10
                    },
                    {
                        "name": "ptp_user1",
                        "type": "nvarchar"
                    },
                    {
                        "name": "ptp_user2",
                        "type": "nvarchar"
                    },
                    {
                        "name": "ptp_vend",
                        "type": "nvarchar"
                    },
                    {
                        "name": "ptp_yld_pct",
                        "type": "decimal",
                        "precision": 38,
                        "scale": 10
                    },
                    {
                        "name": "ptp_assay",
                        "type": "decimal",
                        "precision": 38,
                        "scale": 10
                    },
                    {
                        "name": "ptp_grade",
                        "type": "nvarchar"
                    },
                    {
                        "name": "ptp_ll_bom",
                        "type": "int",
                        "precision": 10
                    },
                    {
                        "name": "ptp_eco_pend",
                        "type": "bit"
                    },
                    {
                        "name": "ptp_rollup",
                        "type": "bit"
                    },
                    {
                        "name": "ptp_added",
                        "type": "datetime",
                        "precision": 23,
                        "scale": 3
                    },
                    {
                        "name": "ptp_draw",
                        "type": "nvarchar"
                    },
                    {
                        "name": "ptp_trantype",
                        "type": "nvarchar"
                    },
                    {
                        "name": "ptp__chr01",
                        "type": "nvarchar"
                    },
                    {
                        "name": "ptp__chr02",
                        "type": "nvarchar"
                    },
                    {
                        "name": "ptp__chr03",
                        "type": "nvarchar"
                    },
                    {
                        "name": "ptp__chr04",
                        "type": "nvarchar"
                    },
                    {
                        "name": "ptp__chr05",
                        "type": "nvarchar"
                    },
                    {
                        "name": "ptp__chr06",
                        "type": "nvarchar"
                    },
                    {
                        "name": "ptp__chr07",
                        "type": "nvarchar"
                    },
                    {
                        "name": "ptp__chr08",
                        "type": "nvarchar"
                    },
                    {
                        "name": "ptp__chr09",
                        "type": "nvarchar"
                    },
                    {
                        "name": "ptp__chr10",
                        "type": "nvarchar"
                    },
                    {
                        "name": "ptp__dte01",
                        "type": "datetime",
                        "precision": 23,
                        "scale": 3
                    },
                    {
                        "name": "ptp__dte02",
                        "type": "datetime",
                        "precision": 23,
                        "scale": 3
                    },
                    {
                        "name": "ptp__dec01",
                        "type": "decimal",
                        "precision": 38,
                        "scale": 10
                    },
                    {
                        "name": "ptp__dec02",
                        "type": "decimal",
                        "precision": 38,
                        "scale": 10
                    },
                    {
                        "name": "ptp__log01",
                        "type": "bit"
                    },
                    {
                        "name": "ptp__log02",
                        "type": "bit"
                    },
                    {
                        "name": "ptp_ll_drp",
                        "type": "int",
                        "precision": 10
                    },
                    {
                        "name": "ptp__qad05",
                        "type": "int",
                        "precision": 10
                    },
                    {
                        "name": "ptp_po_site",
                        "type": "nvarchar"
                    },
                    {
                        "name": "ptp__qad04",
                        "type": "int",
                        "precision": 10
                    },
                    {
                        "name": "ptp__qad03",
                        "type": "int",
                        "precision": 10
                    },
                    {
                        "name": "ptp_mod_date",
                        "type": "datetime",
                        "precision": 23,
                        "scale": 3
                    },
                    {
                        "name": "ptp_userid",
                        "type": "nvarchar"
                    },
                    {
                        "name": "ptp_network",
                        "type": "nvarchar"
                    },
                    {
                        "name": "ptp_rollup_id",
                        "type": "nvarchar"
                    },
                    {
                        "name": "ptp_mfg_pct",
                        "type": "decimal",
                        "precision": 38,
                        "scale": 10
                    },
                    {
                        "name": "ptp_pur_pct",
                        "type": "decimal",
                        "precision": 38,
                        "scale": 10
                    },
                    {
                        "name": "ptp_drp_pct",
                        "type": "decimal",
                        "precision": 38,
                        "scale": 10
                    },
                    {
                        "name": "ptp_pou_code",
                        "type": "nvarchar"
                    },
                    {
                        "name": "ptp_wks_avg",
                        "type": "decimal",
                        "precision": 38,
                        "scale": 10
                    },
                    {
                        "name": "ptp_wks_max",
                        "type": "decimal",
                        "precision": 38,
                        "scale": 10
                    },
                    {
                        "name": "ptp_wks_min",
                        "type": "decimal",
                        "precision": 38,
                        "scale": 10
                    },
                    {
                        "name": "ptp_pick_logic",
                        "type": "int",
                        "precision": 10
                    },
                    {
                        "name": "ptp_joint_type",
                        "type": "nvarchar"
                    },
                    {
                        "name": "ptp_btb_type",
                        "type": "nvarchar"
                    },
                    {
                        "name": "ptp_cfg_type",
                        "type": "nvarchar"
                    },
                    {
                        "name": "ptp_op_yield",
                        "type": "bit"
                    },
                    {
                        "name": "ptp_run_seq1",
                        "type": "nvarchar"
                    },
                    {
                        "name": "ptp_run_seq2",
                        "type": "nvarchar"
                    },
                    {
                        "name": "ptp_atp_enforcement",
                        "type": "nvarchar"
                    },
                    {
                        "name": "ptp_atp_family",
                        "type": "bit"
                    },
                    {
                        "name": "ptp_domain",
                        "type": "nvarchar"
                    },
                    {
                        "name": "oid_ptp_det",
                        "type": "decimal",
                        "precision": 38,
                        "scale": 10
                    },
                    {
                        "name": "ptp_insp_loc",
                        "type": "nvarchar"
                    },
                    {
                        "name": "ptp_atp_horizon",
                        "type": "int",
                        "precision": 10
                    },
                    {
                        "name": "ptp_gcfg_type",
                        "type": "nvarchar"
                    },
                    {
                        "name": "ptp_replenishment_mthd",
                        "type": "nvarchar"
                    },
                    {
                        "name": "Pro2SrcPDB",
                        "type": "nvarchar"
                    },
                    {
                        "name": "pro2created",
                        "type": "datetime",
                        "precision": 23,
                        "scale": 3
                    },
                    {
                        "name": "pro2modified",
                        "type": "datetime",
                        "precision": 23,
                        "scale": 3
                    }
                ],
                "typeProperties": {
                    "tableName": "[[dbo].[ptp_det]"
                }
            },
            "dependsOn": []
        },
        {
            "name": "[concat(parameters('factoryName'), '/in_ds_db_pro2qad_sct_det')]",
            "type": "Microsoft.DataFactory/factories/datasets",
            "apiVersion": "2018-06-01",
            "properties": {
                "linkedServiceName": {
                    "referenceName": "qadpro2_eu_prod",
                    "type": "LinkedServiceReference"
                },
                "folder": {
                    "name": "QAD"
                },
                "annotations": [],
                "type": "AzureSqlTable",
                "schema": [
                    {
                        "name": "prrowid",
                        "type": "varchar"
                    },
                    {
                        "name": "code_fldname",
                        "type": "nvarchar"
                    },
                    {
                        "name": "code_value",
                        "type": "nvarchar"
                    },
                    {
                        "name": "code_cmmt",
                        "type": "nvarchar"
                    },
                    {
                        "name": "code_user1",
                        "type": "nvarchar"
                    },
                    {
                        "name": "code_user2",
                        "type": "nvarchar"
                    },
                    {
                        "name": "code_desc",
                        "type": "nvarchar"
                    },
                    {
                        "name": "code__qadc01",
                        "type": "nvarchar"
                    },
                    {
                        "name": "code_domain",
                        "type": "nvarchar"
                    },
                    {
                        "name": "oid_code_mstr",
                        "type": "decimal",
                        "precision": 38,
                        "scale": 10
                    },
                    {
                        "name": "code_group",
                        "type": "nvarchar"
                    },
                    {
                        "name": "Pro2SrcPDB",
                        "type": "nvarchar"
                    },
                    {
                        "name": "pro2created",
                        "type": "datetime",
                        "precision": 23,
                        "scale": 3
                    },
                    {
                        "name": "pro2modified",
                        "type": "datetime",
                        "precision": 23,
                        "scale": 3
                    }
                ],
                "typeProperties": {
                    "tableName": "[[dbo].[sct_det]"
                }
            },
            "dependsOn": []
        },
        {
            "name": "[concat(parameters('factoryName'), '/in_ds_db_pro2qad_si_mstr')]",
            "type": "Microsoft.DataFactory/factories/datasets",
            "apiVersion": "2018-06-01",
            "properties": {
                "linkedServiceName": {
                    "referenceName": "qadpro2_eu_prod",
                    "type": "LinkedServiceReference"
                },
                "folder": {
                    "name": "QAD"
                },
                "annotations": [],
                "type": "AzureSqlTable",
                "schema": [
                    {
                        "name": "prrowid",
                        "type": "varchar"
                    },
                    {
                        "name": "code_fldname",
                        "type": "nvarchar"
                    },
                    {
                        "name": "code_value",
                        "type": "nvarchar"
                    },
                    {
                        "name": "code_cmmt",
                        "type": "nvarchar"
                    },
                    {
                        "name": "code_user1",
                        "type": "nvarchar"
                    },
                    {
                        "name": "code_user2",
                        "type": "nvarchar"
                    },
                    {
                        "name": "code_desc",
                        "type": "nvarchar"
                    },
                    {
                        "name": "code__qadc01",
                        "type": "nvarchar"
                    },
                    {
                        "name": "code_domain",
                        "type": "nvarchar"
                    },
                    {
                        "name": "oid_code_mstr",
                        "type": "decimal",
                        "precision": 38,
                        "scale": 10
                    },
                    {
                        "name": "code_group",
                        "type": "nvarchar"
                    },
                    {
                        "name": "Pro2SrcPDB",
                        "type": "nvarchar"
                    },
                    {
                        "name": "pro2created",
                        "type": "datetime",
                        "precision": 23,
                        "scale": 3
                    },
                    {
                        "name": "pro2modified",
                        "type": "datetime",
                        "precision": 23,
                        "scale": 3
                    }
                ],
                "typeProperties": {
                    "tableName": "[[dbo].[si_mstr]"
                }
            },
            "dependsOn": []
        },
        {
            "name": "[concat(parameters('factoryName'), '/in_ds_db_pro2qad_vd_mstr')]",
            "type": "Microsoft.DataFactory/factories/datasets",
            "apiVersion": "2018-06-01",
            "properties": {
                "linkedServiceName": {
                    "referenceName": "qadpro2_eu_prod",
                    "type": "LinkedServiceReference"
                },
                "folder": {
                    "name": "QAD"
                },
                "annotations": [],
                "type": "AzureSqlTable",
                "schema": [],
                "typeProperties": {
                    "tableName": "[[dbo].[vd_mstr]"
                }
            },
            "dependsOn": []
        },
        {
            "name": "[concat(parameters('factoryName'), '/in_ds_qcpr_blob_Instructor_LifetimeData')]",
            "type": "Microsoft.DataFactory/factories/datasets",
            "apiVersion": "2018-06-01",
            "properties": {
                "linkedServiceName": {
                    "referenceName": "badevadlsg2",
                    "type": "LinkedServiceReference"
                },
                "folder": {
                    "name": "QCPR"
                },
                "annotations": [],
                "type": "AzureBlob",
                "structure": [
                    {
                        "name": "EventId",
                        "type": "String"
                    },
                    {
                        "name": "EventName",
                        "type": "String"
                    },
                    {
                        "name": "SessionId",
                        "type": "String"
                    },
                    {
                        "name": "CompressionsCounter",
                        "type": "String"
                    },
                    {
                        "name": "VentilationsCounter",
                        "type": "String"
                    },
                    {
                        "name": "BatteryChangeCounter",
                        "type": "String"
                    },
                    {
                        "name": "CriticalBatteryLevelCounter",
                        "type": "String"
                    },
                    {
                        "name": "RuntimeBatteriesMinutes",
                        "type": "String"
                    },
                    {
                        "name": "RuntimeAdapterMinutes",
                        "type": "String"
                    },
                    {
                        "name": "PowerOnCounter",
                        "type": "String"
                    },
                    {
                        "name": "Skillguide.RuntimeMinutes",
                        "type": "String"
                    },
                    {
                        "name": "Skillguide.ButtonPressCounter",
                        "type": "String"
                    },
                    {
                        "name": "CurrentRawRestingValue-1",
                        "type": "String"
                    },
                    {
                        "name": "CurrentRawRestingValue-8",
                        "type": "String"
                    },
                    {
                        "name": "EventProcessedUtcTime",
                        "type": "String"
                    },
                    {
                        "name": "PartitionId",
                        "type": "String"
                    },
                    {
                        "name": "EventEnqueuedUtcTime",
                        "type": "String"
                    }
                ],
                "typeProperties": {
                    "format": {
                        "type": "TextFormat",
                        "columnDelimiter": "|",
                        "rowDelimiter": "",
                        "quoteChar": "\"",
                        "nullValue": "\\N",
                        "encodingName": null,
                        "treatEmptyAsNull": true,
                        "skipLineCount": 0,
                        "firstRowAsHeader": true
                    },
                    "fileName": "[parameters('in_ds_qcpr_blob_Instructor_LifetimeData_properties_typeProperties_fileName')]",
                    "folderPath": {
                        "value": "[parameters('in_ds_qcpr_blob_Instructor_LifetimeData_properties_typeProperties_folderPath')]",
                        "type": "Expression"
                    }
                }
            },
            "dependsOn": []
        },
        {
            "name": "[concat(parameters('factoryName'), '/in_ds_qcpr_blob_Instructor_Session_Collection_View')]",
            "type": "Microsoft.DataFactory/factories/datasets",
            "apiVersion": "2018-06-01",
            "properties": {
                "linkedServiceName": {
                    "referenceName": "badevadlsg2",
                    "type": "LinkedServiceReference"
                },
                "folder": {
                    "name": "QCPR"
                },
                "annotations": [],
                "type": "AzureBlob",
                "structure": [
                    {
                        "name": "EventId",
                        "type": "String"
                    },
                    {
                        "name": "EventName",
                        "type": "String"
                    },
                    {
                        "name": "SessionId",
                        "type": "String"
                    },
                    {
                        "name": "Session Type",
                        "type": "String"
                    },
                    {
                        "name": "Session Duration",
                        "type": "String"
                    },
                    {
                        "name": "Number of Manikins Connected",
                        "type": "String"
                    },
                    {
                        "name": "Connected Manikins Types",
                        "type": "String"
                    },
                    {
                        "name": "RaceMode",
                        "type": "String"
                    },
                    {
                        "name": "Previous page",
                        "type": "String"
                    },
                    {
                        "name": "EventProcessedUtcTime",
                        "type": "String"
                    },
                    {
                        "name": "PartitionId",
                        "type": "String"
                    },
                    {
                        "name": "EventEnqueuedUtcTime",
                        "type": "String"
                    }
                ],
                "typeProperties": {
                    "format": {
                        "type": "TextFormat",
                        "columnDelimiter": "|",
                        "rowDelimiter": "",
                        "quoteChar": "\"",
                        "nullValue": "\\N",
                        "encodingName": null,
                        "treatEmptyAsNull": true,
                        "skipLineCount": 0,
                        "firstRowAsHeader": true
                    },
                    "fileName": "[parameters('in_ds_qcpr_blob_Instructor_Session_Collection_View_properties_typeProperties_fileName')]",
                    "folderPath": {
                        "value": "[parameters('in_ds_qcpr_blob_Instructor_Session_Collection_View_properties_typeProperties_folderPath')]",
                        "type": "Expression"
                    }
                }
            },
            "dependsOn": []
        },
        {
            "name": "[concat(parameters('factoryName'), '/in_ds_qcpr_blob_Instructor_device_connected')]",
            "type": "Microsoft.DataFactory/factories/datasets",
            "apiVersion": "2018-06-01",
            "properties": {
                "linkedServiceName": {
                    "referenceName": "badevadlsg2",
                    "type": "LinkedServiceReference"
                },
                "folder": {
                    "name": "QCPR"
                },
                "annotations": [],
                "type": "AzureBlob",
                "structure": [
                    {
                        "name": "EventId",
                        "type": "String"
                    },
                    {
                        "name": "EventName",
                        "type": "String"
                    },
                    {
                        "name": "SessionId",
                        "type": "String"
                    },
                    {
                        "name": "device name",
                        "type": "String"
                    },
                    {
                        "name": "Serial Number",
                        "type": "String"
                    },
                    {
                        "name": "Firmware revision",
                        "type": "String"
                    },
                    {
                        "name": "NewFirmwareUpgradeAvailable",
                        "type": "String"
                    },
                    {
                        "name": "Manikin Type",
                        "type": "String"
                    },
                    {
                        "name": "Supports15CompressionsMode",
                        "type": "String"
                    },
                    {
                        "name": "EventProcessedUtcTime",
                        "type": "String"
                    },
                    {
                        "name": "PartitionId",
                        "type": "String"
                    },
                    {
                        "name": "EventEnqueuedUtcTime",
                        "type": "String"
                    }
                ],
                "typeProperties": {
                    "format": {
                        "type": "TextFormat",
                        "columnDelimiter": "|",
                        "rowDelimiter": "",
                        "quoteChar": "\"",
                        "nullValue": "\\N",
                        "encodingName": null,
                        "treatEmptyAsNull": true,
                        "skipLineCount": 0,
                        "firstRowAsHeader": true
                    },
                    "fileName": "[parameters('in_ds_qcpr_blob_Instructor_device_connected_properties_typeProperties_fileName')]",
                    "folderPath": {
                        "value": "[parameters('in_ds_qcpr_blob_Instructor_device_connected_properties_typeProperties_folderPath')]",
                        "type": "Expression"
                    }
                }
            },
            "dependsOn": []
        },
        {
            "name": "[concat(parameters('factoryName'), '/in_ds_qcpr_blob_Instructor_score_compressions')]",
            "type": "Microsoft.DataFactory/factories/datasets",
            "apiVersion": "2018-06-01",
            "properties": {
                "linkedServiceName": {
                    "referenceName": "badevadlsg2",
                    "type": "LinkedServiceReference"
                },
                "folder": {
                    "name": "QCPR"
                },
                "annotations": [],
                "type": "AzureBlob",
                "structure": [
                    {
                        "name": "EventId",
                        "type": "String"
                    },
                    {
                        "name": "EventName",
                        "type": "String"
                    },
                    {
                        "name": "SessionId",
                        "type": "String"
                    },
                    {
                        "name": "Compression Score",
                        "type": "String"
                    },
                    {
                        "name": "Average Compression Depth",
                        "type": "String"
                    },
                    {
                        "name": "Average Compression Rate",
                        "type": "String"
                    },
                    {
                        "name": "Average Number of Compressions per Cycle",
                        "type": "String"
                    },
                    {
                        "name": "Percent adequate Depth",
                        "type": "String"
                    },
                    {
                        "name": "Percent adequate Rate",
                        "type": "String"
                    },
                    {
                        "name": "EventProcessedUtcTime",
                        "type": "String"
                    },
                    {
                        "name": "PartitionId",
                        "type": "String"
                    },
                    {
                        "name": "EventEnqueuedUtcTime",
                        "type": "String"
                    }
                ],
                "typeProperties": {
                    "format": {
                        "type": "TextFormat",
                        "columnDelimiter": "|",
                        "rowDelimiter": "",
                        "nullValue": "\\N",
                        "treatEmptyAsNull": true,
                        "skipLineCount": 0,
                        "firstRowAsHeader": true
                    },
                    "fileName": "[parameters('in_ds_qcpr_blob_Instructor_score_compressions_properties_typeProperties_fileName')]",
                    "folderPath": {
                        "value": "[parameters('in_ds_qcpr_blob_Instructor_score_compressions_properties_typeProperties_folderPath')]",
                        "type": "Expression"
                    }
                }
            },
            "dependsOn": []
        },
        {
            "name": "[concat(parameters('factoryName'), '/in_ds_qcpr_blob_Instructor_score_various')]",
            "type": "Microsoft.DataFactory/factories/datasets",
            "apiVersion": "2018-06-01",
            "properties": {
                "linkedServiceName": {
                    "referenceName": "badevadlsg2",
                    "type": "LinkedServiceReference"
                },
                "folder": {
                    "name": "QCPR"
                },
                "annotations": [],
                "type": "AzureBlob",
                "structure": [
                    {
                        "name": "EventId",
                        "type": "String"
                    },
                    {
                        "name": "EventName",
                        "type": "String"
                    },
                    {
                        "name": "SessionId",
                        "type": "String"
                    },
                    {
                        "name": "Hint For Improvement",
                        "type": "String"
                    },
                    {
                        "name": "Total Time",
                        "type": "String"
                    },
                    {
                        "name": "Total Score",
                        "type": "String"
                    },
                    {
                        "name": "Average No Flow Time",
                        "type": "String"
                    },
                    {
                        "name": "EventProcessedUtcTime",
                        "type": "String"
                    },
                    {
                        "name": "PartitionId",
                        "type": "String"
                    },
                    {
                        "name": "EventEnqueuedUtcTime",
                        "type": "String"
                    }
                ],
                "typeProperties": {
                    "format": {
                        "type": "TextFormat",
                        "columnDelimiter": "|",
                        "rowDelimiter": "",
                        "quoteChar": "\"",
                        "nullValue": "\\N",
                        "encodingName": null,
                        "treatEmptyAsNull": true,
                        "skipLineCount": 0,
                        "firstRowAsHeader": true
                    },
                    "fileName": "[parameters('in_ds_qcpr_blob_Instructor_score_various_properties_typeProperties_fileName')]",
                    "folderPath": {
                        "value": "[parameters('in_ds_qcpr_blob_Instructor_score_various_properties_typeProperties_folderPath')]",
                        "type": "Expression"
                    }
                }
            },
            "dependsOn": []
        },
        {
            "name": "[concat(parameters('factoryName'), '/in_ds_qcpr_blob_Instructor_score_ventilations')]",
            "type": "Microsoft.DataFactory/factories/datasets",
            "apiVersion": "2018-06-01",
            "properties": {
                "linkedServiceName": {
                    "referenceName": "badevadlsg2",
                    "type": "LinkedServiceReference"
                },
                "folder": {
                    "name": "QCPR"
                },
                "annotations": [],
                "type": "AzureBlob",
                "structure": [
                    {
                        "name": "EventId",
                        "type": "String"
                    },
                    {
                        "name": "EventName",
                        "type": "String"
                    },
                    {
                        "name": "SessionId",
                        "type": "String"
                    },
                    {
                        "name": "Ventilation Score",
                        "type": "String"
                    },
                    {
                        "name": "Average Volume",
                        "type": "String"
                    },
                    {
                        "name": "Ventilations Per Cycle Statistics",
                        "type": "String"
                    },
                    {
                        "name": "Max Number Of Ventilations In Cycle",
                        "type": "String"
                    },
                    {
                        "name": "Min Number Of Ventilations In Cycle",
                        "type": "String"
                    },
                    {
                        "name": "Number Of Ventilation Cycles",
                        "type": "String"
                    },
                    {
                        "name": "Number Of Ventilations",
                        "type": "String"
                    },
                    {
                        "name": "PercentAdequateDepth",
                        "type": "String"
                    },
                    {
                        "name": "Percent Adequate Rate",
                        "type": "String"
                    },
                    {
                        "name": "Percentage Adequate Volume",
                        "type": "String"
                    },
                    {
                        "name": "Percentage Too High Volume",
                        "type": "String"
                    },
                    {
                        "name": "Percentage Too Low Volume",
                        "type": "String"
                    },
                    {
                        "name": "Percent Compressions Too Fast",
                        "type": "String"
                    },
                    {
                        "name": "Percent Compressions Too Slow",
                        "type": "String"
                    },
                    {
                        "name": "Percent Compressions With Complete Release",
                        "type": "String"
                    },
                    {
                        "name": "Percent Compressions With Correct HandPosition",
                        "type": "String"
                    },
                    {
                        "name": "Percent Hands On Time",
                        "type": "String"
                    },
                    {
                        "name": "Percent TooDeepDepth",
                        "type": "String"
                    },
                    {
                        "name": "Percent TooShallowDepth",
                        "type": "String"
                    },
                    {
                        "name": "Standard DeviationOnVolume",
                        "type": "String"
                    },
                    {
                        "name": "Standard DeviationCompressionRate",
                        "type": "String"
                    },
                    {
                        "name": "Number Of Compression Cycles",
                        "type": "String"
                    },
                    {
                        "name": "EventProcessedUtcTime",
                        "type": "String"
                    },
                    {
                        "name": "PartitionId",
                        "type": "String"
                    },
                    {
                        "name": "EventEnqueuedUtcTime",
                        "type": "String"
                    }
                ],
                "typeProperties": {
                    "format": {
                        "type": "TextFormat",
                        "columnDelimiter": "|",
                        "rowDelimiter": "",
                        "quoteChar": "\"",
                        "nullValue": "\\N",
                        "encodingName": null,
                        "treatEmptyAsNull": true,
                        "skipLineCount": 0,
                        "firstRowAsHeader": true
                    },
                    "fileName": "[parameters('in_ds_qcpr_blob_Instructor_score_ventilations_properties_typeProperties_fileName')]",
                    "folderPath": {
                        "value": "[parameters('in_ds_qcpr_blob_Instructor_score_ventilations_properties_typeProperties_folderPath')]",
                        "type": "Expression"
                    }
                }
            },
            "dependsOn": []
        },
        {
            "name": "[concat(parameters('factoryName'), '/out_df_ds_badevdb_DimCurrencyTC')]",
            "type": "Microsoft.DataFactory/factories/datasets",
            "apiVersion": "2018-06-01",
            "properties": {
                "linkedServiceName": {
                    "referenceName": "lnk_AzureSQL_Dev",
                    "type": "LinkedServiceReference"
                },
                "folder": {
                    "name": "QAD"
                },
                "annotations": [],
                "type": "AzureSqlTable",
                "schema": [
                    {
                        "name": "CurrencyTCId",
                        "type": "int",
                        "precision": 10
                    },
                    {
                        "name": "TimeID",
                        "type": "date"
                    },
                    {
                        "name": "CurrencyCode",
                        "type": "varchar"
                    },
                    {
                        "name": "CurrencyName",
                        "type": "varchar"
                    },
                    {
                        "name": "ExchangeRate",
                        "type": "varchar"
                    }
                ],
                "typeProperties": {
                    "tableName": "[[dbo].[DimCurrencyTC]"
                }
            },
            "dependsOn": []
        },
        {
            "name": "[concat(parameters('factoryName'), '/out_df_ds_badevdb_DimDistributionCenter')]",
            "type": "Microsoft.DataFactory/factories/datasets",
            "apiVersion": "2018-06-01",
            "properties": {
                "linkedServiceName": {
                    "referenceName": "lnk_AzureSQL_Dev",
                    "type": "LinkedServiceReference"
                },
                "folder": {
                    "name": "QAD"
                },
                "annotations": [],
                "type": "AzureSqlTable",
                "schema": [
                    {
                        "name": "SiteId",
                        "type": "int",
                        "precision": 10
                    },
                    {
                        "name": "SiteCode",
                        "type": "varchar"
                    },
                    {
                        "name": "SiteName",
                        "type": "varchar"
                    },
                    {
                        "name": "SiteType",
                        "type": "varchar"
                    },
                    {
                        "name": "SiteRegion",
                        "type": "varchar"
                    },
                    {
                        "name": "SiteCountry",
                        "type": "varchar"
                    },
                    {
                        "name": "SiteCity",
                        "type": "varchar"
                    },
                    {
                        "name": "SiteZipCode",
                        "type": "varchar"
                    }
                ],
                "typeProperties": {
                    "tableName": "[[dbo].[DimDistributionCenter]"
                }
            },
            "dependsOn": []
        },
        {
            "name": "[concat(parameters('factoryName'), '/out_df_ds_badevdb_DimDomain')]",
            "type": "Microsoft.DataFactory/factories/datasets",
            "apiVersion": "2018-06-01",
            "properties": {
                "linkedServiceName": {
                    "referenceName": "lnk_AzureSQL_Dev",
                    "type": "LinkedServiceReference"
                },
                "folder": {
                    "name": "QAD"
                },
                "annotations": [],
                "type": "AzureSqlTable",
                "schema": [
                    {
                        "name": "DomainId",
                        "type": "int",
                        "precision": 10
                    },
                    {
                        "name": "DomainCode",
                        "type": "varchar"
                    },
                    {
                        "name": "DomainName",
                        "type": "varchar"
                    },
                    {
                        "name": "DomainCurrency",
                        "type": "varchar"
                    }
                ],
                "typeProperties": {
                    "tableName": "[[dbo].[DimDomain]"
                }
            },
            "dependsOn": []
        },
        {
            "name": "[concat(parameters('factoryName'), '/out_df_ds_badevdb_DimItemPlanningDetail')]",
            "type": "Microsoft.DataFactory/factories/datasets",
            "apiVersion": "2018-06-01",
            "properties": {
                "linkedServiceName": {
                    "referenceName": "lnk_AzureSQL_Dev",
                    "type": "LinkedServiceReference"
                },
                "folder": {
                    "name": "QAD"
                },
                "annotations": [],
                "type": "AzureSqlTable",
                "schema": [
                    {
                        "name": "ItemPlanningId",
                        "type": "int",
                        "precision": 10
                    },
                    {
                        "name": "PurchasedManufatured",
                        "type": "varchar"
                    },
                    {
                        "name": "BuyerPlanner",
                        "type": "varchar"
                    },
                    {
                        "name": "Suppplier",
                        "type": "varchar"
                    },
                    {
                        "name": "NetworkCode",
                        "type": "varchar"
                    },
                    {
                        "name": "OrderPeriod",
                        "type": "int",
                        "precision": 10
                    },
                    {
                        "name": "OrderPolicy",
                        "type": "varchar"
                    },
                    {
                        "name": "PurchaseLeadTime",
                        "type": "int",
                        "precision": 10
                    },
                    {
                        "name": "OrderMin",
                        "type": "decimal",
                        "precision": 10,
                        "scale": 3
                    },
                    {
                        "name": "OrderMax",
                        "type": "decimal",
                        "precision": 10,
                        "scale": 3
                    },
                    {
                        "name": "OrderMult",
                        "type": "decimal",
                        "precision": 10,
                        "scale": 3
                    },
                    {
                        "name": "SafetyTime",
                        "type": "decimal",
                        "precision": 10,
                        "scale": 3
                    },
                    {
                        "name": "Domain",
                        "type": "varchar"
                    },
                    {
                        "name": "Part",
                        "type": "varchar"
                    },
                    {
                        "name": "Site",
                        "type": "varchar"
                    }
                ],
                "typeProperties": {
                    "tableName": "[[dbo].[DimItemPlanningDetail]"
                }
            },
            "dependsOn": []
        },
        {
            "name": "[concat(parameters('factoryName'), '/out_df_ds_badevdb_DimPOLineDetails')]",
            "type": "Microsoft.DataFactory/factories/datasets",
            "apiVersion": "2018-06-01",
            "properties": {
                "linkedServiceName": {
                    "referenceName": "lnk_AzureSQL_Dev",
                    "type": "LinkedServiceReference"
                },
                "folder": {
                    "name": "QAD"
                },
                "annotations": [],
                "type": "AzureSqlTable",
                "schema": [
                    {
                        "name": "POId",
                        "type": "int",
                        "precision": 10
                    },
                    {
                        "name": "PONumber",
                        "type": "varchar"
                    },
                    {
                        "name": "POLine",
                        "type": "int",
                        "precision": 10
                    },
                    {
                        "name": "POPart",
                        "type": "varchar"
                    },
                    {
                        "name": "POUnitCost",
                        "type": "decimal",
                        "precision": 10,
                        "scale": 3
                    },
                    {
                        "name": "PODomain",
                        "type": "varchar"
                    },
                    {
                        "name": "POSite",
                        "type": "varchar"
                    },
                    {
                        "name": "POCurrency",
                        "type": "varchar"
                    },
                    {
                        "name": "POExchangeRate",
                        "type": "decimal",
                        "precision": 10,
                        "scale": 3
                    },
                    {
                        "name": "POQtyOrd",
                        "type": "decimal",
                        "precision": 10,
                        "scale": 3
                    }
                ],
                "typeProperties": {
                    "tableName": "[[dbo].[DimPOLineDetails]"
                }
            },
            "dependsOn": []
        },
        {
            "name": "[concat(parameters('factoryName'), '/out_df_ds_badevdb_DimShippingMode')]",
            "type": "Microsoft.DataFactory/factories/datasets",
            "apiVersion": "2018-06-01",
            "properties": {
                "linkedServiceName": {
                    "referenceName": "lnk_AzureSQL_Dev",
                    "type": "LinkedServiceReference"
                },
                "folder": {
                    "name": "QAD"
                },
                "annotations": [],
                "type": "AzureSqlTable",
                "schema": [
                    {
                        "name": "ShippingModeId",
                        "type": "int",
                        "precision": 10
                    },
                    {
                        "name": "ShippingMode",
                        "type": "varchar"
                    }
                ],
                "typeProperties": {
                    "tableName": "[[dbo].[DimShippingMode]"
                }
            },
            "dependsOn": []
        }
    ]
}