{
    "$schema": "http://schema.management.azure.com/schemas/2015-01-01/deploymentTemplate.json#",
    "contentVersion": "1.0.0.0",
    "parameters": {
        "factoryName": {
            "type": "string",
            "metadata": "Data Factory Name",
            "defaultValue": "ba-dev-adf"
        },
        "ba_dev_adb_cluster_accessToken": {
            "type": "secureString",
            "metadata": "Secure string for 'accessToken' of 'ba_dev_adb_cluster'"
        },
        "ba_dev_asqlserver_connectionString": {
            "type": "secureString",
            "metadata": "Secure string for 'connectionString' of 'ba_dev_asqlserver'"
        },
        "badevadlsg2_connectionString": {
            "type": "secureString",
            "metadata": "Secure string for 'connectionString' of 'badevadlsg2'"
        },
        "board_test_connectionString": {
            "type": "secureString",
            "metadata": "Secure string for 'connectionString' of 'board_test'"
        },
        "boomi_to_adf_connectionString": {
            "type": "secureString",
            "metadata": "Secure string for 'connectionString' of 'boomi_to_adf'"
        },
        "lnk_AzureSQL_Dev_connectionString": {
            "type": "secureString",
            "metadata": "Secure string for 'connectionString' of 'lnk_AzureSQL_Dev'"
        },
        "lnk_asqldb_agile_connectionString": {
            "type": "secureString",
            "metadata": "Secure string for 'connectionString' of 'lnk_asqldb_agile'"
        },
        "lnk_srv_asql_mi_qcpr_db_connectionString": {
            "type": "secureString",
            "metadata": "Secure string for 'connectionString' of 'lnk_srv_asql_mi_qcpr_db'"
        },
        "lnk_srv_asql_mi_scm_db_connectionString": {
            "type": "secureString",
            "metadata": "Secure string for 'connectionString' of 'lnk_srv_asql_mi_scm_db'"
        },
        "lnk_svr_asql_mi_qcpr_db_connectionString": {
            "type": "secureString",
            "metadata": "Secure string for 'connectionString' of 'lnk_svr_asql_mi_qcpr_db'"
        },
        "mobilecenter_export_qcpr_instructor_connectionString": {
            "type": "secureString",
            "metadata": "Secure string for 'connectionString' of 'mobilecenter_export_qcpr_instructor'"
        },
        "qadpro2_eu_prod_connectionString": {
            "type": "secureString",
            "metadata": "Secure string for 'connectionString' of 'qadpro2_eu_prod'"
        },
        "in_ds_qcpr_blob_Instructor_LifetimeData_properties_typeProperties_fileName": {
            "type": "string",
            "defaultValue": "*"
        },
        "in_ds_qcpr_blob_Instructor_LifetimeData_properties_typeProperties_folderPath": {
            "type": "string",
            "defaultValue": "@concat('adlsdev/Governed Data/Sources/LMAS/QCPR/QCPR_IOS_INSTRUCT/LifetimeData/',formatDateTime(addhours(utcnow(),-2), 'yyyy/MM/dd/HH'))"
        },
        "in_ds_qcpr_blob_Instructor_Session_Collection_View_properties_typeProperties_fileName": {
            "type": "string",
            "defaultValue": "*"
        },
        "in_ds_qcpr_blob_Instructor_Session_Collection_View_properties_typeProperties_folderPath": {
            "type": "string",
            "defaultValue": "@concat('adlsdev/Governed Data/Sources/LMAS/QCPR/QCPR_IOS_INSTRUCT/Page - Session collection view/',formatDateTime(addhours(utcnow(),-1), 'yyyy/MM/dd/HH'))"
        },
        "in_ds_qcpr_blob_Instructor_device_connected_properties_typeProperties_fileName": {
            "type": "string",
            "defaultValue": "*"
        },
        "in_ds_qcpr_blob_Instructor_device_connected_properties_typeProperties_folderPath": {
            "type": "string",
            "defaultValue": "@concat('adlsdev/Governed Data/Sources/LMAS/QCPR/QCPR_IOS_INSTRUCT/Instructor device connected/',formatDateTime(addhours(utcnow(),-1), 'yyyy/MM/dd/HH'))"
        },
        "in_ds_qcpr_blob_Instructor_score_compressions_properties_typeProperties_fileName": {
            "type": "string",
            "defaultValue": "*"
        },
        "in_ds_qcpr_blob_Instructor_score_compressions_properties_typeProperties_folderPath": {
            "type": "string",
            "defaultValue": "@concat('adlsdev/Governed Data/Sources/LMAS/QCPR/QCPR_IOS_INSTRUCT/Page - Instructor score compressions/',formatDateTime(addhours(utcnow(),-1), 'yyyy/MM/dd/HH'))"
        },
        "in_ds_qcpr_blob_Instructor_score_various_properties_typeProperties_fileName": {
            "type": "string",
            "defaultValue": "*"
        },
        "in_ds_qcpr_blob_Instructor_score_various_properties_typeProperties_folderPath": {
            "type": "string",
            "defaultValue": "@concat('adlsdev/Governed Data/Sources/LMAS/QCPR/QCPR_IOS_INSTRUCT/Page - Instructor score various/',formatDateTime(addhours(utcnow(),-1), 'yyyy/MM/dd/HH'))"
        },
        "in_ds_qcpr_blob_Instructor_score_ventilations_properties_typeProperties_fileName": {
            "type": "string",
            "defaultValue": "*"
        },
        "in_ds_qcpr_blob_Instructor_score_ventilations_properties_typeProperties_folderPath": {
            "type": "string",
            "defaultValue": "@concat('adlsdev/Governed Data/Sources/LMAS/QCPR/QCPR_IOS_INSTRUCT/Page - Instructor score ventilations/',formatDateTime(addhours(utcnow(),-1), 'yyyy/MM/dd/HH'))"
        },
        "LaerdalIR1-Linked-To-BA-Dev_properties_typeProperties_linkedInfo_resourceId": {
            "type": "string",
            "defaultValue": "/subscriptions/5e7e55a3-03fd-4e5d-9350-a32fd2c670fc/resourcegroups/it-bidatalake/providers/Microsoft.DataFactory/factories/it-bi-DataFactoryV2-HRIS/integrationruntimes/LaerdalIR1"
        },
        "containerUri": {
            "type": "string",
            "metadata": "URI to storage account containing linked ARM templates"
        },
        "containerSasToken": {
            "type": "string",
            "metadata": "Sas Token to storage account containing linked ARM templates"
        }
    },
    "variables": {
        "factoryId": "[concat('Microsoft.DataFactory/factories/', parameters('factoryName'))]"
    },
    "resources": [
        {
            "name": "ArmTemplate_0",
            "type": "Microsoft.Resources/deployments",
            "apiVersion": "2018-02-01",
            "properties": {
                "mode": "incremental",
                "templateLink": {
                    "uri": "[concat(parameters('containerUri'), '/ArmTemplate_0.json', parameters('containerSasToken'))]",
                    "contentVersion": "1.0.0.0"
                },
                "parameters": {
                    "factoryName": {
                        "value": "[parameters('factoryName')]"
                    },
                    "ba_dev_adb_cluster_accessToken": {
                        "value": "[parameters('ba_dev_adb_cluster_accessToken')]"
                    },
                    "ba_dev_asqlserver_connectionString": {
                        "value": "[parameters('ba_dev_asqlserver_connectionString')]"
                    },
                    "badevadlsg2_connectionString": {
                        "value": "[parameters('badevadlsg2_connectionString')]"
                    },
                    "board_test_connectionString": {
                        "value": "[parameters('board_test_connectionString')]"
                    },
                    "boomi_to_adf_connectionString": {
                        "value": "[parameters('boomi_to_adf_connectionString')]"
                    },
                    "lnk_AzureSQL_Dev_connectionString": {
                        "value": "[parameters('lnk_AzureSQL_Dev_connectionString')]"
                    },
                    "lnk_asqldb_agile_connectionString": {
                        "value": "[parameters('lnk_asqldb_agile_connectionString')]"
                    },
                    "lnk_srv_asql_mi_scm_db_connectionString": {
                        "value": "[parameters('lnk_srv_asql_mi_scm_db_connectionString')]"
                    },
                    "mobilecenter_export_qcpr_instructor_connectionString": {
                        "value": "[parameters('mobilecenter_export_qcpr_instructor_connectionString')]"
                    },
                    "qadpro2_eu_prod_connectionString": {
                        "value": "[parameters('qadpro2_eu_prod_connectionString')]"
                    },
                    "LaerdalIR1-Linked-To-BA-Dev_properties_typeProperties_linkedInfo_resourceId": {
                        "value": "[parameters('LaerdalIR1-Linked-To-BA-Dev_properties_typeProperties_linkedInfo_resourceId')]"
                    }
                }
            },
            "dependsOn": []
        },
        {
            "name": "ArmTemplate_1",
            "type": "Microsoft.Resources/deployments",
            "apiVersion": "2018-02-01",
            "properties": {
                "mode": "incremental",
                "templateLink": {
                    "uri": "[concat(parameters('containerUri'), '/ArmTemplate_1.json', parameters('containerSasToken'))]",
                    "contentVersion": "1.0.0.0"
                },
                "parameters": {
                    "factoryName": {
                        "value": "[parameters('factoryName')]"
                    }
                }
            },
            "dependsOn": [
                "[resourceId('Microsoft.Resources/deployments', 'ArmTemplate_0')]"
            ]
        },
        {
            "name": "ArmTemplate_2",
            "type": "Microsoft.Resources/deployments",
            "apiVersion": "2018-02-01",
            "properties": {
                "mode": "incremental",
                "templateLink": {
                    "uri": "[concat(parameters('containerUri'), '/ArmTemplate_2.json', parameters('containerSasToken'))]",
                    "contentVersion": "1.0.0.0"
                },
                "parameters": {
                    "factoryName": {
                        "value": "[parameters('factoryName')]"
                    }
                }
            },
            "dependsOn": [
                "[resourceId('Microsoft.Resources/deployments', 'ArmTemplate_1')]"
            ]
        },
        {
            "name": "ArmTemplate_3",
            "type": "Microsoft.Resources/deployments",
            "apiVersion": "2018-02-01",
            "properties": {
                "mode": "incremental",
                "templateLink": {
                    "uri": "[concat(parameters('containerUri'), '/ArmTemplate_3.json', parameters('containerSasToken'))]",
                    "contentVersion": "1.0.0.0"
                },
                "parameters": {
                    "factoryName": {
                        "value": "[parameters('factoryName')]"
                    },
                    "in_ds_qcpr_blob_Instructor_LifetimeData_properties_typeProperties_fileName": {
                        "value": "[parameters('in_ds_qcpr_blob_Instructor_LifetimeData_properties_typeProperties_fileName')]"
                    },
                    "in_ds_qcpr_blob_Instructor_LifetimeData_properties_typeProperties_folderPath": {
                        "value": "[parameters('in_ds_qcpr_blob_Instructor_LifetimeData_properties_typeProperties_folderPath')]"
                    },
                    "in_ds_qcpr_blob_Instructor_Session_Collection_View_properties_typeProperties_fileName": {
                        "value": "[parameters('in_ds_qcpr_blob_Instructor_Session_Collection_View_properties_typeProperties_fileName')]"
                    },
                    "in_ds_qcpr_blob_Instructor_Session_Collection_View_properties_typeProperties_folderPath": {
                        "value": "[parameters('in_ds_qcpr_blob_Instructor_Session_Collection_View_properties_typeProperties_folderPath')]"
                    },
                    "in_ds_qcpr_blob_Instructor_device_connected_properties_typeProperties_fileName": {
                        "value": "[parameters('in_ds_qcpr_blob_Instructor_device_connected_properties_typeProperties_fileName')]"
                    },
                    "in_ds_qcpr_blob_Instructor_device_connected_properties_typeProperties_folderPath": {
                        "value": "[parameters('in_ds_qcpr_blob_Instructor_device_connected_properties_typeProperties_folderPath')]"
                    },
                    "in_ds_qcpr_blob_Instructor_score_compressions_properties_typeProperties_fileName": {
                        "value": "[parameters('in_ds_qcpr_blob_Instructor_score_compressions_properties_typeProperties_fileName')]"
                    },
                    "in_ds_qcpr_blob_Instructor_score_compressions_properties_typeProperties_folderPath": {
                        "value": "[parameters('in_ds_qcpr_blob_Instructor_score_compressions_properties_typeProperties_folderPath')]"
                    },
                    "in_ds_qcpr_blob_Instructor_score_various_properties_typeProperties_fileName": {
                        "value": "[parameters('in_ds_qcpr_blob_Instructor_score_various_properties_typeProperties_fileName')]"
                    },
                    "in_ds_qcpr_blob_Instructor_score_various_properties_typeProperties_folderPath": {
                        "value": "[parameters('in_ds_qcpr_blob_Instructor_score_various_properties_typeProperties_folderPath')]"
                    },
                    "in_ds_qcpr_blob_Instructor_score_ventilations_properties_typeProperties_fileName": {
                        "value": "[parameters('in_ds_qcpr_blob_Instructor_score_ventilations_properties_typeProperties_fileName')]"
                    },
                    "in_ds_qcpr_blob_Instructor_score_ventilations_properties_typeProperties_folderPath": {
                        "value": "[parameters('in_ds_qcpr_blob_Instructor_score_ventilations_properties_typeProperties_folderPath')]"
                    }
                }
            },
            "dependsOn": [
                "[resourceId('Microsoft.Resources/deployments', 'ArmTemplate_2')]"
            ]
        },
        {
            "name": "ArmTemplate_4",
            "type": "Microsoft.Resources/deployments",
            "apiVersion": "2018-02-01",
            "properties": {
                "mode": "incremental",
                "templateLink": {
                    "uri": "[concat(parameters('containerUri'), '/ArmTemplate_4.json', parameters('containerSasToken'))]",
                    "contentVersion": "1.0.0.0"
                },
                "parameters": {
                    "factoryName": {
                        "value": "[parameters('factoryName')]"
                    }
                }
            },
            "dependsOn": [
                "[resourceId('Microsoft.Resources/deployments', 'ArmTemplate_3')]"
            ]
        },
        {
            "name": "ArmTemplate_5",
            "type": "Microsoft.Resources/deployments",
            "apiVersion": "2018-02-01",
            "properties": {
                "mode": "incremental",
                "templateLink": {
                    "uri": "[concat(parameters('containerUri'), '/ArmTemplate_5.json', parameters('containerSasToken'))]",
                    "contentVersion": "1.0.0.0"
                },
                "parameters": {
                    "factoryName": {
                        "value": "[parameters('factoryName')]"
                    },
                    "lnk_srv_asql_mi_qcpr_db_connectionString": {
                        "value": "[parameters('lnk_srv_asql_mi_qcpr_db_connectionString')]"
                    },
                    "lnk_svr_asql_mi_qcpr_db_connectionString": {
                        "value": "[parameters('lnk_svr_asql_mi_qcpr_db_connectionString')]"
                    }
                }
            },
            "dependsOn": [
                "[resourceId('Microsoft.Resources/deployments', 'ArmTemplate_4')]"
            ]
        },
        {
            "name": "ArmTemplate_6",
            "type": "Microsoft.Resources/deployments",
            "apiVersion": "2018-02-01",
            "properties": {
                "mode": "incremental",
                "templateLink": {
                    "uri": "[concat(parameters('containerUri'), '/ArmTemplate_6.json', parameters('containerSasToken'))]",
                    "contentVersion": "1.0.0.0"
                },
                "parameters": {
                    "factoryName": {
                        "value": "[parameters('factoryName')]"
                    }
                }
            },
            "dependsOn": [
                "[resourceId('Microsoft.Resources/deployments', 'ArmTemplate_5')]"
            ]
        },
        {
            "name": "ArmTemplate_7",
            "type": "Microsoft.Resources/deployments",
            "apiVersion": "2018-02-01",
            "properties": {
                "mode": "incremental",
                "templateLink": {
                    "uri": "[concat(parameters('containerUri'), '/ArmTemplate_7.json', parameters('containerSasToken'))]",
                    "contentVersion": "1.0.0.0"
                },
                "parameters": {
                    "factoryName": {
                        "value": "[parameters('factoryName')]"
                    }
                }
            },
            "dependsOn": [
                "[resourceId('Microsoft.Resources/deployments', 'ArmTemplate_6')]"
            ]
        },
        {
            "name": "ArmTemplate_8",
            "type": "Microsoft.Resources/deployments",
            "apiVersion": "2018-02-01",
            "properties": {
                "mode": "incremental",
                "templateLink": {
                    "uri": "[concat(parameters('containerUri'), '/ArmTemplate_8.json', parameters('containerSasToken'))]",
                    "contentVersion": "1.0.0.0"
                },
                "parameters": {
                    "factoryName": {
                        "value": "[parameters('factoryName')]"
                    }
                }
            },
            "dependsOn": [
                "[resourceId('Microsoft.Resources/deployments', 'ArmTemplate_7')]"
            ]
        }
    ]
}