{
    "$schema": "http://schema.management.azure.com/schemas/2015-01-01/deploymentTemplate.json#",
    "contentVersion": "1.0.0.0",
    "parameters": {
        "factoryName": {
            "type": "string",
            "metadata": "Data Factory Name",
            "defaultValue": "ba-dev-adf"
        }
    },
    "variables": {
        "factoryId": "[concat('Microsoft.DataFactory/factories/', parameters('factoryName'))]"
    },
    "resources": [
        {
            "name": "[concat(parameters('factoryName'), '/pipe_cp_pro2qad_adls_loc_mstr')]",
            "type": "Microsoft.DataFactory/factories/pipelines",
            "apiVersion": "2018-06-01",
            "properties": {
                "activities": [
                    {
                        "name": "act_cp_pro2qad_adls_loc_mstr",
                        "type": "Copy",
                        "dependsOn": [],
                        "policy": {
                            "timeout": "7.00:00:00",
                            "retry": 5,
                            "retryIntervalInSeconds": 600,
                            "secureOutput": false,
                            "secureInput": false
                        },
                        "userProperties": [],
                        "typeProperties": {
                            "source": {
                                "type": "AzureSqlSource"
                            },
                            "sink": {
                                "type": "DelimitedTextSink",
                                "storeSettings": {
                                    "type": "AzureBlobStorageWriteSetting",
                                    "maxConcurrentConnections": 5,
                                    "copyBehavior": null
                                },
                                "formatSettings": {
                                    "type": "DelimitedTextWriteSetting",
                                    "quoteAllText": true,
                                    "fileExtension": ".csv"
                                }
                            },
                            "enableStaging": false
                        },
                        "inputs": [
                            {
                                "referenceName": "in_ds_cp_pro2qad_adls_loc_mstr",
                                "type": "DatasetReference",
                                "parameters": {}
                            }
                        ],
                        "outputs": [
                            {
                                "referenceName": "out_ds_cp_pro2qad_adls_loc_mstr",
                                "type": "DatasetReference",
                                "parameters": {}
                            }
                        ]
                    }
                ],
                "folder": {
                    "name": "QAD"
                },
                "annotations": []
            },
            "dependsOn": []
        },
        {
            "name": "[concat(parameters('factoryName'), '/pipe_cp_pro2qad_adls_po_mstr')]",
            "type": "Microsoft.DataFactory/factories/pipelines",
            "apiVersion": "2018-06-01",
            "properties": {
                "activities": [
                    {
                        "name": "act_cp_pro2qad_adls_po_mstr",
                        "type": "Copy",
                        "dependsOn": [],
                        "policy": {
                            "timeout": "7.00:00:00",
                            "retry": 5,
                            "retryIntervalInSeconds": 600,
                            "secureOutput": false,
                            "secureInput": false
                        },
                        "userProperties": [],
                        "typeProperties": {
                            "source": {
                                "type": "AzureSqlSource"
                            },
                            "sink": {
                                "type": "DelimitedTextSink",
                                "storeSettings": {
                                    "type": "AzureBlobStorageWriteSetting",
                                    "maxConcurrentConnections": 5,
                                    "copyBehavior": null
                                },
                                "formatSettings": {
                                    "type": "DelimitedTextWriteSetting",
                                    "quoteAllText": true,
                                    "fileExtension": ".csv"
                                }
                            },
                            "enableStaging": false
                        },
                        "inputs": [
                            {
                                "referenceName": "in_ds_db_pro2qad_po_mstr",
                                "type": "DatasetReference",
                                "parameters": {}
                            }
                        ],
                        "outputs": [
                            {
                                "referenceName": "out_ds_adls_qad_po_mstr",
                                "type": "DatasetReference",
                                "parameters": {}
                            }
                        ]
                    }
                ],
                "folder": {
                    "name": "QAD"
                },
                "annotations": []
            },
            "dependsOn": []
        },
        {
            "name": "[concat(parameters('factoryName'), '/pipe_cp_pro2qad_adls_pod_det')]",
            "type": "Microsoft.DataFactory/factories/pipelines",
            "apiVersion": "2018-06-01",
            "properties": {
                "activities": [
                    {
                        "name": "act_cp_pro2qad_adls_pod_det",
                        "type": "Copy",
                        "dependsOn": [],
                        "policy": {
                            "timeout": "7.00:00:00",
                            "retry": 5,
                            "retryIntervalInSeconds": 600,
                            "secureOutput": false,
                            "secureInput": false
                        },
                        "userProperties": [],
                        "typeProperties": {
                            "source": {
                                "type": "AzureSqlSource"
                            },
                            "sink": {
                                "type": "DelimitedTextSink",
                                "storeSettings": {
                                    "type": "AzureBlobStorageWriteSetting",
                                    "maxConcurrentConnections": 5,
                                    "copyBehavior": null
                                },
                                "formatSettings": {
                                    "type": "DelimitedTextWriteSetting",
                                    "quoteAllText": true,
                                    "fileExtension": ".csv"
                                }
                            },
                            "enableStaging": false
                        },
                        "inputs": [
                            {
                                "referenceName": "in_ds_db_pro2qad_pod_det",
                                "type": "DatasetReference",
                                "parameters": {}
                            }
                        ],
                        "outputs": [
                            {
                                "referenceName": "out_ds_adls_qad_pod_det",
                                "type": "DatasetReference",
                                "parameters": {}
                            }
                        ]
                    }
                ],
                "folder": {
                    "name": "QAD"
                },
                "annotations": []
            },
            "dependsOn": []
        },
        {
            "name": "[concat(parameters('factoryName'), '/pipe_cp_pro2qad_adls_prh_hist')]",
            "type": "Microsoft.DataFactory/factories/pipelines",
            "apiVersion": "2018-06-01",
            "properties": {
                "activities": [
                    {
                        "name": "act_cp_pro2qad_adls_prh_hist",
                        "type": "Copy",
                        "dependsOn": [],
                        "policy": {
                            "timeout": "7.00:00:00",
                            "retry": 5,
                            "retryIntervalInSeconds": 600,
                            "secureOutput": false,
                            "secureInput": false
                        },
                        "userProperties": [],
                        "typeProperties": {
                            "source": {
                                "type": "AzureSqlSource"
                            },
                            "sink": {
                                "type": "DelimitedTextSink",
                                "storeSettings": {
                                    "type": "AzureBlobStorageWriteSetting",
                                    "maxConcurrentConnections": 5,
                                    "copyBehavior": null
                                },
                                "formatSettings": {
                                    "type": "DelimitedTextWriteSetting",
                                    "quoteAllText": true,
                                    "fileExtension": ".csv"
                                }
                            },
                            "enableStaging": false
                        },
                        "inputs": [
                            {
                                "referenceName": "in_ds_db_pro2qad_prh_hist",
                                "type": "DatasetReference",
                                "parameters": {}
                            }
                        ],
                        "outputs": [
                            {
                                "referenceName": "out_ds_adls_qad_prh_hist",
                                "type": "DatasetReference",
                                "parameters": {}
                            }
                        ]
                    }
                ],
                "folder": {
                    "name": "QAD"
                },
                "annotations": []
            },
            "dependsOn": []
        },
        {
            "name": "[concat(parameters('factoryName'), '/pipe_cp_pro2qad_adls_ptp_det')]",
            "type": "Microsoft.DataFactory/factories/pipelines",
            "apiVersion": "2018-06-01",
            "properties": {
                "activities": [
                    {
                        "name": "act_cp_pro2qad_adls_ptp_det",
                        "type": "Copy",
                        "dependsOn": [],
                        "policy": {
                            "timeout": "7.00:00:00",
                            "retry": 5,
                            "retryIntervalInSeconds": 600,
                            "secureOutput": false,
                            "secureInput": false
                        },
                        "userProperties": [],
                        "typeProperties": {
                            "source": {
                                "type": "AzureSqlSource"
                            },
                            "sink": {
                                "type": "DelimitedTextSink",
                                "storeSettings": {
                                    "type": "AzureBlobStorageWriteSetting",
                                    "maxConcurrentConnections": 5,
                                    "copyBehavior": null
                                },
                                "formatSettings": {
                                    "type": "DelimitedTextWriteSetting",
                                    "quoteAllText": true,
                                    "fileExtension": ".csv"
                                }
                            },
                            "enableStaging": false
                        },
                        "inputs": [
                            {
                                "referenceName": "in_ds_db_pro2qad_ptp_det",
                                "type": "DatasetReference",
                                "parameters": {}
                            }
                        ],
                        "outputs": [
                            {
                                "referenceName": "out_ds_adls_qad_ptp_det",
                                "type": "DatasetReference",
                                "parameters": {}
                            }
                        ]
                    }
                ],
                "folder": {
                    "name": "QAD"
                },
                "annotations": []
            },
            "dependsOn": []
        },
        {
            "name": "[concat(parameters('factoryName'), '/pipe_cp_pro2qad_adls_sct_det')]",
            "type": "Microsoft.DataFactory/factories/pipelines",
            "apiVersion": "2018-06-01",
            "properties": {
                "activities": [
                    {
                        "name": "act_cp_pro2qad_adls_sct_det",
                        "type": "Copy",
                        "dependsOn": [],
                        "policy": {
                            "timeout": "7.00:00:00",
                            "retry": 5,
                            "retryIntervalInSeconds": 600,
                            "secureOutput": false,
                            "secureInput": false
                        },
                        "userProperties": [],
                        "typeProperties": {
                            "source": {
                                "type": "AzureSqlSource"
                            },
                            "sink": {
                                "type": "DelimitedTextSink",
                                "storeSettings": {
                                    "type": "AzureBlobStorageWriteSetting",
                                    "maxConcurrentConnections": 5,
                                    "copyBehavior": null
                                },
                                "formatSettings": {
                                    "type": "DelimitedTextWriteSetting",
                                    "quoteAllText": true,
                                    "fileExtension": ".csv"
                                }
                            },
                            "enableStaging": false
                        },
                        "inputs": [
                            {
                                "referenceName": "in_ds_db_pro2qad_sct_det",
                                "type": "DatasetReference",
                                "parameters": {}
                            }
                        ],
                        "outputs": [
                            {
                                "referenceName": "out_ds_adls_qad_sct_det",
                                "type": "DatasetReference",
                                "parameters": {}
                            }
                        ]
                    }
                ],
                "folder": {
                    "name": "QAD"
                },
                "annotations": []
            },
            "dependsOn": []
        },
        {
            "name": "[concat(parameters('factoryName'), '/pipe_cp_pro2qad_adls_si_mstr')]",
            "type": "Microsoft.DataFactory/factories/pipelines",
            "apiVersion": "2018-06-01",
            "properties": {
                "activities": [
                    {
                        "name": "act_cp_pro2qad_adls_si_mstr",
                        "type": "Copy",
                        "dependsOn": [],
                        "policy": {
                            "timeout": "7.00:00:00",
                            "retry": 5,
                            "retryIntervalInSeconds": 600,
                            "secureOutput": false,
                            "secureInput": false
                        },
                        "userProperties": [],
                        "typeProperties": {
                            "source": {
                                "type": "AzureSqlSource"
                            },
                            "sink": {
                                "type": "DelimitedTextSink",
                                "storeSettings": {
                                    "type": "AzureBlobStorageWriteSetting",
                                    "maxConcurrentConnections": 5,
                                    "copyBehavior": null
                                },
                                "formatSettings": {
                                    "type": "DelimitedTextWriteSetting",
                                    "quoteAllText": true,
                                    "fileExtension": ".csv"
                                }
                            },
                            "enableStaging": false
                        },
                        "inputs": [
                            {
                                "referenceName": "in_ds_db_pro2qad_si_mstr",
                                "type": "DatasetReference",
                                "parameters": {}
                            }
                        ],
                        "outputs": [
                            {
                                "referenceName": "out_ds_adls_qad_si_mstr",
                                "type": "DatasetReference",
                                "parameters": {}
                            }
                        ]
                    }
                ],
                "folder": {
                    "name": "QAD"
                },
                "annotations": []
            },
            "dependsOn": []
        },
        {
            "name": "[concat(parameters('factoryName'), '/pipe_cp_pro2qad_adls_vd_mstr')]",
            "type": "Microsoft.DataFactory/factories/pipelines",
            "apiVersion": "2018-06-01",
            "properties": {
                "activities": [
                    {
                        "name": "act_cp_pro2qad_adls_vd_mstr",
                        "type": "Copy",
                        "dependsOn": [],
                        "policy": {
                            "timeout": "7.00:00:00",
                            "retry": 5,
                            "retryIntervalInSeconds": 600,
                            "secureOutput": false,
                            "secureInput": false
                        },
                        "userProperties": [],
                        "typeProperties": {
                            "source": {
                                "type": "AzureSqlSource"
                            },
                            "sink": {
                                "type": "DelimitedTextSink",
                                "storeSettings": {
                                    "type": "AzureBlobStorageWriteSetting",
                                    "maxConcurrentConnections": 5,
                                    "copyBehavior": null
                                },
                                "formatSettings": {
                                    "type": "DelimitedTextWriteSetting",
                                    "quoteAllText": true,
                                    "fileExtension": ".csv"
                                }
                            },
                            "enableStaging": false
                        },
                        "inputs": [
                            {
                                "referenceName": "in_ds_db_pro2qad_vd_mstr",
                                "type": "DatasetReference",
                                "parameters": {}
                            }
                        ],
                        "outputs": [
                            {
                                "referenceName": "out_ds_adls_qad_vd_mstr",
                                "type": "DatasetReference",
                                "parameters": {}
                            }
                        ]
                    }
                ],
                "folder": {
                    "name": "QAD"
                },
                "annotations": []
            },
            "dependsOn": []
        },
        {
            "name": "[concat(parameters('factoryName'), '/out_ds_qcpr_Instructor_score_compressions')]",
            "type": "Microsoft.DataFactory/factories/datasets",
            "apiVersion": "2018-06-01",
            "properties": {
                "linkedServiceName": {
                    "referenceName": "lnk_srv_asql_mi_qcpr_db",
                    "type": "LinkedServiceReference"
                },
                "folder": {
                    "name": "QCPR"
                },
                "annotations": [],
                "type": "AzureSqlTable",
                "structure": [
                    {
                        "name": "EventId",
                        "type": "String"
                    },
                    {
                        "name": "EventName",
                        "type": "String"
                    },
                    {
                        "name": "SessionId",
                        "type": "String"
                    },
                    {
                        "name": "Compression_Score",
                        "type": "String"
                    },
                    {
                        "name": "Average_Compression_Depth",
                        "type": "String"
                    },
                    {
                        "name": "Average_Compression_Rate",
                        "type": "String"
                    },
                    {
                        "name": "Average_Number_of_Compressions_per_Cycle",
                        "type": "String"
                    },
                    {
                        "name": "Percent_adequate_Depth",
                        "type": "String"
                    },
                    {
                        "name": "Percent_adequate_Rate",
                        "type": "String"
                    },
                    {
                        "name": "EventProcessedUtcTime",
                        "type": "String"
                    },
                    {
                        "name": "PartitionId",
                        "type": "String"
                    },
                    {
                        "name": "EventEnqueuedUtcTime",
                        "type": "String"
                    }
                ],
                "typeProperties": {
                    "tableName": "[[dbo].[Instructor_score_compressions]"
                }
            },
            "dependsOn": []
        },
        {
            "name": "[concat(parameters('factoryName'), '/out_ds_qcpr_Instructor_score_various')]",
            "type": "Microsoft.DataFactory/factories/datasets",
            "apiVersion": "2018-06-01",
            "properties": {
                "linkedServiceName": {
                    "referenceName": "lnk_srv_asql_mi_qcpr_db",
                    "type": "LinkedServiceReference"
                },
                "folder": {
                    "name": "QCPR"
                },
                "annotations": [],
                "type": "AzureSqlTable",
                "structure": [
                    {
                        "name": "EventId",
                        "type": "String"
                    },
                    {
                        "name": "EventName",
                        "type": "String"
                    },
                    {
                        "name": "SessionId",
                        "type": "String"
                    },
                    {
                        "name": "Hint_For_Improvement",
                        "type": "String"
                    },
                    {
                        "name": "Total_Time",
                        "type": "String"
                    },
                    {
                        "name": "Total_Score",
                        "type": "String"
                    },
                    {
                        "name": "Average_No_Flow_Time",
                        "type": "String"
                    },
                    {
                        "name": "EventProcessedUtcTime",
                        "type": "String"
                    },
                    {
                        "name": "PartitionId",
                        "type": "String"
                    },
                    {
                        "name": "EventEnqueuedUtcTime",
                        "type": "String"
                    }
                ],
                "typeProperties": {
                    "tableName": "[[dbo].[Instructor_score_various]"
                }
            },
            "dependsOn": []
        },
        {
            "name": "[concat(parameters('factoryName'), '/out_ds_qcpr_sql_Instructor_LifetimeData')]",
            "type": "Microsoft.DataFactory/factories/datasets",
            "apiVersion": "2018-06-01",
            "properties": {
                "linkedServiceName": {
                    "referenceName": "lnk_srv_asql_mi_qcpr_db",
                    "type": "LinkedServiceReference"
                },
                "folder": {
                    "name": "QCPR"
                },
                "annotations": [],
                "type": "AzureSqlTable",
                "structure": [
                    {
                        "name": "EventId",
                        "type": "String"
                    },
                    {
                        "name": "EventName",
                        "type": "String"
                    },
                    {
                        "name": "SessionId",
                        "type": "String"
                    },
                    {
                        "name": "CompressionsCounter",
                        "type": "String"
                    },
                    {
                        "name": "VentilationsCounter",
                        "type": "String"
                    },
                    {
                        "name": "BatteryChangeCounter",
                        "type": "String"
                    },
                    {
                        "name": "CriticalBatteryLevelCounter",
                        "type": "String"
                    },
                    {
                        "name": "RuntimeBatteriesMinutes",
                        "type": "String"
                    },
                    {
                        "name": "RuntimeAdapterMinutes",
                        "type": "String"
                    },
                    {
                        "name": "PowerOnCounter",
                        "type": "String"
                    },
                    {
                        "name": "Skillguide_RuntimeMinutes",
                        "type": "String"
                    },
                    {
                        "name": "Skillguide_ButtonPressCounter",
                        "type": "String"
                    },
                    {
                        "name": "CurrentRawRestingValue_2",
                        "type": "String"
                    },
                    {
                        "name": "CurrentRawRestingValue_8",
                        "type": "String"
                    },
                    {
                        "name": "EventProcessedUtcTime",
                        "type": "String"
                    },
                    {
                        "name": "PartitionId",
                        "type": "String"
                    },
                    {
                        "name": "EventEnqueuedUtcTime",
                        "type": "String"
                    }
                ],
                "typeProperties": {
                    "tableName": "[[dbo].[LifetimeData]"
                }
            },
            "dependsOn": []
        },
        {
            "name": "[concat(parameters('factoryName'), '/out_ds_qcpr_sql_Instructor_Session_Collection_View')]",
            "type": "Microsoft.DataFactory/factories/datasets",
            "apiVersion": "2018-06-01",
            "properties": {
                "linkedServiceName": {
                    "referenceName": "lnk_srv_asql_mi_qcpr_db",
                    "type": "LinkedServiceReference"
                },
                "folder": {
                    "name": "QCPR"
                },
                "annotations": [],
                "type": "AzureSqlTable",
                "structure": [
                    {
                        "name": "EventId",
                        "type": "String"
                    },
                    {
                        "name": "EventName",
                        "type": "String"
                    },
                    {
                        "name": "SessionId",
                        "type": "String"
                    },
                    {
                        "name": "Session_Type",
                        "type": "String"
                    },
                    {
                        "name": "Session_Duration",
                        "type": "String"
                    },
                    {
                        "name": "Number_of_Manikins_Connected",
                        "type": "String"
                    },
                    {
                        "name": "Connected_Manikins_Types",
                        "type": "String"
                    },
                    {
                        "name": "RaceMode",
                        "type": "String"
                    },
                    {
                        "name": "Previous_page",
                        "type": "String"
                    },
                    {
                        "name": "EventProcessedUtcTime",
                        "type": "String"
                    },
                    {
                        "name": "PartitionId",
                        "type": "String"
                    },
                    {
                        "name": "EventEnqueuedUtcTime",
                        "type": "String"
                    }
                ],
                "typeProperties": {
                    "tableName": "[[dbo].[Instructor_Session_Collection_View]"
                }
            },
            "dependsOn": []
        },
        {
            "name": "[concat(parameters('factoryName'), '/out_ds_qcpr_sql_Instructor_device_connected')]",
            "type": "Microsoft.DataFactory/factories/datasets",
            "apiVersion": "2018-06-01",
            "properties": {
                "linkedServiceName": {
                    "referenceName": "lnk_srv_asql_mi_qcpr_db",
                    "type": "LinkedServiceReference"
                },
                "folder": {
                    "name": "QCPR"
                },
                "annotations": [],
                "type": "AzureSqlTable",
                "structure": [
                    {
                        "name": "EventId",
                        "type": "String"
                    },
                    {
                        "name": "EventName",
                        "type": "String"
                    },
                    {
                        "name": "SessionId",
                        "type": "String"
                    },
                    {
                        "name": "device_name",
                        "type": "String"
                    },
                    {
                        "name": "Serial_Number",
                        "type": "String"
                    },
                    {
                        "name": "Firmware_revision",
                        "type": "String"
                    },
                    {
                        "name": "NewFirmwareUpgradeAvailable",
                        "type": "String"
                    },
                    {
                        "name": "Manikin_Type",
                        "type": "String"
                    },
                    {
                        "name": "Supports15CompressionsMode",
                        "type": "String"
                    },
                    {
                        "name": "EventProcessedUtcTime",
                        "type": "String"
                    },
                    {
                        "name": "PartitionId",
                        "type": "String"
                    },
                    {
                        "name": "EventEnqueuedUtcTime",
                        "type": "String"
                    }
                ],
                "typeProperties": {
                    "tableName": "[[dbo].[Instructor_device_connected]"
                }
            },
            "dependsOn": []
        },
        {
            "name": "[concat(parameters('factoryName'), '/out_ds_qcpr_sql_Instructor_score_ventilations')]",
            "type": "Microsoft.DataFactory/factories/datasets",
            "apiVersion": "2018-06-01",
            "properties": {
                "linkedServiceName": {
                    "referenceName": "lnk_srv_asql_mi_qcpr_db",
                    "type": "LinkedServiceReference"
                },
                "folder": {
                    "name": "QCPR"
                },
                "annotations": [],
                "type": "AzureSqlTable",
                "structure": [
                    {
                        "name": "EventId",
                        "type": "String"
                    },
                    {
                        "name": "EventName",
                        "type": "String"
                    },
                    {
                        "name": "SessionId",
                        "type": "String"
                    },
                    {
                        "name": "Ventilation_Score",
                        "type": "String"
                    },
                    {
                        "name": "Average_Volume",
                        "type": "String"
                    },
                    {
                        "name": "Ventilations_Per_Cycle_Statistics",
                        "type": "String"
                    },
                    {
                        "name": "Max_Number_Of_Ventilations_In_Cycle",
                        "type": "String"
                    },
                    {
                        "name": "Min_Number_Of_Ventilations_In_Cycle",
                        "type": "String"
                    },
                    {
                        "name": "Number_Of_Ventilation_Cycles",
                        "type": "String"
                    },
                    {
                        "name": "Number_Of_Ventilations",
                        "type": "String"
                    },
                    {
                        "name": "PercentAdequateDepth",
                        "type": "String"
                    },
                    {
                        "name": "Percent_Adequate_Rate",
                        "type": "String"
                    },
                    {
                        "name": "Percentage_Adequate_Volume",
                        "type": "String"
                    },
                    {
                        "name": "Percentage_Too_High_Volume",
                        "type": "String"
                    },
                    {
                        "name": "Percentage_Too_Low_Volume",
                        "type": "String"
                    },
                    {
                        "name": "Percent_Compressions_Too_Fast",
                        "type": "String"
                    },
                    {
                        "name": "Percent_Compressions_Too_Slow",
                        "type": "String"
                    },
                    {
                        "name": "Percent_Compressions_With_Complete_Release",
                        "type": "String"
                    },
                    {
                        "name": "Percent_Compressions_With_Correct_HandPosition",
                        "type": "String"
                    },
                    {
                        "name": "Percent_Hands_On_Time",
                        "type": "String"
                    },
                    {
                        "name": "Percent_TooDeepDepth",
                        "type": "String"
                    },
                    {
                        "name": "Percent_TooShallowDepth",
                        "type": "String"
                    },
                    {
                        "name": "Standard_DeviationOnVolume",
                        "type": "String"
                    },
                    {
                        "name": "Standard_DeviationCompressionRate",
                        "type": "String"
                    },
                    {
                        "name": "Number_Of_Compression_Cycles",
                        "type": "String"
                    },
                    {
                        "name": "EventProcessedUtcTime",
                        "type": "String"
                    },
                    {
                        "name": "PartitionId",
                        "type": "String"
                    },
                    {
                        "name": "EventEnqueuedUtcTime",
                        "type": "String"
                    }
                ],
                "typeProperties": {
                    "tableName": "[[dbo].[Instructor_score_ventilations]"
                }
            },
            "dependsOn": []
        },
        {
            "name": "[concat(parameters('factoryName'), '/df_adls_badevdb_DimCurrency')]",
            "type": "Microsoft.DataFactory/factories/dataflows",
            "apiVersion": "2018-06-01",
            "properties": {
                "folder": {
                    "name": "QAD"
                },
                "type": "MappingDataFlow",
                "typeProperties": {
                    "sources": [
                        {
                            "dataset": {
                                "referenceName": "in_ds_adls_qad_DimCurrency",
                                "type": "DatasetReference"
                            },
                            "name": "srcDimCurrency",
                            "typeProperties": {},
                            "script": "source(output(\n\t\tFromCurrency as string,\n\t\tCurrencyName as string,\n\t\tToCurrency as string,\n\t\tExchangeRate as double\n\t),\n\tallowSchemaDrift: true,\n\tvalidateSchema: false) ~> srcDimCurrency"
                        },
                        {
                            "dataset": {
                                "referenceName": "in_df_ds_adls_qad_MAN_Currency",
                                "type": "DatasetReference"
                            },
                            "name": "srcManCurrency",
                            "typeProperties": {},
                            "script": "source(output(\n\t\tCurrencyCode as string,\n\t\tCurrencyName as string,\n\t\tExchangeRate as double '000000.000'\n\t),\n\tallowSchemaDrift: true,\n\tvalidateSchema: false) ~> srcManCurrency"
                        }
                    ],
                    "sinks": [
                        {
                            "dataset": {
                                "referenceName": "out_ds_badevdb_qad_DimCurrency",
                                "type": "DatasetReference"
                            },
                            "name": "snkDimCurrency",
                            "script": "unionwithMANCurrency sink(input(\n\t\tCurrencyId as integer,\n\t\tCurrencyCode as string,\n\t\tCurrencyName as string,\n\t\tExchangeRate as decimal(15,3)\n\t),\n\tallowSchemaDrift: true,\n\tvalidateSchema: false,\n\tformat: 'table',\n\tdeletable:false,\n\tinsertable:true,\n\tupdateable:false,\n\tupsertable:false,\n\tmapColumn(\n\t\tCurrencyCode,\n\t\tCurrencyName,\n\t\tExchangeRate\n\t),\n\ttruncate:true) ~> snkDimCurrency"
                        }
                    ],
                    "transformations": [
                        {
                            "name": "selectColumns",
                            "script": "srcDimCurrency select(mapColumn(\n\t\tCurrencyCode = FromCurrency,\n\t\tCurrencyName,\n\t\tExchangeRate\n\t))~> selectColumns"
                        },
                        {
                            "name": "unionwithMANCurrency",
                            "script": "selectColumns, srcManCurrency union(byName: true)~> unionwithMANCurrency"
                        }
                    ]
                }
            },
            "dependsOn": []
        },
        {
            "name": "[concat(parameters('factoryName'), '/df_adls_badevdb_DimCurrencyTC')]",
            "type": "Microsoft.DataFactory/factories/dataflows",
            "apiVersion": "2018-06-01",
            "properties": {
                "folder": {
                    "name": "QAD"
                },
                "type": "MappingDataFlow",
                "typeProperties": {
                    "sources": [
                        {
                            "dataset": {
                                "referenceName": "in_df_ds_adls_qad_exchangerate",
                                "type": "DatasetReference"
                            },
                            "name": "dfsrcadlsqadexchangerate",
                            "typeProperties": {},
                            "script": "source(output(\n\t\tprrowid as string,\n\t\texchangerate_id as string,\n\t\tsharedset_id as string,\n\t\texchangeratevaliddatefrom as string,\n\t\texchangeratevaliddatetill as string,\n\t\texchangerate as string,\n\t\tfromcurrency_id as string,\n\t\ttocurrency_id as string,\n\t\texchangeratetype_id as string,\n\t\texchangeratescale as string,\n\t\tlastmodifieddate as string,\n\t\tlastmodifiedtime as string,\n\t\tlastmodifieduser as string,\n\t\tqadc01 as string,\n\t\tqadc02 as string,\n\t\tqadt01 as string,\n\t\tqadd01 as string,\n\t\tPro2SrcPDB as string,\n\t\tpro2created as string,\n\t\tpro2modified as string\n\t),\n\tallowSchemaDrift: true,\n\tvalidateSchema: false) ~> dfsrcadlsqadexchangerate"
                        },
                        {
                            "dataset": {
                                "referenceName": "in_df_ds_adls_qad_currency",
                                "type": "DatasetReference"
                            },
                            "name": "dfsrcadlsqadcurrency",
                            "typeProperties": {},
                            "script": "source(output(\n\t\tprrowid as string,\n\t\tcurrency_id as string,\n\t\troundingmethod_id as string,\n\t\tcurrencycode as string,\n\t\tcurrencydescription as string,\n\t\tcurrencydecimaldescription as string,\n\t\tcurrencyisactive as string,\n\t\tcurrencynumberofdecimals as string,\n\t\tcustomshort0 as string,\n\t\tcustomshort1 as string,\n\t\tcustomshort2 as string,\n\t\tcustomshort3 as string,\n\t\tcustomshort4 as string,\n\t\tcustomshort5 as string,\n\t\tcustomshort6 as string,\n\t\tcustomshort7 as string,\n\t\tcustomshort8 as string,\n\t\tcustomshort9 as string,\n\t\tcustomcombo0 as string,\n\t\tcustomcombo1 as string,\n\t\tcustomcombo2 as string,\n\t\tcustomcombo3 as string,\n\t\tcustomcombo4 as string,\n\t\tcustomcombo5 as string,\n\t\tcustomcombo6 as string,\n\t\tcustomcombo7 as string,\n\t\tcustomcombo8 as string,\n\t\tcustomcombo9 as string,\n\t\tcustomlong0 as string,\n\t\tcustomlong1 as string,\n\t\tcustomnote as string,\n\t\tcustomdate0 as string,\n\t\tcustomdate1 as string,\n\t\tcustomdate2 as string,\n\t\tcustomdate3 as string,\n\t\tcustomdate4 as string,\n\t\tcustominteger0 as string,\n\t\tcustominteger1 as string,\n\t\tcustominteger2 as string,\n\t\tcustominteger3 as string,\n\t\tcustominteger4 as string,\n\t\tcustomdecimal0 as string,\n\t\tcustomdecimal1 as string,\n\t\tcustomdecimal2 as string,\n\t\tcustomdecimal3 as string,\n\t\tcustomdecimal4 as string,\n\t\tlastmodifieddate as string,\n\t\tlastmodifiedtime as string,\n\t\tlastmodifieduser as string,\n\t\tqadc01 as string,\n\t\tqadc02 as string,\n\t\tqadt01 as string,\n\t\tqadd01 as string,\n\t\tcustomshort10 as string,\n\t\tcustomshort11 as string,\n\t\tcustomshort12 as string,\n\t\tcustomshort13 as string,\n\t\tcustomshort14 as string,\n\t\tcustomcombo10 as string,\n\t\tcustomcombo11 as string,\n\t\tcustomcombo12 as string,\n\t\tcustomcombo13 as string,\n\t\tcustomcombo14 as string,\n\t\tPro2SrcPDB as string,\n\t\tpro2created as string,\n\t\tpro2modified as string\n\t),\n\tallowSchemaDrift: true,\n\tvalidateSchema: false) ~> dfsrcadlsqadcurrency"
                        }
                    ],
                    "sinks": [
                        {
                            "dataset": {
                                "referenceName": "out_df_ds_badevdb_DimCurrencyTC",
                                "type": "DatasetReference"
                            },
                            "name": "dfoutbadevdbcurrencyTC",
                            "script": "dfdervcoldateid sink(input(\n\t\tCurrencyTCId as integer,\n\t\tTimeID as date,\n\t\tCurrencyCode as string,\n\t\tCurrencyName as string,\n\t\tExchangeRate as string\n\t),\n\tallowSchemaDrift: true,\n\tvalidateSchema: false,\n\tformat: 'table',\n\tdeletable:false,\n\tinsertable:true,\n\tupdateable:false,\n\tupsertable:false,\n\tmapColumn(\n\t\tTimeID,\n\t\tCurrencyCode = currencycode,\n\t\tCurrencyName = currencydescription,\n\t\tExchangeRate = exchangerate\n\t),\n\ttruncate:true) ~> dfoutbadevdbcurrencyTC"
                        }
                    ],
                    "transformations": [
                        {
                            "name": "dfjoinadlsqadechangewithcurrency",
                            "script": "dffilternokcurrency, dfsrcadlsqadcurrency join(fromcurrency_id == currency_id,\n\tjoinType:'left',\n\tbroadcast: 'none')~> dfjoinadlsqadechangewithcurrency"
                        },
                        {
                            "name": "dffilternokcurrency",
                            "script": "dfsrcadlsqadexchangerate filter(toInteger(tocurrency_id)==93346) ~> dffilternokcurrency"
                        },
                        {
                            "name": "dfdervcoldateid",
                            "script": "dfjoinadlsqadechangewithcurrency derive(TimeID = toDate(substring(exchangeratevaliddatefrom,1,10))) ~> dfdervcoldateid"
                        }
                    ]
                }
            },
            "dependsOn": []
        },
        {
            "name": "[concat(parameters('factoryName'), '/df_adls_badevdb_DimDeliveryPrecision')]",
            "type": "Microsoft.DataFactory/factories/dataflows",
            "apiVersion": "2018-06-01",
            "properties": {
                "folder": {
                    "name": "QAD"
                },
                "type": "MappingDataFlow",
                "typeProperties": {
                    "sources": [
                        {
                            "dataset": {
                                "referenceName": "in_ds_adls_qad_DimDeliveryPrecision",
                                "type": "DatasetReference"
                            },
                            "name": "srcManDimDeliveryPrecision",
                            "typeProperties": {},
                            "script": "source(output(\n\t\tDeliveryPrecision as string,\n\t\tDeliveryPrecisionDetail as string\n\t),\n\tallowSchemaDrift: true,\n\tvalidateSchema: false) ~> srcManDimDeliveryPrecision"
                        }
                    ],
                    "sinks": [
                        {
                            "dataset": {
                                "referenceName": "out_ds_badevdb_DimDeliveryPrecision",
                                "type": "DatasetReference"
                            },
                            "name": "snkDimDeliveryPrecision",
                            "script": "srcManDimDeliveryPrecision sink(input(\n\t\tDeliveryPrecisionId as integer,\n\t\tDeliveryPrecision as string,\n\t\tDeliveryPrecisionDetail as string\n\t),\n\tallowSchemaDrift: true,\n\tvalidateSchema: false,\n\tformat: 'table',\n\tdeletable:false,\n\tinsertable:true,\n\tupdateable:false,\n\tupsertable:false,\n\ttruncate:true) ~> snkDimDeliveryPrecision"
                        }
                    ],
                    "transformations": []
                }
            },
            "dependsOn": []
        },
        {
            "name": "[concat(parameters('factoryName'), '/df_adls_badevdb_DimDistributionCenter')]",
            "type": "Microsoft.DataFactory/factories/dataflows",
            "apiVersion": "2018-06-01",
            "properties": {
                "folder": {
                    "name": "QAD"
                },
                "type": "MappingDataFlow",
                "typeProperties": {
                    "sources": [
                        {
                            "dataset": {
                                "referenceName": "in_df_ds_adls_qad_si_mstr",
                                "type": "DatasetReference"
                            },
                            "name": "dfoutsrcsimstr",
                            "typeProperties": {},
                            "script": "source(output(\n\t\tprrowid as string,\n\t\tsi_site as string,\n\t\tsi_desc as string,\n\t\tsi_entity as string,\n\t\tsi_status as string,\n\t\tsi_auto_loc as string,\n\t\tsi_user1 as string,\n\t\tsi_user2 as string,\n\t\tsi__chr01 as string,\n\t\tsi__chr02 as string,\n\t\tsi__chr03 as string,\n\t\tsi__chr04 as string,\n\t\tsi__chr05 as string,\n\t\tsi__dte01 as string,\n\t\tsi__dte02 as string,\n\t\tsi__dec01 as string,\n\t\tsi__dec02 as string,\n\t\tsi__log01 as string,\n\t\tsi_gl_set as string,\n\t\tsi_cur_set as string,\n\t\tsi_db as string,\n\t\tsi_xfer_acct as string,\n\t\tsi_xfer_cc as string,\n\t\tsi_git_acct as string,\n\t\tsi_git_cc as string,\n\t\tsi_canrun as string,\n\t\tsi_ext_vd as string,\n\t\tsi_btb_vend as string,\n\t\tsi_git_sub as string,\n\t\tsi_xfer_sub as string,\n\t\tsi_decl as string,\n\t\tsi_xfer_ownership as string,\n\t\tsi_git_location as string,\n\t\tsi_domain as string,\n\t\tsi_type as string,\n\t\toid_si_mstr as string,\n\t\tsi_insp_loc as string,\n\t\tsi_useplansched_wbs as string,\n\t\tsi_mod_userid as string,\n\t\tsi_mod_date as string,\n\t\tPro2SrcPDB as string,\n\t\tpro2created as string,\n\t\tpro2modified as string\n\t),\n\tallowSchemaDrift: true,\n\tvalidateSchema: false) ~> dfoutsrcsimstr"
                        },
                        {
                            "dataset": {
                                "referenceName": "in_df_ds_adls_qad_ad_mstr",
                                "type": "DatasetReference"
                            },
                            "name": "dfoutsrcadmstr",
                            "typeProperties": {},
                            "script": "source(output(\n\t\tprrowid as string,\n\t\tad_addr as string,\n\t\tad_name as string,\n\t\tad_line1 as string,\n\t\tad_line2 as string,\n\t\tad_city as string,\n\t\tad_state as string,\n\t\tad_zip as string,\n\t\tad_type as string,\n\t\tad_attn as string,\n\t\tad_phone as string,\n\t\tad_ext as string,\n\t\tad_ref as string,\n\t\tad_sort as string,\n\t\tad_country as string,\n\t\tad_attn2 as string,\n\t\tad_phone2 as string,\n\t\tad_ext2 as string,\n\t\tad_fax as string,\n\t\tad_fax2 as string,\n\t\tad_line3 as string,\n\t\tad_user1 as string,\n\t\tad_user2 as string,\n\t\tad_lang as string,\n\t\tad_pst_id as string,\n\t\tad_date as string,\n\t\tad_county as string,\n\t\tad_temp as string,\n\t\tad_bk_acct1 as string,\n\t\tad_bk_acct2 as string,\n\t\tad_format as string,\n\t\tad_vat_reg as string,\n\t\tad_coc_reg as string,\n\t\tad_gst_id as string,\n\t\tad_tax_type as string,\n\t\tad_taxc as string,\n\t\tad_taxable as string,\n\t\tad_tax_in as string,\n\t\tad_edi_tpid as string,\n\t\tad_timezone as string,\n\t\tad_mod_date as string,\n\t\tad_userid as string,\n\t\tad_edi_id as string,\n\t\t{ad_edi_ctrl##1} as string,\n\t\t{ad_edi_ctrl##2} as string,\n\t\t{ad_edi_ctrl##3} as string,\n\t\t{ad_edi_ctrl##4} as string,\n\t\t{ad_edi_ctrl##5} as string,\n\t\tad_conrep as string,\n\t\tad_barlbl_prt as string,\n\t\tad_barlbl_val as string,\n\t\tad_calendar as string,\n\t\tad_edi_std as string,\n\t\tad_edi_level as string,\n\t\tad__qad01 as string,\n\t\tad__qad02 as string,\n\t\tad__qad03 as string,\n\t\tad__qad04 as string,\n\t\tad__qad05 as string,\n\t\tad__chr01 as string,\n\t\tad__chr02 as string,\n\t\tad__chr03 as string,\n\t\tad__chr04 as string,\n\t\tad__chr05 as string,\n\t\tad_tp_loc_code as string,\n\t\tad_ctry as string,\n\t\tad_tax_zone as string,\n\t\tad_tax_usage as string,\n\t\tad_misc1_id as string,\n\t\tad_misc2_id as string,\n\t\tad_misc3_id as string,\n\t\tad_wk_offset as string,\n\t\tad_inv_mthd as string,\n\t\tad_sch_mthd as string,\n\t\tad_po_mthd as string,\n\t\tad_asn_data as string,\n\t\tad_intr_division as string,\n\t\tad_tax_report as string,\n\t\tad_name_control as string,\n\t\tad_last_file as string,\n\t\tad_domain as string,\n\t\toid_ad_mstr as string,\n\t\tad_email as string,\n\t\tad_email2 as string,\n\t\tad_bus_relation as string,\n\t\tad_priority as string,\n\t\tad_route as string,\n\t\tad_loadseq as string,\n\t\tad_pick_by_date as string,\n\t\tad_profile as string,\n\t\tad_address_id as string,\n\t\tad_tax_in_city as string,\n\t\tad_ns_pr_list as string,\n\t\tad_alt_um as string,\n\t\tad_city_code as string,\n\t\tPro2SrcPDB as string,\n\t\tpro2created as string,\n\t\tpro2modified as string\n\t),\n\tallowSchemaDrift: true,\n\tvalidateSchema: false) ~> dfoutsrcadmstr"
                        },
                        {
                            "dataset": {
                                "referenceName": "in_df_ds_adls_qad_sitetype",
                                "type": "DatasetReference"
                            },
                            "name": "dfoutsrcsitetype",
                            "typeProperties": {},
                            "script": "source(output(\n\t\tSite_Id as string,\n\t\tDomainCode as string,\n\t\tSite as string,\n\t\tSiteID as string,\n\t\t{Site Type} as string\n\t),\n\tallowSchemaDrift: true,\n\tvalidateSchema: false) ~> dfoutsrcsitetype"
                        }
                    ],
                    "sinks": [
                        {
                            "dataset": {
                                "referenceName": "out_df_ds_badevdb_DimDistributionCenter",
                                "type": "DatasetReference"
                            },
                            "name": "dfoutsinkdevdbdimdistribution",
                            "script": "dfjoinwithsitetype sink(input(\n\t\tSiteId as integer,\n\t\tSiteCode as string,\n\t\tSiteName as string,\n\t\tSiteType as string,\n\t\tSiteRegion as string,\n\t\tSiteCountry as string,\n\t\tSiteCity as string,\n\t\tSiteZipCode as string\n\t),\n\tallowSchemaDrift: true,\n\tvalidateSchema: false,\n\tformat: 'table',\n\tdeletable:false,\n\tinsertable:true,\n\tupdateable:false,\n\tupsertable:false,\n\tmapColumn(\n\t\tSiteCode = si_site,\n\t\tSiteName = si_desc,\n\t\tSiteType = {Site Type},\n\t\tSiteRegion = si_domain,\n\t\tSiteCountry = ad_country,\n\t\tSiteCity = ad_city,\n\t\tSiteZipCode = ad_zip\n\t),\n\ttruncate:true) ~> dfoutsinkdevdbdimdistribution"
                        }
                    ],
                    "transformations": [
                        {
                            "name": "dfjoinwithadmstr",
                            "script": "dfoutsrcsimstr, dfoutsrcadmstr join(si_domain == ad_domain\n\t&& si_site == ad_addr,\n\tjoinType:'left',\n\tbroadcast: 'none')~> dfjoinwithadmstr"
                        },
                        {
                            "name": "dfjoinwithsitetype",
                            "script": "dfjoinwithadmstr, dfoutsrcsitetype join(si_domain == DomainCode\n\t&& si_site == SiteID,\n\tjoinType:'left',\n\tbroadcast: 'none')~> dfjoinwithsitetype"
                        }
                    ]
                }
            },
            "dependsOn": []
        },
        {
            "name": "[concat(parameters('factoryName'), '/df_adls_badevdb_DimDomain')]",
            "type": "Microsoft.DataFactory/factories/dataflows",
            "apiVersion": "2018-06-01",
            "properties": {
                "folder": {
                    "name": "QAD"
                },
                "type": "MappingDataFlow",
                "typeProperties": {
                    "sources": [
                        {
                            "dataset": {
                                "referenceName": "in_df_ds_adls_qad_domains",
                                "type": "DatasetReference"
                            },
                            "name": "srcDomain",
                            "typeProperties": {},
                            "script": "source(output(\n\t\tprrowid as string,\n\t\tdomain_id as string,\n\t\tlng_id as string,\n\t\tprimarycompany_id as string,\n\t\tdomaincode as string,\n\t\tdomaintype as string,\n\t\tdomaindatabase as string,\n\t\tdomainisactive as string,\n\t\tdomainpropath as string,\n\t\tlastmodifieddate as string,\n\t\tlastmodifiedtime as string,\n\t\tlastmodifieduser as string,\n\t\tdomaintimezone as string,\n\t\tqadc01 as string,\n\t\tqadc02 as string,\n\t\tqadt01 as string,\n\t\tqadd01 as string,\n\t\tPro2SrcPDB as string,\n\t\tpro2created as string,\n\t\tpro2modified as string\n\t),\n\tallowSchemaDrift: true,\n\tvalidateSchema: false,\n\tlimit: 1000) ~> srcDomain"
                        },
                        {
                            "dataset": {
                                "referenceName": "in_df_ds_adls_qad_domainproperty",
                                "type": "DatasetReference"
                            },
                            "name": "srcDomainProperty",
                            "typeProperties": {},
                            "script": "source(output(\n\t\tprrowid as string,\n\t\tdomainproperty_id as string,\n\t\tdomain_id as string,\n\t\tcurrency_id as string,\n\t\tintercoargl_id as string,\n\t\tintercoapgl_id as string,\n\t\tintercoicgl_id as string,\n\t\tintercojegl_id as string,\n\t\tintercofagl_id as string,\n\t\tdomainpropertyname as string,\n\t\tdomainpropertysearchname as string,\n\t\tdomainpropertyissetupcompl as string,\n\t\tobsoletedompropglmaskgl as string,\n\t\tdomainpropertyismaskdiv as string,\n\t\tdomainpropertyismaskcc as string,\n\t\tdomainpropertyismaskproj as string,\n\t\tdomainpropertycodepage as string,\n\t\tdomainpropertyexceptlist as string,\n\t\tstatutorycurrency_id as string,\n\t\tdomainpropertyisstatutory as string,\n\t\tdomainpropertyismaskdivall as string,\n\t\tdomainpropertyismaskccall as string,\n\t\tdomainpropertyismaskprjall as string,\n\t\tdomainpropertyiswht as string,\n\t\tdomainpropertyisconsecutnr as string,\n\t\tdomainpropertyispopupinvnr as string,\n\t\tdomainpropertyischronolnr as string,\n\t\tdomainpropertynonchronerr as string,\n\t\tdomainpropertyistaxvalid as string,\n\t\tqadc01 as string,\n\t\tqadc02 as string,\n\t\tqadt01 as string,\n\t\tqadd01 as string,\n\t\tdomainpropertyisinvcertific as string,\n\t\tprepaypaymentcondition_id as string,\n\t\tdeductpaymentcondition_id as string,\n\t\tdomainpropertyisaddwhtnumber as string,\n\t\tdomainpropertywhtduemoment as string,\n\t\tdomainpropertyispibflogenabled as string,\n\t\tPro2SrcPDB as string,\n\t\tpro2created as string,\n\t\tpro2modified as string\n\t),\n\tallowSchemaDrift: true,\n\tvalidateSchema: false,\n\tlimit: 1000) ~> srcDomainProperty"
                        },
                        {
                            "dataset": {
                                "referenceName": "in_df_ds_adls_qad_domain_currency",
                                "type": "DatasetReference"
                            },
                            "name": "srcCurrency",
                            "typeProperties": {},
                            "script": "source(output(\n\t\tprrowid as string,\n\t\tcurrency_id as string,\n\t\troundingmethod_id as string,\n\t\tcurrencycode as string,\n\t\tcurrencydescription as string,\n\t\tcurrencydecimaldescription as string,\n\t\tcurrencyisactive as string,\n\t\tcurrencynumberofdecimals as string,\n\t\tcustomshort0 as string,\n\t\tcustomshort1 as string,\n\t\tcustomshort2 as string,\n\t\tcustomshort3 as string,\n\t\tcustomshort4 as string,\n\t\tcustomshort5 as string,\n\t\tcustomshort6 as string,\n\t\tcustomshort7 as string,\n\t\tcustomshort8 as string,\n\t\tcustomshort9 as string,\n\t\tcustomcombo0 as string,\n\t\tcustomcombo1 as string,\n\t\tcustomcombo2 as string,\n\t\tcustomcombo3 as string,\n\t\tcustomcombo4 as string,\n\t\tcustomcombo5 as string,\n\t\tcustomcombo6 as string,\n\t\tcustomcombo7 as string,\n\t\tcustomcombo8 as string,\n\t\tcustomcombo9 as string,\n\t\tcustomlong0 as string,\n\t\tcustomlong1 as string,\n\t\tcustomnote as string,\n\t\tcustomdate0 as string,\n\t\tcustomdate1 as string,\n\t\tcustomdate2 as string,\n\t\tcustomdate3 as string,\n\t\tcustomdate4 as string,\n\t\tcustominteger0 as string,\n\t\tcustominteger1 as string,\n\t\tcustominteger2 as string,\n\t\tcustominteger3 as string,\n\t\tcustominteger4 as string,\n\t\tcustomdecimal0 as string,\n\t\tcustomdecimal1 as string,\n\t\tcustomdecimal2 as string,\n\t\tcustomdecimal3 as string,\n\t\tcustomdecimal4 as string,\n\t\tlastmodifieddate as string,\n\t\tlastmodifiedtime as string,\n\t\tlastmodifieduser as string,\n\t\tqadc01 as string,\n\t\tqadc02 as string,\n\t\tqadt01 as string,\n\t\tqadd01 as string,\n\t\tcustomshort10 as string,\n\t\tcustomshort11 as string,\n\t\tcustomshort12 as string,\n\t\tcustomshort13 as string,\n\t\tcustomshort14 as string,\n\t\tcustomcombo10 as string,\n\t\tcustomcombo11 as string,\n\t\tcustomcombo12 as string,\n\t\tcustomcombo13 as string,\n\t\tcustomcombo14 as string,\n\t\tPro2SrcPDB as string,\n\t\tpro2created as string,\n\t\tpro2modified as string\n\t),\n\tallowSchemaDrift: true,\n\tvalidateSchema: false,\n\tlimit: 1000) ~> srcCurrency"
                        }
                    ],
                    "sinks": [
                        {
                            "dataset": {
                                "referenceName": "out_df_ds_badevdb_DimDomain",
                                "type": "DatasetReference"
                            },
                            "name": "snkDimDomain",
                            "script": "joinCurrency sink(input(\n\t\tDomainId as integer,\n\t\tDomainCode as string,\n\t\tDomainName as string,\n\t\tDomainCurrency as string\n\t),\n\tallowSchemaDrift: true,\n\tvalidateSchema: false,\n\tformat: 'table',\n\tdeletable:false,\n\tinsertable:true,\n\tupdateable:false,\n\tupsertable:false,\n\tmapColumn(\n\t\tDomainCode = domaincode,\n\t\tDomainName = domainpropertyname,\n\t\tDomainCurrency = currencycode\n\t),\n\ttruncate:true) ~> snkDimDomain"
                        }
                    ],
                    "transformations": [
                        {
                            "name": "joinDomainProperties",
                            "script": "srcDomain, srcDomainProperty join(srcDomain@domain_id == srcDomainProperty@domain_id,\n\tjoinType:'left',\n\tbroadcast: 'none')~> joinDomainProperties"
                        },
                        {
                            "name": "joinCurrency",
                            "script": "joinDomainProperties, srcCurrency join(srcDomainProperty@currency_id == srcCurrency@currency_id,\n\tjoinType:'left',\n\tbroadcast: 'none')~> joinCurrency"
                        }
                    ]
                }
            },
            "dependsOn": []
        },
        {
            "name": "[concat(parameters('factoryName'), '/df_adls_badevdb_DimItemPlanningDetail')]",
            "type": "Microsoft.DataFactory/factories/dataflows",
            "apiVersion": "2018-06-01",
            "properties": {
                "folder": {
                    "name": "QAD"
                },
                "type": "MappingDataFlow",
                "typeProperties": {
                    "sources": [
                        {
                            "dataset": {
                                "referenceName": "in_df_ds_adls_qad_ptp_det",
                                "type": "DatasetReference"
                            },
                            "name": "srcPTPDet",
                            "typeProperties": {},
                            "script": "source(output(\n\t\tprrowid as string,\n\t\tptp_part as string,\n\t\tptp_site as string,\n\t\tptp_batch as string,\n\t\tptp_bom_code as string,\n\t\tptp__qad01 as string,\n\t\tptp_buyer as string,\n\t\tptp_cum_lead as string,\n\t\tptp__qad02 as string,\n\t\tptp_ins_lead as string,\n\t\tptp_ins_rqd as string,\n\t\tptp_iss_pol as string,\n\t\tptp_mfg_lead as string,\n\t\tptp_ms as string,\n\t\tptp_ord_max as double '000000000.000',\n\t\tptp_ord_min as double '000000000.000',\n\t\tptp_ord_mult as double '000000000.000',\n\t\tptp_ord_per as integer,\n\t\tptp_ord_pol as string,\n\t\tptp_ord_qty as string,\n\t\tptp_phantom as string,\n\t\tptp_plan_ord as string,\n\t\tptp_pm_code as string,\n\t\tptp_pur_lead as integer,\n\t\tptp_rev as string,\n\t\tptp_rop as string,\n\t\tptp_routing as string,\n\t\tptp_run as string,\n\t\tptp_run_ll as string,\n\t\tptp_setup as string,\n\t\tptp_setup_ll as string,\n\t\tptp_sfty_stk as string,\n\t\tptp_sfty_tme as double '000000000.000',\n\t\tptp_timefnce as string,\n\t\tptp_user1 as string,\n\t\tptp_user2 as string,\n\t\tptp_vend as string,\n\t\tptp_yld_pct as string,\n\t\tptp_assay as string,\n\t\tptp_grade as string,\n\t\tptp_ll_bom as string,\n\t\tptp_eco_pend as string,\n\t\tptp_rollup as string,\n\t\tptp_added as string,\n\t\tptp_draw as string,\n\t\tptp_trantype as string,\n\t\tptp__chr01 as string,\n\t\tptp__chr02 as string,\n\t\tptp__chr03 as string,\n\t\tptp__chr04 as string,\n\t\tptp__chr05 as string,\n\t\tptp__chr06 as string,\n\t\tptp__chr07 as string,\n\t\tptp__chr08 as string,\n\t\tptp__chr09 as string,\n\t\tptp__chr10 as string,\n\t\tptp__dte01 as string,\n\t\tptp__dte02 as string,\n\t\tptp__dec01 as string,\n\t\tptp__dec02 as string,\n\t\tptp__log01 as string,\n\t\tptp__log02 as string,\n\t\tptp_ll_drp as string,\n\t\tptp__qad05 as string,\n\t\tptp_po_site as string,\n\t\tptp__qad04 as string,\n\t\tptp__qad03 as string,\n\t\tptp_mod_date as string,\n\t\tptp_userid as string,\n\t\tptp_network as string,\n\t\tptp_rollup_id as string,\n\t\tptp_mfg_pct as string,\n\t\tptp_pur_pct as string,\n\t\tptp_drp_pct as string,\n\t\tptp_pou_code as string,\n\t\tptp_wks_avg as string,\n\t\tptp_wks_max as string,\n\t\tptp_wks_min as string,\n\t\tptp_pick_logic as string,\n\t\tptp_joint_type as string,\n\t\tptp_btb_type as string,\n\t\tptp_cfg_type as string,\n\t\tptp_op_yield as string,\n\t\tptp_run_seq1 as string,\n\t\tptp_run_seq2 as string,\n\t\tptp_atp_enforcement as string,\n\t\tptp_atp_family as string,\n\t\tptp_domain as string,\n\t\toid_ptp_det as string,\n\t\tptp_insp_loc as string,\n\t\tptp_atp_horizon as string,\n\t\tptp_gcfg_type as string,\n\t\tptp_replenishment_mthd as string,\n\t\tPro2SrcPDB as string,\n\t\tpro2created as string,\n\t\tpro2modified as string\n\t),\n\tallowSchemaDrift: true,\n\tvalidateSchema: false) ~> srcPTPDet"
                        }
                    ],
                    "sinks": [
                        {
                            "dataset": {
                                "referenceName": "out_df_ds_badevdb_DimItemPlanningDetail",
                                "type": "DatasetReference"
                            },
                            "name": "snkDimPOLineDetails",
                            "script": "srcPTPDet sink(input(\n\t\tItemPlanningId as integer,\n\t\tPurchasedManufatured as string,\n\t\tBuyerPlanner as string,\n\t\tSuppplier as string,\n\t\tNetworkCode as string,\n\t\tOrderPeriod as integer,\n\t\tOrderPolicy as string,\n\t\tPurchaseLeadTime as integer,\n\t\tOrderMin as decimal(10,3),\n\t\tOrderMax as decimal(10,3),\n\t\tOrderMult as decimal(10,3),\n\t\tSafetyTime as decimal(10,3),\n\t\tDomain as string,\n\t\tPart as string,\n\t\tSite as string\n\t),\n\tallowSchemaDrift: true,\n\tvalidateSchema: false,\n\tformat: 'table',\n\tdeletable:false,\n\tinsertable:true,\n\tupdateable:false,\n\tupsertable:false,\n\tmapColumn(\n\t\tPurchasedManufatured = ptp_pm_code,\n\t\tBuyerPlanner = ptp_buyer,\n\t\tSuppplier = ptp_vend,\n\t\tNetworkCode = ptp_network,\n\t\tOrderPeriod = ptp_ord_per,\n\t\tOrderPolicy = ptp_ord_pol,\n\t\tPurchaseLeadTime = ptp_pur_lead,\n\t\tOrderMin = ptp_ord_min,\n\t\tOrderMax = ptp_ord_max,\n\t\tOrderMult = ptp_ord_mult,\n\t\tSafetyTime = ptp_sfty_tme,\n\t\tDomain = ptp_domain,\n\t\tPart = ptp_part,\n\t\tSite = ptp_site\n\t),\n\ttruncate:true) ~> snkDimPOLineDetails"
                        }
                    ],
                    "transformations": []
                }
            },
            "dependsOn": []
        }
    ]
}