{
    "$schema": "http://schema.management.azure.com/schemas/2015-01-01/deploymentTemplate.json#",
    "contentVersion": "1.0.0.0",
    "parameters": {
        "factoryName": {
            "type": "string",
            "metadata": "Data Factory Name",
            "defaultValue": "ba-dev-adf"
        },
        "ba_dev_adb_cluster_accessToken": {
            "type": "secureString",
            "metadata": "Secure string for 'accessToken' of 'ba_dev_adb_cluster'"
        },
        "ba_dev_asqlserver_connectionString": {
            "type": "secureString",
            "metadata": "Secure string for 'connectionString' of 'ba_dev_asqlserver'"
        },
        "badevadlsg2_connectionString": {
            "type": "secureString",
            "metadata": "Secure string for 'connectionString' of 'badevadlsg2'"
        },
        "board_test_connectionString": {
            "type": "secureString",
            "metadata": "Secure string for 'connectionString' of 'board_test'"
        },
        "boomi_to_adf_connectionString": {
            "type": "secureString",
            "metadata": "Secure string for 'connectionString' of 'boomi_to_adf'"
        },
        "lnk_AzureSQL_Dev_connectionString": {
            "type": "secureString",
            "metadata": "Secure string for 'connectionString' of 'lnk_AzureSQL_Dev'"
        },
        "lnk_asqldb_agile_connectionString": {
            "type": "secureString",
            "metadata": "Secure string for 'connectionString' of 'lnk_asqldb_agile'"
        },
        "lnk_srv_asql_mi_scm_db_connectionString": {
            "type": "secureString",
            "metadata": "Secure string for 'connectionString' of 'lnk_srv_asql_mi_scm_db'"
        },
        "mobilecenter_export_qcpr_instructor_connectionString": {
            "type": "secureString",
            "metadata": "Secure string for 'connectionString' of 'mobilecenter_export_qcpr_instructor'"
        },
        "qadpro2_eu_prod_connectionString": {
            "type": "secureString",
            "metadata": "Secure string for 'connectionString' of 'qadpro2_eu_prod'"
        },
        "LaerdalIR1-Linked-To-BA-Dev_properties_typeProperties_linkedInfo_resourceId": {
            "type": "string",
            "defaultValue": "/subscriptions/5e7e55a3-03fd-4e5d-9350-a32fd2c670fc/resourcegroups/it-bidatalake/providers/Microsoft.DataFactory/factories/it-bi-DataFactoryV2-HRIS/integrationruntimes/LaerdalIR1"
        }
    },
    "variables": {
        "factoryId": "[concat('Microsoft.DataFactory/factories/', parameters('factoryName'))]"
    },
    "resources": [
        {
            "name": "[concat(parameters('factoryName'), '/ba_dev_adb_cluster')]",
            "type": "Microsoft.DataFactory/factories/linkedServices",
            "apiVersion": "2018-06-01",
            "properties": {
                "annotations": [],
                "type": "AzureDatabricks",
                "typeProperties": {
                    "domain": "https://northeurope.azuredatabricks.net",
                    "accessToken": {
                        "type": "SecureString",
                        "value": "[parameters('ba_dev_adb_cluster_accessToken')]"
                    },
                    "existingClusterId": "0515-121312-add555"
                }
            },
            "dependsOn": []
        },
        {
            "name": "[concat(parameters('factoryName'), '/ba_dev_asqlserver')]",
            "type": "Microsoft.DataFactory/factories/linkedServices",
            "apiVersion": "2018-06-01",
            "properties": {
                "annotations": [],
                "type": "AzureSqlDatabase",
                "typeProperties": {
                    "connectionString": "[parameters('ba_dev_asqlserver_connectionString')]"
                }
            },
            "dependsOn": []
        },
        {
            "name": "[concat(parameters('factoryName'), '/badevadlsg2')]",
            "type": "Microsoft.DataFactory/factories/linkedServices",
            "apiVersion": "2018-06-01",
            "properties": {
                "description": "Business Analytics data lake store gen 2",
                "annotations": [],
                "type": "AzureBlobStorage",
                "typeProperties": {
                    "connectionString": "[parameters('badevadlsg2_connectionString')]"
                }
            },
            "dependsOn": []
        },
        {
            "name": "[concat(parameters('factoryName'), '/board_test')]",
            "type": "Microsoft.DataFactory/factories/linkedServices",
            "apiVersion": "2018-06-01",
            "properties": {
                "annotations": [],
                "type": "AzureSqlDatabase",
                "typeProperties": {
                    "connectionString": "[parameters('board_test_connectionString')]"
                }
            },
            "dependsOn": []
        },
        {
            "name": "[concat(parameters('factoryName'), '/boomi_to_adf')]",
            "type": "Microsoft.DataFactory/factories/linkedServices",
            "apiVersion": "2018-06-01",
            "properties": {
                "description": "Connection from Boomi to Azure Data Factory",
                "annotations": [],
                "type": "AzureSqlDatabase",
                "typeProperties": {
                    "connectionString": "[parameters('boomi_to_adf_connectionString')]"
                }
            },
            "dependsOn": []
        },
        {
            "name": "[concat(parameters('factoryName'), '/lnk_AzureSQL_Dev')]",
            "type": "Microsoft.DataFactory/factories/linkedServices",
            "apiVersion": "2018-06-01",
            "properties": {
                "annotations": [],
                "type": "AzureSqlDatabase",
                "typeProperties": {
                    "connectionString": "[parameters('lnk_AzureSQL_Dev_connectionString')]"
                }
            },
            "dependsOn": []
        },
        {
            "name": "[concat(parameters('factoryName'), '/lnk_asqldb_agile')]",
            "type": "Microsoft.DataFactory/factories/linkedServices",
            "apiVersion": "2018-06-01",
            "properties": {
                "annotations": [],
                "type": "AzureSqlDatabase",
                "typeProperties": {
                    "connectionString": "[parameters('lnk_asqldb_agile_connectionString')]"
                }
            },
            "dependsOn": []
        },
        {
            "name": "[concat(parameters('factoryName'), '/lnk_srv_asql_mi_scm_db')]",
            "type": "Microsoft.DataFactory/factories/linkedServices",
            "apiVersion": "2018-06-01",
            "properties": {
                "annotations": [],
                "type": "AzureSqlDatabase",
                "typeProperties": {
                    "connectionString": "[parameters('lnk_srv_asql_mi_scm_db_connectionString')]"
                }
            },
            "dependsOn": []
        },
        {
            "name": "[concat(parameters('factoryName'), '/mobilecenter_export_qcpr_instructor')]",
            "type": "Microsoft.DataFactory/factories/linkedServices",
            "apiVersion": "2018-06-01",
            "properties": {
                "description": "To get the history of QCPR device data",
                "annotations": [],
                "type": "AzureBlobStorage",
                "typeProperties": {
                    "connectionString": "[parameters('mobilecenter_export_qcpr_instructor_connectionString')]"
                }
            },
            "dependsOn": []
        },
        {
            "name": "[concat(parameters('factoryName'), '/qadpro2_eu_prod')]",
            "type": "Microsoft.DataFactory/factories/linkedServices",
            "apiVersion": "2018-06-01",
            "properties": {
                "annotations": [],
                "type": "AzureSqlDatabase",
                "typeProperties": {
                    "connectionString": "[parameters('qadpro2_eu_prod_connectionString')]"
                }
            },
            "dependsOn": []
        },
        {
            "name": "[concat(parameters('factoryName'), '/LaerdalIR1-Linked-To-BA-Dev')]",
            "type": "Microsoft.DataFactory/factories/integrationRuntimes",
            "apiVersion": "2018-06-01",
            "properties": {
                "type": "SelfHosted",
                "typeProperties": {
                    "linkedInfo": {
                        "resourceId": "[parameters('LaerdalIR1-Linked-To-BA-Dev_properties_typeProperties_linkedInfo_resourceId')]",
                        "authorizationType": "Rbac"
                    }
                }
            },
            "dependsOn": []
        },
        {
            "name": "[concat(parameters('factoryName'), '/ba-dev-dataflow-IR')]",
            "type": "Microsoft.DataFactory/factories/integrationRuntimes",
            "apiVersion": "2018-06-01",
            "properties": {
                "type": "Managed",
                "typeProperties": {
                    "computeProperties": {
                        "location": "AutoResolve",
                        "dataFlowProperties": {
                            "computeType": "General",
                            "coreCount": 8,
                            "timeToLiveInMinutes": 60
                        }
                    }
                }
            },
            "dependsOn": []
        },
        {
            "name": "[concat(parameters('factoryName'), '/integrationRuntime1')]",
            "type": "Microsoft.DataFactory/factories/integrationRuntimes",
            "apiVersion": "2018-06-01",
            "properties": {
                "type": "SelfHosted",
                "typeProperties": {}
            },
            "dependsOn": []
        },
        {
            "name": "[concat(parameters('factoryName'), '/AzureSqlTest2')]",
            "type": "Microsoft.DataFactory/factories/datasets",
            "apiVersion": "2018-06-01",
            "properties": {
                "linkedServiceName": {
                    "referenceName": "lnk_AzureSQL_Dev",
                    "type": "LinkedServiceReference"
                },
                "folder": {
                    "name": "QAD"
                },
                "annotations": [],
                "type": "AzureSqlTable",
                "schema": [
                    {
                        "name": "EventId",
                        "type": "varchar"
                    },
                    {
                        "name": "EventName",
                        "type": "varchar"
                    },
                    {
                        "name": "SessionId",
                        "type": "varchar"
                    },
                    {
                        "name": "CompressionsCounter",
                        "type": "varchar"
                    },
                    {
                        "name": "VentilationsCounter",
                        "type": "varchar"
                    },
                    {
                        "name": "BatteryChangeCounter",
                        "type": "varchar"
                    },
                    {
                        "name": "CriticalBatteryLevelCounter",
                        "type": "varchar"
                    },
                    {
                        "name": "RuntimeBatteriesMinutes",
                        "type": "varchar"
                    },
                    {
                        "name": "RuntimeAdapterMinutes",
                        "type": "varchar"
                    },
                    {
                        "name": "PowerOnCounter",
                        "type": "varchar"
                    },
                    {
                        "name": "Skillguide_RuntimeMinutes",
                        "type": "varchar"
                    },
                    {
                        "name": "Skillguide_ButtonPressCounter",
                        "type": "varchar"
                    },
                    {
                        "name": "CurrentRawRestingValue_2",
                        "type": "varchar"
                    },
                    {
                        "name": "CurrentRawRestingValue_8",
                        "type": "varchar"
                    },
                    {
                        "name": "EventProcessedUtcTime",
                        "type": "varchar"
                    },
                    {
                        "name": "PartitionId",
                        "type": "varchar"
                    },
                    {
                        "name": "EventEnqueuedUtcTime",
                        "type": "varchar"
                    },
                    {
                        "name": "DeriveCol",
                        "type": "varchar"
                    }
                ],
                "typeProperties": {
                    "tableName": "[[dbo].[LifetimeData_bkp_temp]"
                }
            },
            "dependsOn": [
                "[concat(variables('factoryId'), '/linkedServices/lnk_AzureSQL_Dev')]"
            ]
        },
        {
            "name": "[concat(parameters('factoryName'), '/Boomi_to_adf')]",
            "type": "Microsoft.DataFactory/factories/datasets",
            "apiVersion": "2018-06-01",
            "properties": {
                "linkedServiceName": {
                    "referenceName": "boomi_to_adf",
                    "type": "LinkedServiceReference"
                },
                "folder": {
                    "name": "QAD"
                },
                "annotations": [],
                "type": "AzureSqlTable",
                "schema": [
                    {
                        "name": "Number",
                        "type": "nvarchar",
                        "precision": 255,
                        "scale": 255
                    },
                    {
                        "name": "ShortDescription",
                        "type": "nvarchar",
                        "precision": 255,
                        "scale": 255
                    },
                    {
                        "name": "LongDescription",
                        "type": "nvarchar",
                        "precision": 255,
                        "scale": 255
                    },
                    {
                        "name": "Lifecycle",
                        "type": "nvarchar",
                        "precision": 255,
                        "scale": 255
                    },
                    {
                        "name": "UoMCode",
                        "type": "nvarchar",
                        "precision": 255,
                        "scale": 255
                    },
                    {
                        "name": "Virtual",
                        "type": "int",
                        "precision": 10,
                        "scale": 255
                    },
                    {
                        "name": "Medical",
                        "type": "int",
                        "precision": 10,
                        "scale": 255
                    },
                    {
                        "name": "CountryOfOrigin",
                        "type": "nvarchar",
                        "precision": 255,
                        "scale": 255
                    },
                    {
                        "name": "Domain",
                        "type": "nvarchar",
                        "precision": 255,
                        "scale": 255
                    },
                    {
                        "name": "SiteType",
                        "type": "nvarchar",
                        "precision": 255,
                        "scale": 255
                    },
                    {
                        "name": "SiteCode",
                        "type": "nvarchar",
                        "precision": 255,
                        "scale": 255
                    },
                    {
                        "name": "SiteDescription",
                        "type": "nvarchar",
                        "precision": 255,
                        "scale": 255
                    },
                    {
                        "name": "CENumber",
                        "type": "nvarchar",
                        "precision": 255,
                        "scale": 255
                    },
                    {
                        "name": "GTIN",
                        "type": "nvarchar",
                        "precision": 255,
                        "scale": 255
                    },
                    {
                        "name": "DangerousGoods",
                        "type": "nvarchar",
                        "precision": 255,
                        "scale": 255
                    },
                    {
                        "name": "CommodityCode",
                        "type": "nvarchar",
                        "precision": 255,
                        "scale": 255
                    },
                    {
                        "name": "WasteTaxCode",
                        "type": "nvarchar",
                        "precision": 255,
                        "scale": 255
                    },
                    {
                        "name": "WasteTaxDesc",
                        "type": "nvarchar",
                        "precision": 255,
                        "scale": 255
                    },
                    {
                        "name": "ProductGroupCode",
                        "type": "nvarchar",
                        "precision": 255,
                        "scale": 255
                    },
                    {
                        "name": "ProductGroupDesc",
                        "type": "nvarchar",
                        "precision": 255,
                        "scale": 255
                    },
                    {
                        "name": "ProductFamilyCode",
                        "type": "nvarchar",
                        "precision": 255,
                        "scale": 255
                    },
                    {
                        "name": "ProductFamilyDesc",
                        "type": "nvarchar",
                        "precision": 255,
                        "scale": 255
                    },
                    {
                        "name": "ProductLineCode",
                        "type": "nvarchar",
                        "precision": 255,
                        "scale": 255
                    },
                    {
                        "name": "ProductLineDesc",
                        "type": "nvarchar",
                        "precision": 255,
                        "scale": 255
                    },
                    {
                        "name": "ProductTypeCode",
                        "type": "nvarchar",
                        "precision": 255,
                        "scale": 255
                    },
                    {
                        "name": "ProductTypeDesc",
                        "type": "nvarchar",
                        "precision": 255,
                        "scale": 255
                    },
                    {
                        "name": "UpdatedDate",
                        "type": "datetime",
                        "precision": 23,
                        "scale": 3
                    },
                    {
                        "name": "BusinessUnit",
                        "type": "nvarchar",
                        "precision": 255,
                        "scale": 255
                    },
                    {
                        "name": "FinancialReportingSegment",
                        "type": "nvarchar",
                        "precision": 255,
                        "scale": 255
                    },
                    {
                        "name": "ProductLevel",
                        "type": "nvarchar",
                        "precision": 255,
                        "scale": 255
                    },
                    {
                        "name": "ProductSource",
                        "type": "nvarchar",
                        "precision": 255,
                        "scale": 255
                    },
                    {
                        "name": "ProductKey",
                        "type": "nvarchar",
                        "precision": 255,
                        "scale": 255
                    },
                    {
                        "name": "Deleted",
                        "type": "int",
                        "precision": 10,
                        "scale": 255
                    },
                    {
                        "name": "Created",
                        "type": "datetime",
                        "precision": 23,
                        "scale": 3
                    },
                    {
                        "name": "LastUpdated",
                        "type": "datetime",
                        "precision": 23,
                        "scale": 3
                    },
                    {
                        "name": "Length",
                        "type": "float",
                        "precision": 15,
                        "scale": 255
                    },
                    {
                        "name": "Width",
                        "type": "float",
                        "precision": 15,
                        "scale": 255
                    },
                    {
                        "name": "Height",
                        "type": "float",
                        "precision": 15,
                        "scale": 255
                    },
                    {
                        "name": "LengthWidthHeightUoMCode",
                        "type": "nvarchar",
                        "precision": 255,
                        "scale": 255
                    },
                    {
                        "name": "MetricShipWeight",
                        "type": "float",
                        "precision": 15,
                        "scale": 255
                    },
                    {
                        "name": "MetricShipWeightUoMCode",
                        "type": "nvarchar",
                        "precision": 255,
                        "scale": 255
                    },
                    {
                        "name": "ImperialShipWeight",
                        "type": "float",
                        "precision": 15,
                        "scale": 255
                    },
                    {
                        "name": "ImperialShipWeightUoMCode",
                        "type": "nvarchar",
                        "precision": 255,
                        "scale": 255
                    },
                    {
                        "name": "LotSerial",
                        "type": "nvarchar",
                        "precision": 255,
                        "scale": 255
                    },
                    {
                        "name": "Revision",
                        "type": "nvarchar",
                        "precision": 255,
                        "scale": 255
                    },
                    {
                        "name": "GlobalReferencePrice",
                        "type": "nvarchar",
                        "precision": 255,
                        "scale": 255
                    },
                    {
                        "name": "RequirementClassification",
                        "type": "nvarchar",
                        "precision": 255,
                        "scale": 255
                    },
                    {
                        "name": "MedicalDeviceDetails",
                        "type": "nvarchar",
                        "precision": 255,
                        "scale": 255
                    },
                    {
                        "name": "ManufacturedPurchasedConfigured",
                        "type": "nvarchar",
                        "precision": 255,
                        "scale": 255
                    }
                ],
                "typeProperties": {
                    "tableName": "[[dbo].[MDM_Product_Hub]"
                }
            },
            "dependsOn": [
                "[concat(variables('factoryId'), '/linkedServices/boomi_to_adf')]"
            ]
        },
        {
            "name": "[concat(parameters('factoryName'), '/DelimitedText1_test')]",
            "type": "Microsoft.DataFactory/factories/datasets",
            "apiVersion": "2018-06-01",
            "properties": {
                "linkedServiceName": {
                    "referenceName": "badevadlsg2",
                    "type": "LinkedServiceReference"
                },
                "annotations": [],
                "type": "DelimitedText",
                "typeProperties": {
                    "location": {
                        "type": "AzureBlobStorageLocation",
                        "folderPath": "Governed Data/Sources/LMAS/QAD/Pro2qad",
                        "container": "adlsdev"
                    },
                    "columnDelimiter": ",",
                    "escapeChar": "\\",
                    "firstRowAsHeader": true,
                    "quoteChar": "\""
                },
                "schema": []
            },
            "dependsOn": [
                "[concat(variables('factoryId'), '/linkedServices/badevadlsg2')]"
            ]
        },
        {
            "name": "[concat(parameters('factoryName'), '/Test_in_sql_New1')]",
            "type": "Microsoft.DataFactory/factories/datasets",
            "apiVersion": "2018-06-01",
            "properties": {
                "linkedServiceName": {
                    "referenceName": "lnk_AzureSQL_Dev",
                    "type": "LinkedServiceReference"
                },
                "folder": {
                    "name": "QCPR"
                },
                "annotations": [],
                "type": "AzureSqlTable",
                "schema": [
                    {
                        "name": "EventId",
                        "type": "varchar"
                    },
                    {
                        "name": "EventName",
                        "type": "varchar"
                    },
                    {
                        "name": "SessionId",
                        "type": "varchar"
                    },
                    {
                        "name": "CompressionsCounter",
                        "type": "varchar"
                    },
                    {
                        "name": "VentilationsCounter",
                        "type": "varchar"
                    },
                    {
                        "name": "BatteryChangeCounter",
                        "type": "varchar"
                    },
                    {
                        "name": "CriticalBatteryLevelCounter",
                        "type": "varchar"
                    },
                    {
                        "name": "RuntimeBatteriesMinutes",
                        "type": "varchar"
                    },
                    {
                        "name": "RuntimeAdapterMinutes",
                        "type": "varchar"
                    },
                    {
                        "name": "PowerOnCounter",
                        "type": "varchar"
                    },
                    {
                        "name": "Skillguide_RuntimeMinutes",
                        "type": "varchar"
                    },
                    {
                        "name": "Skillguide_ButtonPressCounter",
                        "type": "varchar"
                    },
                    {
                        "name": "CurrentRawRestingValue_2",
                        "type": "varchar"
                    },
                    {
                        "name": "CurrentRawRestingValue_8",
                        "type": "varchar"
                    },
                    {
                        "name": "EventProcessedUtcTime",
                        "type": "varchar"
                    },
                    {
                        "name": "PartitionId",
                        "type": "varchar"
                    },
                    {
                        "name": "EventEnqueuedUtcTime",
                        "type": "varchar"
                    }
                ],
                "typeProperties": {
                    "tableName": "[[dbo].[LifetimeData]"
                }
            },
            "dependsOn": [
                "[concat(variables('factoryId'), '/linkedServices/lnk_AzureSQL_Dev')]"
            ]
        },
        {
            "name": "[concat(parameters('factoryName'), '/adf_to_adls')]",
            "type": "Microsoft.DataFactory/factories/datasets",
            "apiVersion": "2018-06-01",
            "properties": {
                "linkedServiceName": {
                    "referenceName": "badevadlsg2",
                    "type": "LinkedServiceReference"
                },
                "annotations": [],
                "type": "DelimitedText",
                "typeProperties": {
                    "location": {
                        "type": "AzureBlobStorageLocation",
                        "fileName": "MDM_Product_hub.csv",
                        "folderPath": "Governed Data/Sources/LMAS/Boomi/MDM_Product_Hub",
                        "container": "adlsdev"
                    },
                    "columnDelimiter": ",",
                    "escapeChar": "\\",
                    "firstRowAsHeader": true,
                    "quoteChar": "\""
                },
                "schema": [
                    {
                        "name": "Number",
                        "type": "String"
                    },
                    {
                        "name": "ShortDescription",
                        "type": "String"
                    },
                    {
                        "name": "LongDescription",
                        "type": "String"
                    },
                    {
                        "name": "Lifecycle",
                        "type": "String"
                    },
                    {
                        "name": "UoMCode",
                        "type": "String"
                    },
                    {
                        "name": "Virtual",
                        "type": "String"
                    },
                    {
                        "name": "Medical",
                        "type": "String"
                    },
                    {
                        "name": "CountryOfOrigin",
                        "type": "String"
                    },
                    {
                        "name": "Domain",
                        "type": "String"
                    },
                    {
                        "name": "SiteType",
                        "type": "String"
                    },
                    {
                        "name": "SiteCode",
                        "type": "String"
                    },
                    {
                        "name": "SiteDescription",
                        "type": "String"
                    },
                    {
                        "name": "CENumber",
                        "type": "String"
                    },
                    {
                        "name": "GTIN",
                        "type": "String"
                    },
                    {
                        "name": "DangerousGoods",
                        "type": "String"
                    },
                    {
                        "name": "CommodityCode",
                        "type": "String"
                    },
                    {
                        "name": "WasteTaxCode",
                        "type": "String"
                    },
                    {
                        "name": "WasteTaxDesc",
                        "type": "String"
                    },
                    {
                        "name": "ProductGroupCode",
                        "type": "String"
                    },
                    {
                        "name": "ProductGroupDesc",
                        "type": "String"
                    },
                    {
                        "name": "ProductFamilyCode",
                        "type": "String"
                    },
                    {
                        "name": "ProductFamilyDesc",
                        "type": "String"
                    },
                    {
                        "name": "ProductLineCode",
                        "type": "String"
                    },
                    {
                        "name": "ProductLineDesc",
                        "type": "String"
                    },
                    {
                        "name": "ProductTypeCode",
                        "type": "String"
                    },
                    {
                        "name": "ProductTypeDesc",
                        "type": "String"
                    },
                    {
                        "name": "UpdatedDate",
                        "type": "String"
                    },
                    {
                        "name": "BusinessUnit",
                        "type": "String"
                    },
                    {
                        "name": "FinancialReportingSegment",
                        "type": "String"
                    },
                    {
                        "name": "ProductLevel",
                        "type": "String"
                    },
                    {
                        "name": "ProductSource",
                        "type": "String"
                    },
                    {
                        "name": "ProductKey",
                        "type": "String"
                    },
                    {
                        "name": "Deleted",
                        "type": "String"
                    },
                    {
                        "name": "Created",
                        "type": "String"
                    },
                    {
                        "name": "LastUpdated",
                        "type": "String"
                    },
                    {
                        "name": "Length",
                        "type": "String"
                    },
                    {
                        "name": "Width",
                        "type": "String"
                    },
                    {
                        "name": "Height",
                        "type": "String"
                    },
                    {
                        "name": "LengthWidthHeightUoMCode",
                        "type": "String"
                    },
                    {
                        "name": "MetricShipWeight",
                        "type": "String"
                    },
                    {
                        "name": "MetricShipWeightUoMCode",
                        "type": "String"
                    },
                    {
                        "name": "ImperialShipWeight",
                        "type": "String"
                    },
                    {
                        "name": "ImperialShipWeightUoMCode",
                        "type": "String"
                    },
                    {
                        "name": "LotSerial",
                        "type": "String"
                    },
                    {
                        "name": "Revision",
                        "type": "String"
                    },
                    {
                        "name": "GlobalReferencePrice",
                        "type": "String"
                    },
                    {
                        "name": "RequirementClassification",
                        "type": "String"
                    },
                    {
                        "name": "MedicalDeviceDetails",
                        "type": "String"
                    },
                    {
                        "name": "ManufacturedPurchasedConfigured",
                        "type": "String"
                    }
                ]
            },
            "dependsOn": [
                "[concat(variables('factoryId'), '/linkedServices/badevadlsg2')]"
            ]
        },
        {
            "name": "[concat(parameters('factoryName'), '/ds_in_cp_adls_badevdb_FactInventoryLocation')]",
            "type": "Microsoft.DataFactory/factories/datasets",
            "apiVersion": "2018-06-01",
            "properties": {
                "linkedServiceName": {
                    "referenceName": "badevadlsg2",
                    "type": "LinkedServiceReference"
                },
                "folder": {
                    "name": "QAD"
                },
                "annotations": [],
                "type": "DelimitedText",
                "typeProperties": {
                    "location": {
                        "type": "AzureBlobStorageLocation",
                        "folderPath": "Governed Data/Sources/LMAS/QAD/Staging/FactInventoryLocation",
                        "container": "adlsdev"
                    },
                    "columnDelimiter": ",",
                    "escapeChar": "\\",
                    "firstRowAsHeader": true,
                    "quoteChar": "\""
                },
                "schema": []
            },
            "dependsOn": [
                "[concat(variables('factoryId'), '/linkedServices/badevadlsg2')]"
            ]
        },
        {
            "name": "[concat(parameters('factoryName'), '/ds_in_cp_pro2qad_adls_exchangeratetype')]",
            "type": "Microsoft.DataFactory/factories/datasets",
            "apiVersion": "2018-06-01",
            "properties": {
                "linkedServiceName": {
                    "referenceName": "qadpro2_eu_prod",
                    "type": "LinkedServiceReference"
                },
                "folder": {
                    "name": "QAD"
                },
                "annotations": [],
                "type": "AzureSqlTable",
                "schema": [
                    {
                        "name": "prrowid",
                        "type": "varchar"
                    },
                    {
                        "name": "exchangeratetype_id",
                        "type": "bigint",
                        "precision": 19
                    },
                    {
                        "name": "exchangeratetypecode",
                        "type": "nvarchar"
                    },
                    {
                        "name": "exchangeratetypedescript",
                        "type": "nvarchar"
                    },
                    {
                        "name": "exchangeratetypeissystem",
                        "type": "bit"
                    },
                    {
                        "name": "exchangeratetypeisactive",
                        "type": "bit"
                    },
                    {
                        "name": "exchangeratetypeisexported",
                        "type": "bit"
                    },
                    {
                        "name": "customshort0",
                        "type": "nvarchar"
                    },
                    {
                        "name": "customshort1",
                        "type": "nvarchar"
                    },
                    {
                        "name": "customshort2",
                        "type": "nvarchar"
                    },
                    {
                        "name": "customshort3",
                        "type": "nvarchar"
                    },
                    {
                        "name": "customshort4",
                        "type": "nvarchar"
                    },
                    {
                        "name": "customshort5",
                        "type": "nvarchar"
                    },
                    {
                        "name": "customshort6",
                        "type": "nvarchar"
                    },
                    {
                        "name": "customshort7",
                        "type": "nvarchar"
                    },
                    {
                        "name": "customshort8",
                        "type": "nvarchar"
                    },
                    {
                        "name": "customshort9",
                        "type": "nvarchar"
                    },
                    {
                        "name": "customcombo0",
                        "type": "nvarchar"
                    },
                    {
                        "name": "customcombo1",
                        "type": "nvarchar"
                    },
                    {
                        "name": "customcombo2",
                        "type": "nvarchar"
                    },
                    {
                        "name": "customcombo3",
                        "type": "nvarchar"
                    },
                    {
                        "name": "customcombo4",
                        "type": "nvarchar"
                    },
                    {
                        "name": "customcombo5",
                        "type": "nvarchar"
                    },
                    {
                        "name": "customcombo6",
                        "type": "nvarchar"
                    },
                    {
                        "name": "customcombo7",
                        "type": "nvarchar"
                    },
                    {
                        "name": "customcombo8",
                        "type": "nvarchar"
                    },
                    {
                        "name": "customcombo9",
                        "type": "nvarchar"
                    },
                    {
                        "name": "customlong0",
                        "type": "nvarchar"
                    },
                    {
                        "name": "customlong1",
                        "type": "nvarchar"
                    },
                    {
                        "name": "customnote",
                        "type": "nvarchar"
                    },
                    {
                        "name": "customdate0",
                        "type": "datetime",
                        "precision": 23,
                        "scale": 3
                    },
                    {
                        "name": "customdate1",
                        "type": "datetime",
                        "precision": 23,
                        "scale": 3
                    },
                    {
                        "name": "customdate2",
                        "type": "datetime",
                        "precision": 23,
                        "scale": 3
                    },
                    {
                        "name": "customdate3",
                        "type": "datetime",
                        "precision": 23,
                        "scale": 3
                    },
                    {
                        "name": "customdate4",
                        "type": "datetime",
                        "precision": 23,
                        "scale": 3
                    },
                    {
                        "name": "custominteger0",
                        "type": "int",
                        "precision": 10
                    },
                    {
                        "name": "custominteger1",
                        "type": "int",
                        "precision": 10
                    },
                    {
                        "name": "custominteger2",
                        "type": "int",
                        "precision": 10
                    },
                    {
                        "name": "custominteger3",
                        "type": "int",
                        "precision": 10
                    },
                    {
                        "name": "custominteger4",
                        "type": "int",
                        "precision": 10
                    },
                    {
                        "name": "customdecimal0",
                        "type": "decimal",
                        "precision": 38,
                        "scale": 10
                    },
                    {
                        "name": "customdecimal1",
                        "type": "decimal",
                        "precision": 38,
                        "scale": 10
                    },
                    {
                        "name": "customdecimal2",
                        "type": "decimal",
                        "precision": 38,
                        "scale": 10
                    },
                    {
                        "name": "customdecimal3",
                        "type": "decimal",
                        "precision": 38,
                        "scale": 10
                    },
                    {
                        "name": "customdecimal4",
                        "type": "decimal",
                        "precision": 38,
                        "scale": 10
                    },
                    {
                        "name": "lastmodifieddate",
                        "type": "datetime",
                        "precision": 23,
                        "scale": 3
                    },
                    {
                        "name": "lastmodifiedtime",
                        "type": "int",
                        "precision": 10
                    },
                    {
                        "name": "lastmodifieduser",
                        "type": "nvarchar"
                    },
                    {
                        "name": "exchangeratetypeisfallback",
                        "type": "bit"
                    },
                    {
                        "name": "exchangeratetypeistilldate",
                        "type": "bit"
                    },
                    {
                        "name": "exchangeratetypevalidity",
                        "type": "int",
                        "precision": 10
                    },
                    {
                        "name": "qadc01",
                        "type": "nvarchar"
                    },
                    {
                        "name": "qadc02",
                        "type": "nvarchar"
                    },
                    {
                        "name": "qadt01",
                        "type": "datetime",
                        "precision": 23,
                        "scale": 3
                    },
                    {
                        "name": "qadd01",
                        "type": "decimal",
                        "precision": 38,
                        "scale": 10
                    },
                    {
                        "name": "Pro2SrcPDB",
                        "type": "nvarchar"
                    },
                    {
                        "name": "pro2created",
                        "type": "datetime",
                        "precision": 23,
                        "scale": 3
                    },
                    {
                        "name": "pro2modified",
                        "type": "datetime",
                        "precision": 23,
                        "scale": 3
                    }
                ],
                "typeProperties": {
                    "tableName": "[[dbo].[exchangeratetype]"
                }
            },
            "dependsOn": [
                "[concat(variables('factoryId'), '/linkedServices/qadpro2_eu_prod')]"
            ]
        }
    ]
}