{
    "$schema": "https://schema.management.azure.com/schemas/2015-01-01/deploymentParameters.json#",
    "contentVersion": "1.0.0.0",
    "parameters": {
        "factoryName": {
            "value": "ba-dev-adf"
        },
        "ba_dev_adb_cluster_accessToken": {
            "value": ""
        },
        "ba_dev_asqlserver_connectionString": {
            "value": ""
        },
        "badevadlsg2_connectionString": {
            "value": ""
        },
        "board_test_connectionString": {
            "value": ""
        },
        "boomi_to_adf_connectionString": {
            "value": ""
        },
        "lnk_AzureSQL_Dev_connectionString": {
            "value": ""
        },
        "lnk_asqldb_agile_connectionString": {
            "value": ""
        },
        "lnk_srv_asql_mi_qcpr_db_connectionString": {
            "value": ""
        },
        "lnk_srv_asql_mi_scm_db_connectionString": {
            "value": ""
        },
        "lnk_svr_asql_mi_qcpr_db_connectionString": {
            "value": ""
        },
        "mobilecenter_export_qcpr_instructor_connectionString": {
            "value": ""
        },
        "qadpro2_eu_prod_connectionString": {
            "value": ""
        },
        "in_ds_qcpr_blob_Instructor_LifetimeData_properties_typeProperties_fileName": {
            "value": "*"
        },
        "in_ds_qcpr_blob_Instructor_LifetimeData_properties_typeProperties_folderPath": {
            "value": "@concat('adlsdev/Governed Data/Sources/LMAS/QCPR/QCPR_IOS_INSTRUCT/LifetimeData/',formatDateTime(addhours(utcnow(),-2), 'yyyy/MM/dd/HH'))"
        },
        "in_ds_qcpr_blob_Instructor_Session_Collection_View_properties_typeProperties_fileName": {
            "value": "*"
        },
        "in_ds_qcpr_blob_Instructor_Session_Collection_View_properties_typeProperties_folderPath": {
            "value": "@concat('adlsdev/Governed Data/Sources/LMAS/QCPR/QCPR_IOS_INSTRUCT/Page - Session collection view/',formatDateTime(addhours(utcnow(),-1), 'yyyy/MM/dd/HH'))"
        },
        "in_ds_qcpr_blob_Instructor_device_connected_properties_typeProperties_fileName": {
            "value": "*"
        },
        "in_ds_qcpr_blob_Instructor_device_connected_properties_typeProperties_folderPath": {
            "value": "@concat('adlsdev/Governed Data/Sources/LMAS/QCPR/QCPR_IOS_INSTRUCT/Instructor device connected/',formatDateTime(addhours(utcnow(),-1), 'yyyy/MM/dd/HH'))"
        },
        "in_ds_qcpr_blob_Instructor_score_compressions_properties_typeProperties_fileName": {
            "value": "*"
        },
        "in_ds_qcpr_blob_Instructor_score_compressions_properties_typeProperties_folderPath": {
            "value": "@concat('adlsdev/Governed Data/Sources/LMAS/QCPR/QCPR_IOS_INSTRUCT/Page - Instructor score compressions/',formatDateTime(addhours(utcnow(),-1), 'yyyy/MM/dd/HH'))"
        },
        "in_ds_qcpr_blob_Instructor_score_various_properties_typeProperties_fileName": {
            "value": "*"
        },
        "in_ds_qcpr_blob_Instructor_score_various_properties_typeProperties_folderPath": {
            "value": "@concat('adlsdev/Governed Data/Sources/LMAS/QCPR/QCPR_IOS_INSTRUCT/Page - Instructor score various/',formatDateTime(addhours(utcnow(),-1), 'yyyy/MM/dd/HH'))"
        },
        "in_ds_qcpr_blob_Instructor_score_ventilations_properties_typeProperties_fileName": {
            "value": "*"
        },
        "in_ds_qcpr_blob_Instructor_score_ventilations_properties_typeProperties_folderPath": {
            "value": "@concat('adlsdev/Governed Data/Sources/LMAS/QCPR/QCPR_IOS_INSTRUCT/Page - Instructor score ventilations/',formatDateTime(addhours(utcnow(),-1), 'yyyy/MM/dd/HH'))"
        },
        "LaerdalIR1-Linked-To-BA-Dev_properties_typeProperties_linkedInfo_resourceId": {
            "value": "/subscriptions/5e7e55a3-03fd-4e5d-9350-a32fd2c670fc/resourcegroups/it-bidatalake/providers/Microsoft.DataFactory/factories/it-bi-DataFactoryV2-HRIS/integrationruntimes/LaerdalIR1"
        }
    }
}