cmpLongName,fldName,cmpRemainingOil,cmpRemainingGas,cmpRemainingNGL,cmpRemainingCondensate,cmpRemainingOE,cmpDateOffResEstDisplay,cmpShare,fldNpdidField,cmpNpdidCompany,DatesyncNPD
A/S Norske Shell,GAUPE,0.00,0.00,0.00,0.00,0.00,31.12.2018,60.00000,18161341,562,20.02.2019
A/S Norske Shell,HULDRA,0.00,0.00,0.00,0.00,0.00,31.12.2018,30.00000,97002,562,20.02.2019
A/S Norske Shell,KNARR,0.79,0.01,0.01,0.00,0.82,31.12.2018,45.00000,20460988,562,20.02.2019
A/S Norske Shell,KVITEBJØRN,0.30,1.50,0.15,0.00,2.10,31.12.2018,6.45000,1036101,562,20.02.2019
A/S Norske Shell,ORMEN LANGE,0.00,17.64,0.00,0.84,18.48,31.12.2018,17.81340,2762452,562,20.02.2019
A/S Norske Shell,SINDRE,0.00,0.00,0.00,0.00,0.00,31.12.2018,3.23000,29401178,562,20.02.2019
A/S Norske Shell,TROLL,1.14,63.59,1.06,0.00,66.74,31.12.2018,8.10145,46437,562,20.02.2019
A/S Norske Shell,VALEMON,0.02,0.14,0.00,0.00,0.16,31.12.2018,3.22500,20460969,562,20.02.2019
Aker BP ASA,ALVHEIM,6.98,3.33,0.00,0.00,10.32,31.12.2018,65.00000,2845712,28544099,20.02.2019
Aker BP ASA,ATLA,0.00,0.00,0.00,0.00,0.00,31.12.2018,10.00000,21106284,28544099,20.02.2019
Aker BP ASA,BØYLA,0.51,0.01,0.00,0.00,0.53,31.12.2018,65.00000,22492497,28544099,20.02.2019
Aker BP ASA,ENOCH,0.00,0.00,0.00,0.00,0.00,31.12.2018,2.00000,3437659,28544099,20.02.2019
Aker BP ASA,FRØY,0.00,0.00,0.00,0.00,0.00,31.12.2018,90.26000,43597,28544099,20.02.2019
Aker BP ASA,GINA KROG,0.37,0.40,0.07,0.00,0.90,31.12.2018,3.30000,23384544,28544099,20.02.2019
Aker BP ASA,GLITNE,0.00,0.00,0.00,0.00,0.00,31.12.2018,40.00000,1272071,28544099,20.02.2019
Aker BP ASA,HANZ,0.80,0.13,0.02,0.00,0.97,31.12.2018,35.00000,25307278,28544099,20.02.2019
Aker BP ASA,HOD,0.49,0.06,0.01,0.00,0.57,31.12.2018,90.00000,43485,28544099,20.02.2019
Aker BP ASA,IVAR AASEN,6.40,1.02,0.16,0.00,7.73,31.12.2018,34.78620,23384520,28544099,20.02.2019
Aker BP ASA,JETTE,0.00,0.00,0.00,0.00,0.00,31.12.2018,70.00000,21613906,28544099,20.02.2019
Aker BP ASA,JOHAN SVERDRUP,47.05,1.19,0.52,0.00,49.23,31.12.2018,11.57330,26376286,28544099,20.02.2019
Aker BP ASA,LILLE-FRIGG,0.00,0.00,0.00,0.00,0.00,31.12.2018,40.00000,43583,28544099,20.02.2019
Aker BP ASA,MIME,0.00,0.00,0.00,0.00,0.00,31.12.2018,60.00000,43792,28544099,20.02.2019
Aker BP ASA,ODA,0.76,0.03,0.00,0.00,0.79,31.12.2018,15.00000,29412516,28544099,20.02.2019
Aker BP ASA,SKARV,1.44,3.96,0.44,0.00,6.24,31.12.2018,23.83500,4704482,28544099,20.02.2019
Aker BP ASA,SKOGUL,0.87,0.09,0.00,0.00,0.96,31.12.2018,65.00000,31164600,28544099,20.02.2019
Aker BP ASA,TAMBAR,0.92,0.23,0.02,0.00,1.19,31.12.2018,55.00000,1028599,28544099,20.02.2019
Aker BP ASA,TAMBAR ØST,0.03,0.00,0.00,0.00,0.03,31.12.2018,46.20000,4999528,28544099,20.02.2019
Aker BP ASA,ULA,6.01,0.00,0.09,0.00,6.18,31.12.2018,80.00000,43800,28544099,20.02.2019
Aker BP ASA,VALHALL,37.23,6.35,0.84,0.00,45.17,31.12.2018,90.00000,43548,28544099,20.02.2019
Aker BP ASA,VILJE,1.12,0.00,0.00,0.00,1.12,31.12.2018,46.90400,3392471,28544099,20.02.2019
Aker BP ASA,VOLUND,1.68,0.34,0.00,0.00,2.02,31.12.2018,65.00000,4380167,28544099,20.02.2019
Aker BP ASA,ÆRFUGL,1.37,7.17,0.80,0.00,10.07,31.12.2018,23.83500,33310197,28544099,20.02.2019
Aker BP ASA,ØST FRIGG,0.00,0.00,0.00,0.00,0.00,31.12.2018,40.00000,43576,28544099,20.02.2019
CapeOmega AS,BRYNHILD,0.00,0.00,0.00,0.00,0.00,31.12.2018,49.00000,21123063,31044668,20.02.2019
CapeOmega AS,ENOCH,0.01,0.00,0.00,0.00,0.01,31.12.2018,4.36000,3437659,31044668,20.02.2019
CapeOmega AS,OSELVAR,0.00,0.00,0.00,0.00,0.00,31.12.2018,45.00000,5506919,31044668,20.02.2019
Capricorn Norge AS,NOVA,1.83,0.43,0.13,0.00,2.50,31.12.2018,20.00000,33197696,23297570,20.02.2019
ConocoPhillips Skandinavia AS,ALBUSKJELL,0.00,0.00,0.00,0.00,0.00,31.12.2018,35.11200,43437,2410696,20.02.2019
ConocoPhillips Skandinavia AS,ALVHEIM,2.15,1.03,0.00,0.00,3.17,31.12.2018,20.00000,2845712,2410696,20.02.2019
ConocoPhillips Skandinavia AS,COD,0.00,0.00,0.00,0.00,0.00,31.12.2018,35.11200,43785,2410696,20.02.2019
ConocoPhillips Skandinavia AS,EDDA,0.00,0.00,0.00,0.00,0.00,31.12.2018,35.11200,43541,2410696,20.02.2019
ConocoPhillips Skandinavia AS,EKOFISK,25.78,3.87,0.48,0.00,30.56,31.12.2018,35.11200,43506,2410696,20.02.2019
ConocoPhillips Skandinavia AS,ELDFISK,8.09,0.92,0.13,0.00,9.27,31.12.2018,35.11200,43527,2410696,20.02.2019
ConocoPhillips Skandinavia AS,EMBLA,0.26,0.25,0.03,0.00,0.57,31.12.2018,35.11200,43534,2410696,20.02.2019
ConocoPhillips Skandinavia AS,GIMLE,0.00,0.00,0.00,0.00,0.00,31.12.2018,5.78500,4005142,2410696,20.02.2019
ConocoPhillips Skandinavia AS,GRANE,1.85,0.00,0.00,0.00,1.85,31.12.2018,6.16640,1035937,2410696,20.02.2019
ConocoPhillips Skandinavia AS,HEIDRUN,8.57,6.12,0.32,0.00,15.30,31.12.2018,23.98823,43771,2410696,20.02.2019
ConocoPhillips Skandinavia AS,OSEBERG,0.42,1.58,0.09,0.00,2.17,31.12.2018,2.40000,43625,2410696,20.02.2019
ConocoPhillips Skandinavia AS,OSEBERG SØR,0.29,0.27,0.02,0.00,0.60,31.12.2018,2.40000,43645,2410696,20.02.2019
ConocoPhillips Skandinavia AS,OSEBERG ØST,0.07,0.00,0.00,0.00,0.07,31.12.2018,2.40000,43639,2410696,20.02.2019
ConocoPhillips Skandinavia AS,SINDRE,0.00,0.00,0.00,0.00,0.00,31.12.2018,2.89000,29401178,2410696,20.02.2019
ConocoPhillips Skandinavia AS,TOMMELITEN GAMMA,0.00,0.00,0.00,0.00,0.00,31.12.2018,28.26000,43444,2410696,20.02.2019
ConocoPhillips Skandinavia AS,TOR,0.00,0.00,0.00,0.00,0.00,31.12.2018,30.65799,43520,2410696,20.02.2019
ConocoPhillips Skandinavia AS,TROLL,0.23,12.74,0.21,0.00,13.38,31.12.2018,1.62374,46437,2410696,20.02.2019
ConocoPhillips Skandinavia AS,VEST EKOFISK,0.00,0.00,0.00,0.00,0.00,31.12.2018,35.11200,43513,2410696,20.02.2019
ConocoPhillips Skandinavia AS,VISUND,0.66,3.61,0.44,0.00,5.12,31.12.2018,9.10000,43745,2410696,20.02.2019
ConocoPhillips Skandinavia AS,VISUND SØR,0.02,0.15,0.02,0.00,0.21,31.12.2018,9.10000,20461008,2410696,20.02.2019
ConocoPhillips Skandinavia AS,AASTA HANSTEEN,0.00,5.44,0.00,0.06,5.50,31.12.2018,10.00000,23395946,2410696,20.02.2019
DEA Norge AS,BAUGE,2.19,0.52,0.27,0.00,3.22,31.12.2018,27.50000,29446221,26309819,20.02.2019
DEA Norge AS,DVALIN,0.00,9.86,0.13,0.22,10.33,31.12.2018,55.00000,29393934,26309819,20.02.2019
DEA Norge AS,GJØA,0.09,0.83,0.19,0.00,1.28,31.12.2018,8.00000,4467574,26309819,20.02.2019
DEA Norge AS,HYME,0.36,0.15,0.06,0.00,0.62,31.12.2018,27.50000,20474183,26309819,20.02.2019
DEA Norge AS,KNARR,0.18,0.00,0.00,0.00,0.18,31.12.2018,10.00000,20460988,26309819,20.02.2019
DEA Norge AS,NJORD,2.43,6.73,1.91,0.00,12.77,31.12.2018,50.00000,43751,26309819,20.02.2019
DEA Norge AS,NOVA,0.91,0.21,0.07,0.00,1.25,31.12.2018,10.00000,33197696,26309819,20.02.2019
DEA Norge AS,SKARV,1.69,4.67,0.52,0.00,7.35,31.12.2018,28.08250,4704482,26309819,20.02.2019
DEA Norge AS,SNORRE,7.87,0.00,0.00,0.00,7.87,31.12.2018,8.57108,43718,26309819,20.02.2019
DEA Norge AS,SNØHVIT,0.00,4.37,0.16,0.46,5.12,31.12.2018,2.81000,2053062,26309819,20.02.2019
DEA Norge AS,STATFJORD ØST,0.00,0.00,0.00,0.00,0.00,31.12.2018,1.40000,43672,26309819,20.02.2019
DEA Norge AS,SYGNA,0.01,0.00,0.00,0.00,0.01,31.12.2018,1.26000,104718,26309819,20.02.2019
DEA Norge AS,TORDIS,0.12,0.01,0.01,0.00,0.15,31.12.2018,2.80000,43725,26309819,20.02.2019
DEA Norge AS,VESLEFRIKK,0.18,0.11,0.03,0.00,0.35,31.12.2018,13.50000,43618,26309819,20.02.2019
DEA Norge AS,VIGDIS,0.29,0.00,0.00,0.00,0.29,31.12.2018,2.80000,43732,26309819,20.02.2019
DEA Norge AS,ÆRFUGL,1.61,8.45,0.94,0.00,11.86,31.12.2018,28.08250,33310197,26309819,20.02.2019
Edison Norge AS,DVALIN,0.00,1.79,0.02,0.04,1.88,31.12.2018,10.00000,29393934,25612292,20.02.2019
Edison Norge AS,NOVA,1.37,0.32,0.10,0.00,1.88,31.12.2018,15.00000,33197696,25612292,20.02.2019
Equinor Energy AS,ALBUSKJELL,0.00,0.00,0.00,0.00,0.00,31.12.2018,7.60400,43437,32011216,20.02.2019
Equinor Energy AS,ALVE,0.32,2.28,0.31,0.00,3.18,31.12.2018,85.00000,4444332,32011216,20.02.2019
Equinor Energy AS,BAUGE,2.79,0.66,0.34,0.00,4.09,31.12.2018,35.00000,29446221,32011216,20.02.2019
Equinor Energy AS,BYRDING,0.58,0.46,0.05,0.00,1.14,31.12.2018,70.00000,28975067,32011216,20.02.2019
Equinor Energy AS,COD,0.00,0.00,0.00,0.00,0.00,31.12.2018,7.60400,43785,32011216,20.02.2019
Equinor Energy AS,EDDA,0.00,0.00,0.00,0.00,0.00,31.12.2018,7.60400,43541,32011216,20.02.2019
Equinor Energy AS,EKOFISK,5.58,0.84,0.10,0.00,6.62,31.12.2018,7.60400,43506,32011216,20.02.2019
Equinor Energy AS,ELDFISK,1.75,0.20,0.03,0.00,2.01,31.12.2018,7.60400,43527,32011216,20.02.2019
Equinor Energy AS,EMBLA,0.06,0.05,0.01,0.00,0.12,31.12.2018,7.60400,43534,32011216,20.02.2019
Equinor Energy AS,ENOCH,0.02,0.00,0.00,0.00,0.02,31.12.2018,11.78000,3437659,32011216,20.02.2019
Equinor Energy AS,FRAM,3.29,5.10,0.53,0.00,9.39,31.12.2018,45.00000,1578840,32011216,20.02.2019
Equinor Energy AS,FRAM H-NORD,0.04,0.00,0.00,0.00,0.04,31.12.2018,49.20000,23410947,32011216,20.02.2019
Equinor Energy AS,FRIGG,0.00,0.00,0.00,0.00,0.00,31.12.2018,90.00000,43555,32011216,20.02.2019
Equinor Energy AS,GIMLE,0.00,0.03,0.01,0.00,0.04,31.12.2018,65.13370,4005142,32011216,20.02.2019
Equinor Energy AS,GINA KROG,6.58,7.06,1.22,0.00,15.94,31.12.2018,58.70000,23384544,32011216,20.02.2019
Equinor Energy AS,GOLIAT,7.78,0.00,0.00,0.00,7.78,31.12.2018,35.00000,5774394,32011216,20.02.2019
Equinor Energy AS,GRANE,10.98,0.00,0.00,0.00,10.98,31.12.2018,36.61300,1035937,32011216,20.02.2019
Equinor Energy AS,GUDRUN,2.73,2.82,0.27,0.00,6.05,31.12.2018,36.00000,18116481,32011216,20.02.2019
Equinor Energy AS,GULLFAKS,8.29,0.00,0.00,0.00,8.29,31.12.2018,51.00000,43686,32011216,20.02.2019
Equinor Energy AS,GULLFAKS SØR,4.80,13.26,1.77,0.00,21.42,31.12.2018,51.00000,43699,32011216,20.02.2019
Equinor Energy AS,GUNGNE,0.07,0.34,0.04,0.00,0.50,31.12.2018,62.00000,43464,32011216,20.02.2019
Equinor Energy AS,HANZ,1.15,0.19,0.03,0.00,1.39,31.12.2018,50.00000,25307278,32011216,20.02.2019
Equinor Energy AS,HEIDRUN,4.66,3.33,0.17,0.00,8.32,31.12.2018,13.04316,43771,32011216,20.02.2019
Equinor Energy AS,HEIMDAL,0.00,0.01,0.00,0.00,0.01,31.12.2018,29.44300,43590,32011216,20.02.2019
Equinor Energy AS,HULDRA,0.00,0.00,0.00,0.00,0.00,31.12.2018,70.00000,97002,32011216,20.02.2019
Equinor Energy AS,HYME,0.46,0.20,0.07,0.00,0.78,31.12.2018,35.00000,20474183,32011216,20.02.2019
Equinor Energy AS,IVAR AASEN,7.64,1.22,0.19,0.00,9.21,31.12.2018,41.47300,23384520,32011216,20.02.2019
Equinor Energy AS,JOHAN CASTBERG,44.45,0.00,0.00,0.00,44.45,31.12.2018,50.00000,32017325,32011216,20.02.2019
Equinor Energy AS,JOHAN SVERDRUP,162.74,4.10,1.80,0.00,170.26,31.12.2018,40.02670,26376286,32011216,20.02.2019
Equinor Energy AS,KRISTIN,0.91,1.93,0.43,0.00,3.66,31.12.2018,55.29910,1854729,32011216,20.02.2019
Equinor Energy AS,KVITEBJØRN,1.84,9.22,0.94,0.00,12.85,31.12.2018,39.55000,1036101,32011216,20.02.2019
Equinor Energy AS,LILLE-FRIGG,0.00,0.00,0.00,0.00,0.00,31.12.2018,40.00000,43583,32011216,20.02.2019
Equinor Energy AS,MARTIN LINGE,7.61,18.00,1.53,0.00,28.51,31.12.2018,70.00000,21675447,32011216,20.02.2019
Equinor Energy AS,MARULK,0.06,1.03,0.10,0.00,1.27,31.12.2018,50.00000,18212090,32011216,20.02.2019
Equinor Energy AS,MIKKEL,0.78,4.41,1.12,0.00,7.32,31.12.2018,43.97000,1630514,32011216,20.02.2019
Equinor Energy AS,MORVIN,0.76,0.58,0.15,0.00,1.62,31.12.2018,64.00000,4966234,32011216,20.02.2019
Equinor Energy AS,NJORD,0.97,2.69,0.76,0.00,5.11,31.12.2018,20.00000,43751,32011216,20.02.2019
Equinor Energy AS,NORDØST FRIGG,0.00,0.00,0.00,0.00,0.00,31.12.2018,90.00000,43568,32011216,20.02.2019
Equinor Energy AS,NORNE,1.19,2.09,0.29,0.00,3.82,31.12.2018,39.10000,43778,32011216,20.02.2019
Equinor Energy AS,ODIN,0.00,0.00,0.00,0.00,0.00,31.12.2018,90.00000,43610,32011216,20.02.2019
Equinor Energy AS,ORMEN LANGE,0.00,25.10,0.00,1.20,26.30,31.12.2018,25.34520,2762452,32011216,20.02.2019
Equinor Energy AS,OSEBERG,8.64,32.49,1.77,0.00,44.49,31.12.2018,49.30000,43625,32011216,20.02.2019
Equinor Energy AS,OSEBERG SØR,5.92,5.52,0.50,0.00,12.38,31.12.2018,49.30000,43645,32011216,20.02.2019
Equinor Energy AS,OSEBERG ØST,1.38,0.01,0.02,0.00,1.44,31.12.2018,49.30000,43639,32011216,20.02.2019
Equinor Energy AS,RINGHORNE ØST,0.60,0.00,0.00,0.00,0.60,31.12.2018,14.82000,3505505,32011216,20.02.2019
Equinor Energy AS,SIGYN,0.11,0.19,0.04,0.00,0.36,31.12.2018,60.00000,1630100,32011216,20.02.2019
Equinor Energy AS,SINDRE,0.00,0.02,0.01,0.00,0.03,31.12.2018,52.34000,29401178,32011216,20.02.2019
Equinor Energy AS,SKARV,2.18,6.01,0.67,0.00,9.47,31.12.2018,36.16500,4704482,32011216,20.02.2019
Equinor Energy AS,SKULD,1.04,0.00,0.00,0.00,1.04,31.12.2018,63.95455,21350124,32011216,20.02.2019
Equinor Energy AS,SLEIPNER VEST,1.31,6.10,0.43,0.00,8.23,31.12.2018,58.34944,43457,32011216,20.02.2019
Equinor Energy AS,SLEIPNER ØST,0.04,0.15,0.02,0.00,0.22,31.12.2018,59.60000,43478,32011216,20.02.2019
Equinor Energy AS,SNORRE,30.54,0.00,0.00,0.00,30.54,31.12.2018,33.27556,43718,32011216,20.02.2019
Equinor Energy AS,SNØHVIT,0.00,57.22,2.06,5.97,67.10,31.12.2018,36.79000,2053062,32011216,20.02.2019
Equinor Energy AS,STATFJORD,1.89,3.06,1.04,0.00,6.94,31.12.2018,44.33688,43658,32011216,20.02.2019
Equinor Energy AS,STATFJORD NORD,0.54,0.03,0.01,0.00,0.59,31.12.2018,21.87500,43679,32011216,20.02.2019
Equinor Energy AS,STATFJORD ØST,0.06,0.01,0.00,0.00,0.08,31.12.2018,31.68750,43672,32011216,20.02.2019
Equinor Energy AS,SVALIN,2.22,0.00,0.00,0.00,2.22,31.12.2018,57.00000,22507971,32011216,20.02.2019
Equinor Energy AS,SYGNA,0.21,0.00,0.00,0.00,0.21,31.12.2018,30.70630,104718,32011216,20.02.2019
Equinor Energy AS,TOR,0.00,0.00,0.00,0.00,0.00,31.12.2018,6.63922,43520,32011216,20.02.2019
Equinor Energy AS,TORDIS,1.81,0.20,0.08,0.00,2.16,31.12.2018,41.50000,43725,32011216,20.02.2019
Equinor Energy AS,TRESTAKK,6.70,0.48,0.09,0.00,7.35,31.12.2018,59.10000,29396445,32011216,20.02.2019
Equinor Energy AS,TROLL,4.32,240.04,4.00,0.00,251.96,31.12.2018,30.58385,46437,32011216,20.02.2019
Equinor Energy AS,TUNE,0.02,0.13,0.00,0.00,0.14,31.12.2018,50.00000,853376,32011216,20.02.2019
Equinor Energy AS,TYRIHANS,3.32,18.46,3.69,0.00,28.80,31.12.2018,58.83550,3960848,32011216,20.02.2019
Equinor Energy AS,URD,1.28,0.00,0.00,0.00,1.28,31.12.2018,63.95455,2834734,32011216,20.02.2019
Equinor Energy AS,UTGARD,1.04,1.17,0.33,0.00,2.84,31.12.2018,38.44000,28975098,32011216,20.02.2019
Equinor Energy AS,VALEMON,0.26,2.39,0.02,0.00,2.69,31.12.2018,53.77500,20460969,32011216,20.02.2019
Equinor Energy AS,VESLEFRIKK,0.24,0.15,0.04,0.00,0.47,31.12.2018,18.00000,43618,32011216,20.02.2019
Equinor Energy AS,VEST EKOFISK,0.00,0.00,0.00,0.00,0.00,31.12.2018,7.60400,43513,32011216,20.02.2019
Equinor Energy AS,VIGDIS,4.25,0.00,0.01,0.00,4.27,31.12.2018,41.50000,43732,32011216,20.02.2019
Equinor Energy AS,VILJE,0.69,0.00,0.00,0.00,0.69,31.12.2018,28.85300,3392471,32011216,20.02.2019
Equinor Energy AS,VISUND,3.87,21.13,2.59,0.00,29.93,31.12.2018,53.20000,43745,32011216,20.02.2019
Equinor Energy AS,VISUND SØR,0.14,0.87,0.13,0.00,1.25,31.12.2018,53.20000,20461008,32011216,20.02.2019
Equinor Energy AS,YTTERGRYTA,0.00,0.00,0.00,0.00,0.00,31.12.2018,45.75000,4973114,32011216,20.02.2019
Equinor Energy AS,ÆRFUGL,2.08,10.89,1.22,0.00,15.27,31.12.2018,36.16500,33310197,32011216,20.02.2019
Equinor Energy AS,ØST FRIGG,0.00,0.00,0.00,0.00,0.00,31.12.2018,40.00000,43576,32011216,20.02.2019
Equinor Energy AS,ÅSGARD,2.53,13.85,2.72,0.00,21.55,31.12.2018,34.57000,43765,32011216,20.02.2019
Equinor Energy AS,AASTA HANSTEEN,0.00,27.72,0.00,0.31,28.03,31.12.2018,51.00000,23395946,32011216,20.02.2019
ExxonMobil Exploration and Production Norway AS,FRAM,1.83,2.83,0.29,0.00,5.22,31.12.2018,25.00000,1578840,2835212,20.02.2019
ExxonMobil Exploration and Production Norway AS,GRANE,8.49,0.00,0.00,0.00,8.49,31.12.2018,28.31560,1035937,2835212,20.02.2019
ExxonMobil Exploration and Production Norway AS,GUNGNE,0.02,0.07,0.01,0.00,0.10,31.12.2018,13.00000,43464,2835212,20.02.2019
ExxonMobil Exploration and Production Norway AS,KRISTIN,0.18,0.38,0.08,0.00,0.72,31.12.2018,10.87610,1854729,2835212,20.02.2019
ExxonMobil Exploration and Production Norway AS,MIKKEL,0.59,3.36,0.85,0.00,5.58,31.12.2018,33.48000,1630514,2835212,20.02.2019
ExxonMobil Exploration and Production Norway AS,ORMEN LANGE,0.00,6.28,0.00,0.30,6.57,31.12.2018,6.33560,2762452,2835212,20.02.2019
ExxonMobil Exploration and Production Norway AS,SIGYN,0.07,0.12,0.02,0.00,0.24,31.12.2018,40.00000,1630100,2835212,20.02.2019
ExxonMobil Exploration and Production Norway AS,SLEIPNER VEST,0.39,1.80,0.13,0.00,2.43,31.12.2018,17.23936,43457,2835212,20.02.2019
ExxonMobil Exploration and Production Norway AS,SLEIPNER ØST,0.01,0.04,0.00,0.00,0.06,31.12.2018,15.40000,43478,2835212,20.02.2019
ExxonMobil Exploration and Production Norway AS,SNORRE,16.01,0.00,0.00,0.00,16.01,31.12.2018,17.44596,43718,2835212,20.02.2019
ExxonMobil Exploration and Production Norway AS,STATFJORD,0.91,1.47,0.50,0.00,3.34,31.12.2018,21.36717,43658,2835212,20.02.2019
ExxonMobil Exploration and Production Norway AS,STATFJORD NORD,0.62,0.04,0.01,0.00,0.67,31.12.2018,25.00000,43679,2835212,20.02.2019
ExxonMobil Exploration and Production Norway AS,STATFJORD ØST,0.04,0.00,0.00,0.00,0.05,31.12.2018,20.55000,43672,2835212,20.02.2019
ExxonMobil Exploration and Production Norway AS,SVALIN,0.51,0.00,0.00,0.00,0.51,31.12.2018,13.00000,22507971,2835212,20.02.2019
ExxonMobil Exploration and Production Norway AS,SYGNA,0.15,0.00,0.00,0.00,0.15,31.12.2018,20.99500,104718,2835212,20.02.2019
ExxonMobil Exploration and Production Norway AS,TORDIS,0.70,0.08,0.03,0.00,0.84,31.12.2018,16.10000,43725,2835212,20.02.2019
ExxonMobil Exploration and Production Norway AS,TRESTAKK,3.74,0.27,0.05,0.00,4.11,31.12.2018,33.00000,29396445,2835212,20.02.2019
ExxonMobil Exploration and Production Norway AS,TYRIHANS,0.66,3.70,0.74,0.00,5.77,31.12.2018,11.78690,3960848,2835212,20.02.2019
ExxonMobil Exploration and Production Norway AS,VIGDIS,1.65,0.00,0.00,0.00,1.66,31.12.2018,16.10000,43732,2835212,20.02.2019
ExxonMobil Exploration and Production Norway AS,ÅSGARD,0.53,2.90,0.57,0.00,4.51,31.12.2018,7.24000,43765,2835212,20.02.2019
Faroe Petroleum Norge AS,BAUGE,0.60,0.14,0.07,0.00,0.88,31.12.2018,7.50000,29446221,4062883,20.02.2019
Faroe Petroleum Norge AS,BRAGE,0.51,0.11,0.03,0.00,0.68,31.12.2018,14.25670,43651,4062883,20.02.2019
Faroe Petroleum Norge AS,ENOCH,0.00,0.00,0.00,0.00,0.00,31.12.2018,1.86000,3437659,4062883,20.02.2019
Faroe Petroleum Norge AS,FENJA,0.82,0.25,0.04,0.00,1.15,31.12.2018,7.50000,31164879,4062883,20.02.2019
Faroe Petroleum Norge AS,HYME,0.10,0.04,0.02,0.00,0.17,31.12.2018,7.50000,20474183,4062883,20.02.2019
Faroe Petroleum Norge AS,NJORD,0.36,1.01,0.29,0.00,1.92,31.12.2018,7.50000,43751,4062883,20.02.2019
Faroe Petroleum Norge AS,ODA,0.76,0.03,0.00,0.00,0.79,31.12.2018,15.00000,29412516,4062883,20.02.2019
Faroe Petroleum Norge AS,OSELVAR,0.00,0.00,0.00,0.00,0.00,31.12.2018,55.00000,5506919,4062883,20.02.2019
Faroe Petroleum Norge AS,RINGHORNE ØST,0.32,0.00,0.00,0.00,0.32,31.12.2018,7.80000,3505505,4062883,20.02.2019
Faroe Petroleum Norge AS,TAMBAR,0.75,0.19,0.02,0.00,0.97,31.12.2018,45.00000,1028599,4062883,20.02.2019
Faroe Petroleum Norge AS,TAMBAR ØST,0.03,0.00,0.00,0.00,0.03,31.12.2018,37.80000,4999528,4062883,20.02.2019
Faroe Petroleum Norge AS,TRYM,0.10,0.46,0.00,0.00,0.56,31.12.2018,50.00000,18081500,4062883,20.02.2019
Faroe Petroleum Norge AS,ULA,1.50,0.00,0.02,0.00,1.54,31.12.2018,20.00000,43800,4062883,20.02.2019
Idemitsu Petroleum Norge AS,BYRDING,0.12,0.10,0.01,0.00,0.24,31.12.2018,15.00000,28975067,441,20.02.2019
Idemitsu Petroleum Norge AS,FRAM,1.10,1.70,0.18,0.00,3.13,31.12.2018,15.00000,1578840,441,20.02.2019
Idemitsu Petroleum Norge AS,FRAM H-NORD,0.03,0.00,0.00,0.00,0.03,31.12.2018,28.80000,23410947,441,20.02.2019
Idemitsu Petroleum Norge AS,KNARR,0.44,0.01,0.01,0.00,0.46,31.12.2018,25.00000,20460988,441,20.02.2019
Idemitsu Petroleum Norge AS,SNORRE,8.81,0.00,0.00,0.00,8.81,31.12.2018,9.60000,43718,441,20.02.2019
Idemitsu Petroleum Norge AS,STATFJORD ØST,0.01,0.00,0.00,0.00,0.01,31.12.2018,4.80000,43672,441,20.02.2019
Idemitsu Petroleum Norge AS,SYGNA,0.03,0.00,0.00,0.00,0.03,31.12.2018,4.32000,104718,441,20.02.2019
Idemitsu Petroleum Norge AS,TORDIS,0.42,0.05,0.02,0.00,0.50,31.12.2018,9.60000,43725,441,20.02.2019
Idemitsu Petroleum Norge AS,VEGA,0.10,0.42,0.15,0.00,0.79,31.12.2018,3.75000,4467595,441,20.02.2019
Idemitsu Petroleum Norge AS,VIGDIS,0.98,0.00,0.00,0.00,0.99,31.12.2018,9.60000,43732,441,20.02.2019
INEOS E&P Norge AS,ALVE,0.06,0.40,0.05,0.00,0.56,31.12.2018,15.00000,4444332,29805656,20.02.2019
INEOS E&P Norge AS,GYDA,0.00,0.00,0.00,0.00,0.00,31.12.2018,34.00000,43492,29805656,20.02.2019
INEOS E&P Norge AS,MARULK,0.04,0.62,0.06,0.00,0.76,31.12.2018,30.00000,18212090,29805656,20.02.2019
INEOS E&P Norge AS,ORMEN LANGE,0.00,13.89,0.00,0.66,14.55,31.12.2018,14.02080,2762452,29805656,20.02.2019
INEOS E&P Norge AS,TAMBAR ØST,0.00,0.00,0.00,0.00,0.00,31.12.2018,5.44000,4999528,29805656,20.02.2019
KUFPEC Norway AS,GINA KROG,3.36,3.61,0.62,0.00,8.15,31.12.2018,30.00000,23384544,23750622,20.02.2019
KUFPEC Norway AS,GUNGNE,0.01,0.06,0.01,0.00,0.08,31.12.2018,10.00000,43464,23750622,20.02.2019
KUFPEC Norway AS,GYDA,0.00,0.00,0.00,0.00,0.00,31.12.2018,5.00000,43492,23750622,20.02.2019
KUFPEC Norway AS,SLEIPNER VEST,0.21,0.98,0.07,0.00,1.33,31.12.2018,9.41120,43457,23750622,20.02.2019
KUFPEC Norway AS,SLEIPNER ØST,0.01,0.03,0.00,0.00,0.04,31.12.2018,10.00000,43478,23750622,20.02.2019
KUFPEC Norway AS,TAMBAR ØST,0.00,0.00,0.00,0.00,0.00,31.12.2018,0.80000,4999528,23750622,20.02.2019
KUFPEC Norway AS,UTGARD,0.17,0.19,0.05,0.00,0.46,31.12.2018,6.20000,28975098,23750622,20.02.2019
KUFPEC Norway AS,YME,1.02,0.00,0.00,0.00,1.02,31.12.2018,10.00000,43807,23750622,20.02.2019
LOTOS Exploration and Production Norge AS,ATLA,0.00,0.00,0.00,0.00,0.00,31.12.2018,20.00000,21106284,5064434,20.02.2019
LOTOS Exploration and Production Norge AS,FRØY,0.00,0.00,0.00,0.00,0.00,31.12.2018,9.74000,43597,5064434,20.02.2019
LOTOS Exploration and Production Norge AS,GUNGNE,0.02,0.08,0.01,0.00,0.12,31.12.2018,15.00000,43464,5064434,20.02.2019
LOTOS Exploration and Production Norge AS,HEIMDAL,0.00,0.00,0.00,0.00,0.00,31.12.2018,5.00000,43590,5064434,20.02.2019
LOTOS Exploration and Production Norge AS,LILLE-FRIGG,0.00,0.00,0.00,0.00,0.00,31.12.2018,20.00000,43583,5064434,20.02.2019
LOTOS Exploration and Production Norge AS,SKIRNE,0.01,0.07,0.00,0.00,0.08,31.12.2018,30.00000,2138816,5064434,20.02.2019
LOTOS Exploration and Production Norge AS,SLEIPNER VEST,0.34,1.57,0.11,0.00,2.11,31.12.2018,15.00000,43457,5064434,20.02.2019
LOTOS Exploration and Production Norge AS,SLEIPNER ØST,0.01,0.04,0.00,0.00,0.06,31.12.2018,15.00000,43478,5064434,20.02.2019
LOTOS Exploration and Production Norge AS,UTGARD,0.47,0.53,0.15,0.00,1.28,31.12.2018,17.36000,28975098,5064434,20.02.2019
LOTOS Exploration and Production Norge AS,VALE,0.10,0.14,0.00,0.00,0.23,31.12.2018,25.75700,1578893,5064434,20.02.2019
LOTOS Exploration and Production Norge AS,YME,2.03,0.00,0.00,0.00,2.03,31.12.2018,20.00000,43807,5064434,20.02.2019
LOTOS Exploration and Production Norge AS,ØST FRIGG,0.00,0.00,0.00,0.00,0.00,31.12.2018,20.00000,43576,5064434,20.02.2019
Lundin Norway AS,ALVHEIM,1.61,0.77,0.00,0.00,2.38,31.12.2018,15.00000,2845712,2767314,20.02.2019
Lundin Norway AS,BRYNHILD,0.00,0.00,0.00,0.00,0.00,31.12.2018,51.00000,21123063,2767314,20.02.2019
Lundin Norway AS,BØYLA,0.12,0.00,0.00,0.00,0.12,31.12.2018,15.00000,22492497,2767314,20.02.2019
Lundin Norway AS,EDVARD GRIEG,16.35,1.51,0.45,0.00,18.71,31.12.2018,65.00000,21675433,2767314,20.02.2019
Lundin Norway AS,GAUPE,0.00,0.00,0.00,0.00,0.00,31.12.2018,40.00000,18161341,2767314,20.02.2019
Lundin Norway AS,IVAR AASEN,0.25,0.04,0.01,0.00,0.31,31.12.2018,1.38500,23384520,2767314,20.02.2019
Lundin Norway AS,JOHAN SVERDRUP,91.89,2.31,1.02,0.00,96.13,31.12.2018,22.60000,26376286,2767314,20.02.2019
Lundin Norway AS,VOLUND,0.90,0.18,0.00,0.00,1.09,31.12.2018,35.00000,4380167,2767314,20.02.2019
Neptune Energy Norge AS,BAUGE,1.00,0.24,0.12,0.00,1.46,31.12.2018,12.50000,29446221,31123361,20.02.2019
Neptune Energy Norge AS,BRAGE,0.16,0.03,0.01,0.00,0.21,31.12.2018,4.44240,43651,31123361,20.02.2019
Neptune Energy Norge AS,BYRDING,0.12,0.10,0.01,0.00,0.24,31.12.2018,15.00000,28975067,31123361,20.02.2019
Neptune Energy Norge AS,DRAUGEN,0.20,0.00,0.01,0.00,0.21,31.12.2018,7.56000,43758,31123361,20.02.2019
Neptune Energy Norge AS,FENJA,3.27,1.01,0.17,0.00,4.61,31.12.2018,30.00000,31164879,31123361,20.02.2019
Neptune Energy Norge AS,FRAM,1.10,1.70,0.18,0.00,3.13,31.12.2018,15.00000,1578840,31123361,20.02.2019
Neptune Energy Norge AS,FRAM H-NORD,0.01,0.00,0.00,0.00,0.01,31.12.2018,10.80000,23410947,31123361,20.02.2019
Neptune Energy Norge AS,GJØA,0.35,3.13,0.71,0.00,4.81,31.12.2018,30.00000,4467574,31123361,20.02.2019
Neptune Energy Norge AS,GUDRUN,1.89,1.96,0.19,0.00,4.20,31.12.2018,25.00000,18116481,31123361,20.02.2019
Neptune Energy Norge AS,HYME,0.16,0.07,0.03,0.00,0.28,31.12.2018,12.50000,20474183,31123361,20.02.2019
Neptune Energy Norge AS,IVAR AASEN,0.56,0.09,0.01,0.00,0.67,31.12.2018,3.02300,23384520,31123361,20.02.2019
Neptune Energy Norge AS,NJORD,1.09,3.03,0.86,0.00,5.75,31.12.2018,22.50000,43751,31123361,20.02.2019
Neptune Energy Norge AS,SNØHVIT,0.00,18.66,0.67,1.95,21.89,31.12.2018,12.00000,2053062,31123361,20.02.2019
Neptune Energy Norge AS,VEGA,0.10,0.42,0.15,0.00,0.79,31.12.2018,3.75000,4467595,31123361,20.02.2019
OKEA AS,DRAUGEN,1.17,0.00,0.04,0.00,1.24,31.12.2018,44.56000,43758,27432899,20.02.2019
OKEA AS,GJØA,0.14,1.25,0.28,0.00,1.93,31.12.2018,12.00000,4467574,27432899,20.02.2019
OKEA AS,IVAR AASEN,0.10,0.02,0.00,0.00,0.12,31.12.2018,0.55400,23384520,27432899,20.02.2019
OKEA AS,YME,1.53,0.00,0.00,0.00,1.53,31.12.2018,15.00000,43807,27432899,20.02.2019
OMV (Norge) AS,EDVARD GRIEG,5.03,0.46,0.14,0.00,5.76,31.12.2018,20.00000,21675433,4460594,20.02.2019
OMV (Norge) AS,GLITNE,0.00,0.00,0.00,0.00,0.00,31.12.2018,20.00000,1272071,4460594,20.02.2019
OMV (Norge) AS,GUDRUN,1.82,1.88,0.18,0.00,4.04,31.12.2018,24.00000,18116481,4460594,20.02.2019
OMV (Norge) AS,GULLFAKS,3.09,0.00,0.00,0.00,3.09,31.12.2018,19.00000,43686,4460594,20.02.2019
OMV (Norge) AS,GULLFAKS SØR,1.79,4.94,0.66,0.00,7.98,31.12.2018,19.00000,43699,4460594,20.02.2019
OMV (Norge) AS,AASTA HANSTEEN,0.00,8.15,0.00,0.09,8.25,31.12.2018,15.00000,23395946,4460594,20.02.2019
Pandion Energy AS,HOD,0.05,0.01,0.00,0.00,0.06,31.12.2018,10.00000,43485,29028767,20.02.2019
Pandion Energy AS,VALHALL,4.14,0.71,0.09,0.00,5.02,31.12.2018,10.00000,43548,29028767,20.02.2019
Petoro AS,ALBUSKJELL,0.00,0.00,0.00,0.00,0.00,31.12.2018,5.00000,43437,1626839,20.02.2019
Petoro AS,ATLA,0.00,0.00,0.00,0.00,0.00,31.12.2018,30.00000,21106284,1626839,20.02.2019
Petoro AS,COD,0.00,0.00,0.00,0.00,0.00,31.12.2018,5.00000,43785,1626839,20.02.2019
Petoro AS,DRAUGEN,1.25,0.00,0.04,0.00,1.34,31.12.2018,47.88000,43758,1626839,20.02.2019
Petoro AS,DVALIN,0.00,6.28,0.08,0.14,6.58,31.12.2018,35.00000,29393934,1626839,20.02.2019
Petoro AS,EDDA,0.00,0.00,0.00,0.00,0.00,31.12.2018,5.00000,43541,1626839,20.02.2019
Petoro AS,EKOFISK,3.67,0.55,0.07,0.00,4.35,31.12.2018,5.00000,43506,1626839,20.02.2019
Petoro AS,ELDFISK,1.15,0.13,0.02,0.00,1.32,31.12.2018,5.00000,43527,1626839,20.02.2019
Petoro AS,EMBLA,0.04,0.04,0.00,0.00,0.08,31.12.2018,5.00000,43534,1626839,20.02.2019
Petoro AS,FRAM H-NORD,0.01,0.00,0.00,0.00,0.01,31.12.2018,11.20000,23410947,1626839,20.02.2019
Petoro AS,GIMLE,0.00,0.01,0.00,0.00,0.01,31.12.2018,24.18630,4005142,1626839,20.02.2019
Petoro AS,GJØA,0.35,3.13,0.71,0.00,4.81,31.12.2018,30.00000,4467574,1626839,20.02.2019
Petoro AS,GLITNE,0.00,0.00,0.00,0.00,0.00,31.12.2018,20.00000,1272071,1626839,20.02.2019
Petoro AS,GRANE,8.67,0.00,0.00,0.00,8.67,31.12.2018,28.90500,1035937,1626839,20.02.2019
Petoro AS,GULLFAKS,4.88,0.00,0.00,0.00,4.88,31.12.2018,30.00000,43686,1626839,20.02.2019
Petoro AS,GULLFAKS SØR,2.82,7.80,1.04,0.00,12.60,31.12.2018,30.00000,43699,1626839,20.02.2019
Petoro AS,HEIDRUN,20.66,14.74,0.77,0.00,36.86,31.12.2018,57.79339,43771,1626839,20.02.2019
Petoro AS,HEIMDAL,0.00,0.01,0.00,0.00,0.01,31.12.2018,20.00000,43590,1626839,20.02.2019
Petoro AS,JETTE,0.00,0.00,0.00,0.00,0.00,31.12.2018,30.00000,21613906,1626839,20.02.2019
Petoro AS,JOHAN CASTBERG,17.78,0.00,0.00,0.00,17.78,31.12.2018,20.00000,32017325,1626839,20.02.2019
Petoro AS,JOHAN SVERDRUP,70.58,1.78,0.78,0.00,73.84,31.12.2018,17.36000,26376286,1626839,20.02.2019
Petoro AS,KRISTIN,0.32,0.68,0.15,0.00,1.30,31.12.2018,19.57700,1854729,1626839,20.02.2019
Petoro AS,KVITEBJØRN,1.40,7.00,0.71,0.00,9.75,31.12.2018,30.00000,1036101,1626839,20.02.2019
Petoro AS,MARIA,2.05,0.17,0.10,0.00,2.41,31.12.2018,30.00000,26465170,1626839,20.02.2019
Petoro AS,MARTIN LINGE,3.26,7.72,0.65,0.00,12.22,31.12.2018,30.00000,21675447,1626839,20.02.2019
Petoro AS,MIME,0.00,0.00,0.00,0.00,0.00,31.12.2018,20.00000,43792,1626839,20.02.2019
Petoro AS,NORNE,1.64,2.89,0.39,0.00,5.28,31.12.2018,54.00000,43778,1626839,20.02.2019
Petoro AS,ORMEN LANGE,0.00,36.14,0.00,1.72,37.86,31.12.2018,36.48500,2762452,1626839,20.02.2019
Petoro AS,OSEBERG,5.89,22.15,1.21,0.00,30.32,31.12.2018,33.60000,43625,1626839,20.02.2019
Petoro AS,OSEBERG SØR,4.03,3.76,0.34,0.00,8.44,31.12.2018,33.60000,43645,1626839,20.02.2019
Petoro AS,OSEBERG ØST,0.94,0.01,0.02,0.00,0.98,31.12.2018,33.60000,43639,1626839,20.02.2019
Petoro AS,REV,0.00,0.00,0.00,0.00,0.01,31.12.2018,30.00000,4467554,1626839,20.02.2019
Petoro AS,SINDRE,0.00,0.01,0.00,0.00,0.01,31.12.2018,27.09000,29401178,1626839,20.02.2019
Petoro AS,SKIRNE,0.01,0.07,0.00,0.00,0.08,31.12.2018,30.00000,2138816,1626839,20.02.2019
Petoro AS,SKULD,0.40,0.00,0.00,0.00,0.40,31.12.2018,24.54546,21350124,1626839,20.02.2019
Petoro AS,SNORRE,27.53,0.00,0.00,0.00,27.53,31.12.2018,30.00000,43718,1626839,20.02.2019
Petoro AS,SNØHVIT,0.00,46.66,1.68,4.87,54.71,31.12.2018,30.00000,2053062,1626839,20.02.2019
Petoro AS,STATFJORD NORD,0.74,0.04,0.01,0.00,0.81,31.12.2018,30.00000,43679,1626839,20.02.2019
Petoro AS,STATFJORD ØST,0.06,0.01,0.00,0.00,0.07,31.12.2018,30.00000,43672,1626839,20.02.2019
Petoro AS,SVALIN,1.17,0.00,0.00,0.00,1.17,31.12.2018,30.00000,22507971,1626839,20.02.2019
Petoro AS,SYGNA,0.21,0.00,0.00,0.00,0.21,31.12.2018,30.00000,104718,1626839,20.02.2019
Petoro AS,TOR,0.00,0.00,0.00,0.00,0.00,31.12.2018,3.68744,43520,1626839,20.02.2019
Petoro AS,TORDIS,1.31,0.14,0.06,0.00,1.56,31.12.2018,30.00000,43725,1626839,20.02.2019
Petoro AS,TROLL,7.90,439.53,7.32,0.00,461.35,31.12.2018,56.00000,46437,1626839,20.02.2019
Petoro AS,TUNE,0.01,0.10,0.00,0.00,0.11,31.12.2018,40.00000,853376,1626839,20.02.2019
Petoro AS,URD,0.49,0.00,0.00,0.00,0.49,31.12.2018,24.54546,2834734,1626839,20.02.2019
Petoro AS,VALEMON,0.14,1.33,0.01,0.00,1.50,31.12.2018,30.00000,20460969,1626839,20.02.2019
Petoro AS,VEGA,0.79,3.32,1.18,0.00,6.35,31.12.2018,30.00000,4467595,1626839,20.02.2019
Petoro AS,VESLEFRIKK,0.50,0.30,0.09,0.00,0.96,31.12.2018,37.00000,43618,1626839,20.02.2019
Petoro AS,VEST EKOFISK,0.00,0.00,0.00,0.00,0.00,31.12.2018,5.00000,43513,1626839,20.02.2019
Petoro AS,VIGDIS,3.08,0.00,0.01,0.00,3.09,31.12.2018,30.00000,43732,1626839,20.02.2019
Petoro AS,VISUND,2.18,11.92,1.46,0.00,16.88,31.12.2018,30.00000,43745,1626839,20.02.2019
Petoro AS,VISUND SØR,0.08,0.49,0.07,0.00,0.71,31.12.2018,30.00000,20461008,1626839,20.02.2019
Petoro AS,YTTERGRYTA,0.00,0.00,0.00,0.00,0.00,31.12.2018,19.95000,4973114,1626839,20.02.2019
Petoro AS,ÅSGARD,2.61,14.30,2.81,0.00,22.24,31.12.2018,35.69000,43765,1626839,20.02.2019
Petrolia NOCO AS,FLYNDRE,0.00,0.00,0.00,0.00,0.00,31.12.2018,0.82500,24635035,28518657,20.02.2019
PGNiG Upstream Norway AS,GINA KROG,0.90,0.96,0.17,0.00,2.17,31.12.2018,8.00000,23384544,29394105,20.02.2019
PGNiG Upstream Norway AS,MORVIN,0.07,0.05,0.01,0.00,0.15,31.12.2018,6.00000,4966234,29394105,20.02.2019
PGNiG Upstream Norway AS,SKARV,0.72,1.98,0.22,0.00,3.12,31.12.2018,11.91750,4704482,29394105,20.02.2019
PGNiG Upstream Norway AS,SKOGUL,0.47,0.05,0.00,0.00,0.52,31.12.2018,35.00000,31164600,29394105,20.02.2019
PGNiG Upstream Norway AS,TOMMELITEN GAMMA,0.00,0.00,0.00,0.00,0.00,31.12.2018,42.38000,43444,29394105,20.02.2019
PGNiG Upstream Norway AS,VALE,0.09,0.13,0.00,0.00,0.22,31.12.2018,24.24300,1578893,29394105,20.02.2019
PGNiG Upstream Norway AS,VILJE,0.58,0.00,0.00,0.00,0.58,31.12.2018,24.24300,3392471,29394105,20.02.2019
PGNiG Upstream Norway AS,ÆRFUGL,0.69,3.59,0.40,0.00,5.03,31.12.2018,11.91750,33310197,29394105,20.02.2019
Repsol Norge AS,BLANE,0.12,0.00,0.00,0.00,0.12,31.12.2018,18.00000,3437650,27052812,20.02.2019
Repsol Norge AS,BRAGE,1.21,0.25,0.08,0.00,1.62,31.12.2018,33.84340,43651,27052812,20.02.2019
Repsol Norge AS,GUDRUN,1.14,1.18,0.11,0.00,2.52,31.12.2018,15.00000,18116481,27052812,20.02.2019
Repsol Norge AS,GYDA,0.00,0.00,0.00,0.00,0.00,31.12.2018,61.00000,43492,27052812,20.02.2019
Repsol Norge AS,MIKKEL,0.14,0.77,0.20,0.00,1.27,31.12.2018,7.65000,1630514,27052812,20.02.2019
Repsol Norge AS,REV,0.01,0.01,0.00,0.00,0.01,31.12.2018,70.00000,4467554,27052812,20.02.2019
Repsol Norge AS,TAMBAR ØST,0.01,0.00,0.00,0.00,0.01,31.12.2018,9.76000,4999528,27052812,20.02.2019
Repsol Norge AS,VESLEFRIKK,0.37,0.22,0.06,0.00,0.70,31.12.2018,27.00000,43618,27052812,20.02.2019
Repsol Norge AS,VISUND,0.56,3.06,0.37,0.00,4.33,31.12.2018,7.70000,43745,27052812,20.02.2019
Repsol Norge AS,VISUND SØR,0.02,0.13,0.02,0.00,0.18,31.12.2018,7.70000,20461008,27052812,20.02.2019
Repsol Norge AS,YME,5.59,0.00,0.00,0.00,5.59,31.12.2018,55.00000,43807,27052812,20.02.2019
Spirit Energy Norway AS,HANZ,0.34,0.06,0.01,0.00,0.42,31.12.2018,15.00000,25307278,33342085,20.02.2019
Spirit Energy Norway AS,HEIMDAL,0.00,0.01,0.00,0.00,0.01,31.12.2018,28.79800,43590,33342085,20.02.2019
Spirit Energy Norway AS,IVAR AASEN,2.27,0.36,0.06,0.00,2.74,31.12.2018,12.31730,23384520,33342085,20.02.2019
Spirit Energy Norway AS,KVITEBJØRN,0.89,4.43,0.45,0.00,6.18,31.12.2018,19.00000,1036101,33342085,20.02.2019
Spirit Energy Norway AS,MARIA,1.37,0.11,0.07,0.00,1.60,31.12.2018,20.00000,26465170,33342085,20.02.2019
Spirit Energy Norway AS,NOVA,1.83,0.43,0.13,0.00,2.50,31.12.2018,20.00000,33197696,33342085,20.02.2019
Spirit Energy Norway AS,ODA,2.02,0.08,0.00,0.00,2.10,31.12.2018,40.00000,29412516,33342085,20.02.2019
Spirit Energy Norway AS,SINDRE,0.00,0.00,0.00,0.00,0.00,31.12.2018,9.50000,29401178,33342085,20.02.2019
Spirit Energy Norway AS,STATFJORD,0.84,1.36,0.46,0.00,3.09,31.12.2018,19.76464,43658,33342085,20.02.2019
Spirit Energy Norway AS,STATFJORD NORD,0.57,0.03,0.01,0.00,0.62,31.12.2018,23.12500,43679,33342085,20.02.2019
Spirit Energy Norway AS,STATFJORD ØST,0.02,0.00,0.00,0.00,0.03,31.12.2018,11.56250,43672,33342085,20.02.2019
Spirit Energy Norway AS,SYGNA,0.09,0.00,0.00,0.00,0.09,31.12.2018,12.71870,104718,33342085,20.02.2019
Spirit Energy Norway AS,TRYM,0.10,0.46,0.00,0.00,0.56,31.12.2018,50.00000,18081500,33342085,20.02.2019
Spirit Energy Norway AS,VALE,0.19,0.27,0.00,0.00,0.46,31.12.2018,50.00000,1578893,33342085,20.02.2019
Spirit Energy Norway AS,VALEMON,0.06,0.58,0.01,0.00,0.65,31.12.2018,13.00000,20460969,33342085,20.02.2019
Spirit Energy Norway AS,VEGA,0.16,0.69,0.25,0.00,1.32,31.12.2018,6.25000,4467595,33342085,20.02.2019
Suncor Energy Norge AS,FENJA,1.91,0.59,0.10,0.00,2.69,31.12.2018,17.50000,31164879,20426420,20.02.2019
Suncor Energy Norge AS,ODA,1.51,0.06,0.00,0.00,1.58,31.12.2018,30.00000,29412516,20426420,20.02.2019
Total E&P Norge AS,ALBUSKJELL,0.00,0.00,0.00,0.00,0.00,31.12.2018,39.89600,43437,2410708,20.02.2019
Total E&P Norge AS,ATLA,0.00,0.00,0.00,0.00,0.00,31.12.2018,40.00000,21106284,2410708,20.02.2019
Total E&P Norge AS,COD,0.00,0.00,0.00,0.00,0.00,31.12.2018,39.89600,43785,2410708,20.02.2019
Total E&P Norge AS,EDDA,0.00,0.00,0.00,0.00,0.00,31.12.2018,39.89600,43541,2410708,20.02.2019
Total E&P Norge AS,EKOFISK,29.29,4.39,0.55,0.00,34.72,31.12.2018,39.89600,43506,2410708,20.02.2019
Total E&P Norge AS,ELDFISK,9.19,1.05,0.15,0.00,10.53,31.12.2018,39.89600,43527,2410708,20.02.2019
Total E&P Norge AS,EMBLA,0.29,0.29,0.04,0.00,0.65,31.12.2018,39.89600,43534,2410708,20.02.2019
Total E&P Norge AS,FLYNDRE,0.04,0.00,0.00,0.00,0.04,31.12.2018,6.25500,24635035,2410708,20.02.2019
Total E&P Norge AS,GIMLE,0.00,0.00,0.00,0.00,0.00,31.12.2018,4.89500,4005142,2410708,20.02.2019
Total E&P Norge AS,HEIMDAL,0.00,0.01,0.00,0.00,0.01,31.12.2018,16.75900,43590,2410708,20.02.2019
Total E&P Norge AS,ISLAY,0.00,0.00,0.00,0.00,0.00,31.12.2018,5.51000,21105675,2410708,20.02.2019
Total E&P Norge AS,JOHAN SVERDRUP,34.32,0.86,0.38,0.00,35.90,31.12.2018,8.44000,26376286,2410708,20.02.2019
Total E&P Norge AS,KRISTIN,0.10,0.21,0.05,0.00,0.40,31.12.2018,6.00000,1854729,2410708,20.02.2019
Total E&P Norge AS,KVITEBJØRN,0.23,1.17,0.12,0.00,1.63,31.12.2018,5.00000,1036101,2410708,20.02.2019
Total E&P Norge AS,OSEBERG,2.58,9.69,0.53,0.00,13.27,31.12.2018,14.70000,43625,2410708,20.02.2019
Total E&P Norge AS,OSEBERG SØR,1.76,1.64,0.15,0.00,3.69,31.12.2018,14.70000,43645,2410708,20.02.2019
Total E&P Norge AS,OSEBERG ØST,0.41,0.00,0.01,0.00,0.43,31.12.2018,14.70000,43639,2410708,20.02.2019
Total E&P Norge AS,SINDRE,0.00,0.00,0.00,0.00,0.00,31.12.2018,4.95000,29401178,2410708,20.02.2019
Total E&P Norge AS,SKIRNE,0.01,0.09,0.00,0.00,0.10,31.12.2018,40.00000,2138816,2410708,20.02.2019
Total E&P Norge AS,SNØHVIT,0.00,28.62,1.03,2.98,33.56,31.12.2018,18.40000,2053062,2410708,20.02.2019
Total E&P Norge AS,TOMMELITEN GAMMA,0.00,0.00,0.00,0.00,0.00,31.12.2018,20.23000,43444,2410708,20.02.2019
Total E&P Norge AS,TOR,0.00,0.00,0.00,0.00,0.00,31.12.2018,48.19879,43520,2410708,20.02.2019
Total E&P Norge AS,TROLL,0.52,28.97,0.48,0.00,30.41,31.12.2018,3.69096,46437,2410708,20.02.2019
Total E&P Norge AS,TUNE,0.00,0.03,0.00,0.00,0.03,31.12.2018,10.00000,853376,2410708,20.02.2019
Total E&P Norge AS,TYRIHANS,1.31,7.26,1.45,0.00,11.33,31.12.2018,23.14540,3960848,2410708,20.02.2019
Total E&P Norge AS,VEST EKOFISK,0.00,0.00,0.00,0.00,0.00,31.12.2018,39.89600,43513,2410708,20.02.2019
Total E&P Norge AS,YTTERGRYTA,0.00,0.00,0.00,0.00,0.00,31.12.2018,24.50000,4973114,2410708,20.02.2019
Total E&P Norge AS,ÅSGARD,0.56,3.08,0.60,0.00,4.79,31.12.2018,7.68000,43765,2410708,20.02.2019
Vår Energi AS,ALBUSKJELL,0.00,0.00,0.00,0.00,0.00,31.12.2018,12.38800,43437,33360957,20.02.2019
Vår Energi AS,BALDER,14.64,0.03,0.00,0.00,14.67,31.12.2018,100.00000,43562,33360957,20.02.2019
Vår Energi AS,BAUGE,1.39,0.33,0.17,0.00,2.05,31.12.2018,17.50000,29446221,33360957,20.02.2019
Vår Energi AS,BRAGE,0.44,0.09,0.03,0.00,0.59,31.12.2018,12.25750,43651,33360957,20.02.2019
Vår Energi AS,BØYLA,0.16,0.00,0.00,0.00,0.16,31.12.2018,20.00000,22492497,33360957,20.02.2019
Vår Energi AS,COD,0.00,0.00,0.00,0.00,0.00,31.12.2018,12.38800,43785,33360957,20.02.2019
Vår Energi AS,EDDA,0.00,0.00,0.00,0.00,0.00,31.12.2018,12.38800,43541,33360957,20.02.2019
Vår Energi AS,EKOFISK,9.10,1.36,0.17,0.00,10.78,31.12.2018,12.38800,43506,33360957,20.02.2019
Vår Energi AS,ELDFISK,2.85,0.33,0.05,0.00,3.27,31.12.2018,12.38800,43527,33360957,20.02.2019
Vår Energi AS,EMBLA,0.09,0.09,0.01,0.00,0.20,31.12.2018,12.38800,43534,33360957,20.02.2019
Vår Energi AS,FENJA,4.91,1.52,0.26,0.00,6.91,31.12.2018,45.00000,31164879,33360957,20.02.2019
Vår Energi AS,GLITNE,0.00,0.00,0.00,0.00,0.00,31.12.2018,20.00000,1272071,33360957,20.02.2019
Vår Energi AS,GOLIAT,14.46,0.00,0.00,0.00,14.46,31.12.2018,65.00000,5774394,33360957,20.02.2019
Vår Energi AS,HEIDRUN,1.85,1.32,0.07,0.00,3.30,31.12.2018,5.17522,43771,33360957,20.02.2019
Vår Energi AS,HYME,0.23,0.10,0.04,0.00,0.39,31.12.2018,17.50000,20474183,33360957,20.02.2019
Vår Energi AS,JOHAN CASTBERG,26.67,0.00,0.00,0.00,26.67,31.12.2018,30.00000,32017325,33360957,20.02.2019
Vår Energi AS,JOTUN,0.00,0.00,0.00,0.00,0.00,31.12.2018,100.00000,43604,33360957,20.02.2019
Vår Energi AS,KRISTIN,0.14,0.29,0.06,0.00,0.55,31.12.2018,8.24780,1854729,33360957,20.02.2019
Vår Energi AS,MARULK,0.02,0.41,0.04,0.00,0.51,31.12.2018,20.00000,18212090,33360957,20.02.2019
Vår Energi AS,MIKKEL,0.26,1.50,0.38,0.00,2.48,31.12.2018,14.90000,1630514,33360957,20.02.2019
Vår Energi AS,MORVIN,0.35,0.27,0.07,0.00,0.76,31.12.2018,30.00000,4966234,33360957,20.02.2019
Vår Energi AS,NORNE,0.21,0.37,0.05,0.00,0.67,31.12.2018,6.90000,43778,33360957,20.02.2019
Vår Energi AS,RINGHORNE ØST,3.15,0.00,0.00,0.00,3.15,31.12.2018,77.38000,3505505,33360957,20.02.2019
Vår Energi AS,SKULD,0.19,0.00,0.00,0.00,0.19,31.12.2018,11.50000,21350124,33360957,20.02.2019
Vår Energi AS,SNORRE,1.02,0.00,0.00,0.00,1.02,31.12.2018,1.10740,43718,33360957,20.02.2019
Vår Energi AS,TOMMELITEN GAMMA,0.00,0.00,0.00,0.00,0.00,31.12.2018,9.13000,43444,33360957,20.02.2019
Vår Energi AS,TOR,0.00,0.00,0.00,0.00,0.00,31.12.2018,10.81656,43520,33360957,20.02.2019
Vår Energi AS,TRESTAKK,0.90,0.06,0.01,0.00,0.98,31.12.2018,7.90000,29396445,33360957,20.02.2019
Vår Energi AS,TYRIHANS,0.35,1.96,0.39,0.00,3.05,31.12.2018,6.23220,3960848,33360957,20.02.2019
Vår Energi AS,URD,0.23,0.00,0.00,0.00,0.23,31.12.2018,11.50000,2834734,33360957,20.02.2019
Vår Energi AS,VEST EKOFISK,0.00,0.00,0.00,0.00,0.00,31.12.2018,12.38800,43513,33360957,20.02.2019
Vår Energi AS,YTTERGRYTA,0.00,0.00,0.00,0.00,0.00,31.12.2018,9.80000,4973114,33360957,20.02.2019
Vår Energi AS,ÅSGARD,1.08,5.94,1.17,0.00,9.24,31.12.2018,14.82000,43765,33360957,20.02.2019
Wellesley Petroleum AS,FRIGG,0.00,0.00,0.00,0.00,0.00,31.12.2018,10.00000,43555,26464257,20.02.2019
Wellesley Petroleum AS,MIME,0.00,0.00,0.00,0.00,0.00,31.12.2018,20.00000,43792,26464257,20.02.2019
Wellesley Petroleum AS,NORDØST FRIGG,0.00,0.00,0.00,0.00,0.00,31.12.2018,10.00000,43568,26464257,20.02.2019
Wellesley Petroleum AS,ODIN,0.00,0.00,0.00,0.00,0.00,31.12.2018,10.00000,43610,26464257,20.02.2019
Wintershall Norge AS,BRAGE,1.26,0.26,0.08,0.00,1.68,31.12.2018,35.20000,43651,21666830,20.02.2019
Wintershall Norge AS,EDVARD GRIEG,3.77,0.35,0.10,0.00,4.32,31.12.2018,15.00000,21675433,21666830,20.02.2019
Wintershall Norge AS,GJØA,0.23,2.09,0.47,0.00,3.21,31.12.2018,20.00000,4467574,21666830,20.02.2019
Wintershall Norge AS,IVAR AASEN,1.19,0.19,0.03,0.00,1.44,31.12.2018,6.46150,23384520,21666830,20.02.2019
Wintershall Norge AS,KNARR,0.35,0.00,0.01,0.00,0.37,31.12.2018,20.00000,20460988,21666830,20.02.2019
Wintershall Norge AS,MARIA,3.42,0.28,0.17,0.00,4.01,31.12.2018,50.00000,26465170,21666830,20.02.2019
Wintershall Norge AS,NOVA,3.20,0.75,0.23,0.00,4.38,31.12.2018,35.00000,33197696,21666830,20.02.2019
Wintershall Norge AS,VEGA,1.47,6.23,2.21,0.00,11.90,31.12.2018,56.25000,4467595,21666830,20.02.2019
Wintershall Norge AS,VESLEFRIKK,0.06,0.04,0.01,0.00,0.12,31.12.2018,4.50000,43618,21666830,20.02.2019
Wintershall Norge AS,AASTA HANSTEEN,0.00,13.05,0.00,0.15,13.19,31.12.2018,24.00000,23395946,21666830,20.02.2019

